,Year,Actress,Role(s),Film,Ref.,FilmLink,Won,Record,Actor,Age
0,1927/28 (1st),Janet Gaynor ‡,Diane,7th Heaven,[7],/wiki/7th_Heaven_(1927_film),True,,,
1,1927/28 (1st),Janet Gaynor ‡,Angela,Street Angel,[7],/wiki/Street_Angel_(1928_film),True,,,
2,1927/28 (1st),Janet Gaynor ‡,The Wife,Sunrise: A Song of Two Humans,[7],/wiki/Sunrise:_A_Song_of_Two_Humans,True,,,
3,1927/28 (1st),Louise Dresser,Mrs. Pleznik,A Ship Comes In,[7],/wiki/A_Ship_Comes_In,False,,,
4,1927/28 (1st),Gloria Swanson,Sadie Thompson,Sadie Thompson,[7],/wiki/Sadie_Thompson_(film),False,,,
5,1928/29 (2nd) [note 1],Mary Pickford ‡,Norma Besant,Coquette,[8],/wiki/Coquette_(film),True,,,
6,1928/29 (2nd) [note 1],Ruth Chatterton,Jacqueline Floriot,Madame X,[8],/wiki/Madame_X_(1929_film),False,,,
7,1928/29 (2nd) [note 1],Betty Compson,Carrie,The Barker,[8],/wiki/The_Barker,False,,,
8,1928/29 (2nd) [note 1],Jeanne Eagels †,Leslie Crosbie,The Letter,[8],/wiki/The_Letter_(1929_film),False,,,
9,1928/29 (2nd) [note 1],Corinne Griffith,Emma Hamilton,The Divine Lady,[8],/wiki/The_Divine_Lady,False,,,
10,1928/29 (2nd) [note 1],Bessie Love,Hank Mahoney,The Broadway Melody,[8],/wiki/The_Broadway_Melody,False,,,
11,1929/30 (3rd),Norma Shearer ‡[A],Jerry Bernard Martin,The Divorcee,[9],/wiki/The_Divorcee,True,,,
12,1929/30 (3rd),Nancy Carroll,Hallie Hobart,The Devil's Holiday,[9],/wiki/The_Devil%27s_Holiday,False,,,
13,1929/30 (3rd),Ruth Chatterton,Sarah Storm,Sarah and Son,[9],/wiki/Sarah_and_Son,False,,,
14,1929/30 (3rd),Greta Garbo[A],Anna Christie,Anna Christie,[9],/wiki/Anna_Christie_(1930_English-language_film),False,,,
15,1929/30 (3rd),Greta Garbo[A],Madame Rita Cavallini,Romance,[9],/wiki/Romance_(1930_film),False,,,
16,1929/30 (3rd),Norma Shearer,Lucia Marlett,Their Own Desire,[9],/wiki/Their_Own_Desire,False,,,
17,1929/30 (3rd),Gloria Swanson,Marion Donnell,The Trespasser,[9],/wiki/The_Trespasser_(1929_film),False,,,
18,1930/31 (4th),Marie Dressler ‡,Min Divot,Min and Bill,[10],/wiki/Min_and_Bill,True,,,
19,1930/31 (4th),Marlene Dietrich,Mademoiselle Amy Jolly,Morocco,[10],/wiki/Morocco_(film),False,,,
20,1930/31 (4th),Irene Dunne,Sabra Cravat,Cimarron,[10],/wiki/Cimarron_(1931_film),False,,,
21,1930/31 (4th),Ann Harding,Linda Seton,Holiday,[10],/wiki/Holiday_(1930_film),False,,,
22,1930/31 (4th),Norma Shearer,Jan Ashe,A Free Soul,[10],/wiki/A_Free_Soul,False,,,
23,1931/32 (5th),Helen Hayes ‡,Madelon Claudet,The Sin of Madelon Claudet,[11],/wiki/The_Sin_of_Madelon_Claudet,True,,,
24,1931/32 (5th),Marie Dressler,Emma Thatcher Smith,Emma,[11],/wiki/Emma_(1932_film),False,,,
25,1931/32 (5th),Lynn Fontanne,The Actress,The Guardsman,[11],/wiki/The_Guardsman,False,,,
26,1932/33 (6th),Katharine Hepburn ‡,Eva Lovelace,Morning Glory,[12],/wiki/Morning_Glory_(1933_film),True,,,
27,1932/33 (6th),May Robson,Apple Annie,Lady for a Day,[12],/wiki/Lady_for_a_Day,False,,,
28,1932/33 (6th),Diana Wynyard,Jane Marryot,Cavalcade,[12],/wiki/Cavalcade_(1933_film),False,,,
29,1934 (7th),Claudette Colbert ‡,Ellie Andrews,It Happened One Night,[13],/wiki/It_Happened_One_Night,True,,,
30,1934 (7th),Grace Moore,Mary Barrett,One Night of Love,[13],/wiki/One_Night_of_Love,False,,,
31,1934 (7th),Norma Shearer,Elizabeth Barrett,The Barretts of Wimpole Street,[13],/wiki/The_Barretts_of_Wimpole_Street_(1934_film),False,,,
32,1934 (7th),Bette Davis (Write-in)[B],Mildred Rogers,Of Human Bondage,[13],/wiki/Of_Human_Bondage_(1934_film),False,,,
33,1935 (8th),Bette Davis ‡,Joyce Heath,Dangerous,[14],/wiki/Dangerous_(1935_film),True,,,
34,1935 (8th),Elisabeth Bergner,Gemma Jones,Escape Me Never,[14],/wiki/Escape_Me_Never_(1935_film),False,,,
35,1935 (8th),Claudette Colbert,Jane Everest,Private Worlds,[14],/wiki/Private_Worlds,False,,,
36,1935 (8th),Katharine Hepburn,Alice Adams,Alice Adams,[14],/wiki/Alice_Adams_(1935_film),False,,,
37,1935 (8th),Miriam Hopkins,Becky Sharp,Becky Sharp,[14],/wiki/Becky_Sharp_(character),False,,,
38,1935 (8th),Merle Oberon,Kitty Vane,The Dark Angel,[14],/wiki/The_Dark_Angel_(1935_film),False,,,
39,1936 (9th),Luise Rainer ‡,Anna Held,The Great Ziegfeld,[15],/wiki/The_Great_Ziegfeld,True,,,
40,1936 (9th),Irene Dunne,Theodora Lynn / Caroline Adams,Theodora Goes Wild,[15],/wiki/Theodora_Goes_Wild,False,,,
41,1936 (9th),Gladys George,Carrie Snyder,Valiant Is the Word for Carrie,[15],/wiki/Valiant_Is_the_Word_for_Carrie,False,,,
42,1936 (9th),Carole Lombard,Irene Bullock,My Man Godfrey,[15],/wiki/My_Man_Godfrey,False,,,
43,1936 (9th),Norma Shearer,Juliet Capulet,Romeo and Juliet,[15],/wiki/Romeo_and_Juliet_(1936_film),False,,,
44,1937 (10th),Luise Rainer ‡,O-Lan,The Good Earth,[16],/wiki/The_Good_Earth_(film),True,,,
45,1937 (10th),Irene Dunne,Lucy Warriner,The Awful Truth,[16],/wiki/The_Awful_Truth,False,,,
46,1937 (10th),Greta Garbo,Marguerite Gautier,Camille,[16],/wiki/Camille_(1936_film),False,,,
47,1937 (10th),Janet Gaynor,Esther Victoria Blodgett / Vicki Lester,A Star Is Born,[16],/wiki/A_Star_Is_Born_(1937_film),False,,,
48,1937 (10th),Barbara Stanwyck,Stella Martin Dallas,Stella Dallas,[16],/wiki/Stella_Dallas_(1937_film),False,,,
49,1938 (11th),Bette Davis ‡,Julie Marsden,Jezebel,[17],/wiki/Jezebel_(1938_film),True,,,
50,1938 (11th),Fay Bainter,Hannah Parmalee,White Banners,[17],/wiki/White_Banners,False,,,
51,1938 (11th),Wendy Hiller,Eliza Doolittle,Pygmalion,[17],/wiki/Pygmalion_(1938_film),False,,,
52,1938 (11th),Norma Shearer,Marie Antoinette,Marie Antoinette,[17],/wiki/Marie_Antoinette,False,,,
53,1938 (11th),Margaret Sullavan,"Patricia ""Pat"" Hollmann",Three Comrades,[17],/wiki/Three_Comrades_(1938_film),False,,,
54,1939 (12th),Vivien Leigh ‡,Scarlett O'Hara,Gone with the Wind,[18],/wiki/Gone_with_the_Wind_(film),True,,,
55,1939 (12th),Bette Davis,Judith Traherne,Dark Victory,[18],/wiki/Dark_Victory,False,,,
56,1939 (12th),Irene Dunne,Terry McKay,Love Affair,[18],/wiki/Love_Affair_(1939_film),False,,,
57,1939 (12th),Greta Garbo,"Nina Yakushova ""Ninotchka"" Ivanoff",Ninotchka,[18],/wiki/Ninotchka,False,,,
58,1939 (12th),Greer Garson,Katherine Bridges,"Goodbye, Mr. Chips",[18],"/wiki/Goodbye,_Mr._Chips_(1939_film)",False,,,
59,1940 (13th),Ginger Rogers ‡,Kitty Foyle,Kitty Foyle,[19],/wiki/Kitty_Foyle_(film),True,,,
60,1940 (13th),Bette Davis,Leslie Crosbie,The Letter,[19],/wiki/The_Letter_(1940_film),False,,,
61,1940 (13th),Joan Fontaine,The Second Mrs. de Winter,Rebecca,[19],/wiki/Rebecca_(1940_film),False,,,
62,1940 (13th),Katharine Hepburn,Tracy Lord,The Philadelphia Story,[19],/wiki/The_Philadelphia_Story_(film),False,,,
63,1940 (13th),Martha Scott,Emily Webb,Our Town,[19],/wiki/Our_Town_(1940_film),False,,,
64,1941 (14th),Joan Fontaine ‡,Lina McLaidlaw Aysgarth,Suspicion,[20],/wiki/Suspicion_(1941_film),True,,,
65,1941 (14th),Bette Davis,Regina Giddens,The Little Foxes,[20],/wiki/The_Little_Foxes_(film),False,,,
66,1941 (14th),Olivia de Havilland,Emmy Brown,Hold Back the Dawn,[20],/wiki/Hold_Back_the_Dawn,False,,,
67,1941 (14th),Greer Garson,Edna Gladney,Blossoms in the Dust,[20],/wiki/Blossoms_in_the_Dust,False,,,
68,1941 (14th),Barbara Stanwyck,"Katherine ""Sugarpuss"" O'Shea",Ball of Fire,[20],/wiki/Ball_of_Fire,False,,,
69,1942 (15th),Greer Garson ‡,Kay Miniver,Mrs. Miniver,[21],/wiki/Mrs._Miniver,True,,,
70,1942 (15th),Bette Davis,Charlotte Vale,"Now, Voyager",[21],"/wiki/Now,_Voyager",False,,,
71,1942 (15th),Katharine Hepburn,Tess Harding,Woman of the Year,[21],/wiki/Woman_of_the_Year,False,,,
72,1942 (15th),Rosalind Russell,Ruth Sherwood,My Sister Eileen,[21],/wiki/My_Sister_Eileen_(1942_film),False,,,
73,1942 (15th),Teresa Wright,Eleanor Twitchell Gehrig,The Pride of the Yankees,[21],/wiki/The_Pride_of_the_Yankees,False,,,
74,1943 (16th),Jennifer Jones ‡,Bernadette Soubirous,The Song of Bernadette,[22],/wiki/The_Song_of_Bernadette_(film),True,,,
75,1943 (16th),Jean Arthur,"Constance ""Connie"" Milligan",The More the Merrier,[22],/wiki/The_More_the_Merrier,False,,,
76,1943 (16th),Ingrid Bergman,María,For Whom the Bell Tolls,[22],/wiki/For_Whom_the_Bell_Tolls_(film),False,,,
77,1943 (16th),Joan Fontaine,Tessa Sanger,The Constant Nymph,[22],/wiki/The_Constant_Nymph_(1943_film),False,,,
78,1943 (16th),Greer Garson,Marie Curie,Madame Curie,[22],/wiki/Madame_Curie_(film),False,,,
79,1944 (17th),Ingrid Bergman ‡,Paula Alquist Anton,Gaslight,[23],/wiki/Gaslight_(1944_film),True,,,
80,1944 (17th),Claudette Colbert,Anne Hilton,Since You Went Away,[23],/wiki/Since_You_Went_Away,False,,,
81,1944 (17th),Bette Davis,Fanny Trellis,Mr. Skeffington,[23],/wiki/Mr._Skeffington,False,,,
82,1944 (17th),Greer Garson,"Susie ""Sparrow"" Parkington",Mrs. Parkington,[23],/wiki/Mrs._Parkington,False,,,
83,1944 (17th),Barbara Stanwyck,Phyllis Dietrichson,Double Indemnity,[23],/wiki/Double_Indemnity,False,,,
84,1945 (18th),Joan Crawford ‡,Mildred Pierce Beragon,Mildred Pierce,[24],/wiki/Mildred_Pierce_(film),True,,,
85,1945 (18th),Ingrid Bergman,Mary Benedict,The Bells of St. Mary's,[24],/wiki/The_Bells_of_St._Mary%27s,False,,,
86,1945 (18th),Greer Garson,Mary Rafferty,The Valley of Decision,[24],/wiki/The_Valley_of_Decision,False,,,
87,1945 (18th),Jennifer Jones,Singleton / Victoria Morland,Love Letters,[24],/wiki/Love_Letters_(1945_film),False,,,
88,1945 (18th),Gene Tierney,Ellen Berent Harland,Leave Her to Heaven,[24],/wiki/Leave_Her_to_Heaven,False,,,
89,1946 (19th),Olivia de Havilland ‡,"Josephine ""Jody"" Norris",To Each His Own,[25],/wiki/To_Each_His_Own_(1946_film),True,,,
90,1946 (19th),Celia Johnson,Laura Jesson,Brief Encounter,[25],/wiki/Brief_Encounter,False,,,
91,1946 (19th),Jennifer Jones,Pearl Chavez,Duel in the Sun,[25],/wiki/Duel_in_the_Sun_(film),False,,,
92,1946 (19th),Rosalind Russell,Elizabeth Kenny,Sister Kenny,[25],/wiki/Sister_Kenny,False,,,
93,1946 (19th),Jane Wyman,Orry Baxter,The Yearling,[25],/wiki/The_Yearling_(1946_film),False,,,
94,1947 (20th),Loretta Young ‡,Katie Holstrom,The Farmer's Daughter,[26],/wiki/The_Farmer%27s_Daughter_(1947_film),True,,,
95,1947 (20th),Joan Crawford,Louise Howell,Possessed,[26],/wiki/Possessed_(1947_film),False,,,
96,1947 (20th),Susan Hayward,Angelica Evans Conway,"Smash-Up, the Story of a Woman",[26],"/wiki/Smash-Up,_the_Story_of_a_Woman",False,,,
97,1947 (20th),Dorothy McGuire,Kathy Lacy,Gentleman's Agreement,[26],/wiki/Gentleman%27s_Agreement,False,,,
98,1947 (20th),Rosalind Russell,Lavinia Mannon,Mourning Becomes Electra,[26],/wiki/Mourning_Becomes_Electra_(film),False,,,
99,1948 (21st),Jane Wyman ‡,Belinda McDonald,Johnny Belinda,[27],/wiki/Johnny_Belinda_(1948_film),True,,,
100,1948 (21st),Ingrid Bergman,Joan of Arc,Joan of Arc,[27],/wiki/Joan_of_Arc,False,,,
101,1948 (21st),Olivia de Havilland,Virginia Stuart Cunningham,The Snake Pit,[27],/wiki/The_Snake_Pit,False,,,
102,1948 (21st),Irene Dunne,Martha Hanson,I Remember Mama,[27],/wiki/I_Remember_Mama_(film),False,,,
103,1948 (21st),Barbara Stanwyck,Leona Stevenson,"Sorry, Wrong Number",[27],"/wiki/Sorry,_Wrong_Number",False,,,
104,1949 (22nd),Olivia de Havilland ‡,Catherine Sloper,The Heiress,[28],/wiki/The_Heiress,True,,,
105,1949 (22nd),Jeanne Crain,"Patricia ""Pinky"" Johnson",Pinky,[28],/wiki/Pinky_(film),False,,,
106,1949 (22nd),Susan Hayward,Eloise Winters,My Foolish Heart,[28],/wiki/My_Foolish_Heart_(1949_film),False,,,
107,1949 (22nd),Deborah Kerr,Evelyn Boult,"Edward, My Son",[28],"/wiki/Edward,_My_Son",False,,,
108,1949 (22nd),Loretta Young,Margaret,Come to the Stable,[28],/wiki/Come_to_the_Stable,False,,,
109,1950 (23rd),Judy Holliday ‡,"Emma ""Billie"" Dawn",Born Yesterday,[29],/wiki/Born_Yesterday_(1950_film),True,,,
110,1950 (23rd),Anne Baxter,Eve Harrington,All About Eve,[29],/wiki/All_About_Eve,False,,,
111,1950 (23rd),Bette Davis,Margo Channing,All About Eve,[29],/wiki/All_About_Eve,False,,,
112,1950 (23rd),Eleanor Parker,Marie Allen,Caged,[29],/wiki/Caged_(1950_film),False,,,
113,1950 (23rd),Gloria Swanson,Norma Desmond,Sunset Boulevard,[29],/wiki/Sunset_Boulevard_(film),False,,,
114,1951 (24th),Vivien Leigh ‡,Blanche DuBois,A Streetcar Named Desire,[30],/wiki/A_Streetcar_Named_Desire_(1951_film),True,,,
115,1951 (24th),Katharine Hepburn,Rose Sayer,The African Queen,[30],/wiki/The_African_Queen_(film),False,,,
116,1951 (24th),Eleanor Parker,Mary McLeod,Detective Story,[30],/wiki/Detective_Story_(1951_film),False,,,
117,1951 (24th),Shelley Winters,Alice Tripp,A Place in the Sun,[30],/wiki/A_Place_in_the_Sun_(1951_film),False,,,
118,1951 (24th),Jane Wyman,Louise Mason,The Blue Veil,[30],/wiki/The_Blue_Veil_(1951_film),False,,,
119,1952 (25th),Shirley Booth ‡,Lola Delaney,"Come Back, Little Sheba",[31],"/wiki/Come_Back,_Little_Sheba_(1952_film)",True,,,
120,1952 (25th),Joan Crawford,Myra Hudson,Sudden Fear,[31],/wiki/Sudden_Fear,False,,,
121,1952 (25th),Bette Davis,Margaret Elliot,The Star,[31],/wiki/The_Star_(1952_film),False,,,
122,1952 (25th),Julie Harris,"Frances ""Frankie"" Addams",The Member of the Wedding,[31],/wiki/The_Member_of_the_Wedding_(film),False,,,
123,1952 (25th),Susan Hayward,Jane Froman,With a Song in My Heart,[31],/wiki/With_a_Song_in_My_Heart_(film),False,,,
124,1953 (26th),Audrey Hepburn ‡,Princess Ann,Roman Holiday,[32],/wiki/Roman_Holiday,True,,,
125,1953 (26th),Leslie Caron,Lili Daurier,Lili,[32],/wiki/Lili_(1953_film),False,,,
126,1953 (26th),Ava Gardner,"Eloise ""Honey Bear"" Kelly",Mogambo,[32],/wiki/Mogambo,False,,,
127,1953 (26th),Deborah Kerr,Karen Holmes,From Here to Eternity,[32],/wiki/From_Here_to_Eternity,False,,,
128,1953 (26th),Maggie McNamara,Patty O'Neill,The Moon Is Blue,[32],/wiki/The_Moon_Is_Blue_(film),False,,,
129,1954 (27th),Grace Kelly ‡,Georgie Elgin,The Country Girl,[33],/wiki/The_Country_Girl_(1954_film),True,,,
130,1954 (27th),Dorothy Dandridge,Carmen Jones,Carmen Jones,[33],/wiki/Carmen_Jones_(film),False,,,
131,1954 (27th),Judy Garland,Esther Victoria Blodgett / Vicki Lester,A Star Is Born,[33],/wiki/A_Star_Is_Born_(1954_film),False,,,
132,1954 (27th),Audrey Hepburn,Sabrina Fairchild,Sabrina,[33],/wiki/Sabrina_(1954_film),False,,,
133,1954 (27th),Jane Wyman,Helen Phillips,Magnificent Obsession,[33],/wiki/Magnificent_Obsession_(1954_film),False,,,
134,1955 (28th),Anna Magnani ‡,Serafina Delle Rose,The Rose Tattoo,[34],/wiki/The_Rose_Tattoo_(film),True,,,
135,1955 (28th),Susan Hayward,Lillian Roth,I'll Cry Tomorrow,[34],/wiki/I%27ll_Cry_Tomorrow,False,,,
136,1955 (28th),Katharine Hepburn,Jane Hudson,Summertime,[34],/wiki/Summertime_(1955_film),False,,,
137,1955 (28th),Jennifer Jones,Han Suyin,Love is a Many-Splendored Thing,[34],/wiki/Love_Is_a_Many-Splendored_Thing_(film),False,,,
138,1955 (28th),Eleanor Parker,Marjorie Lawrence,Interrupted Melody,[34],/wiki/Interrupted_Melody,False,,,
139,1956 (29th),Ingrid Bergman ‡,Anna Koreff / Anastasia,Anastasia,[35],/wiki/Grand_Duchess_Anastasia_Nikolaevna_of_Russia,True,,,
140,1956 (29th),Carroll Baker,Baby Doll Meighan,Baby Doll,[35],/wiki/Baby_Doll,False,,,
141,1956 (29th),Katharine Hepburn,Lizzie Curry,The Rainmaker,[35],/wiki/The_Rainmaker_(1956_film),False,,,
142,1956 (29th),Nancy Kelly,Christine Penmark,The Bad Seed,[35],/wiki/The_Bad_Seed_(1956_film),False,,,
143,1956 (29th),Deborah Kerr,Anna Leonowens,The King and I,[35],/wiki/The_King_and_I_(1956_film),False,,,
144,1957 (30th),Joanne Woodward ‡,Eve White / Eve Black / Jane,The Three Faces of Eve,[36],/wiki/The_Three_Faces_of_Eve,True,,,
145,1957 (30th),Deborah Kerr,Angela,"Heaven Knows, Mr. Allison",[36],"/wiki/Heaven_Knows,_Mr._Allison",False,,,
146,1957 (30th),Anna Magnani,Gioia,Wild Is the Wind,[36],/wiki/Wild_Is_the_Wind,False,,,
147,1957 (30th),Elizabeth Taylor,Susanna Drake,Raintree County,[36],/wiki/Raintree_County_(film),False,,,
148,1957 (30th),Lana Turner,Constance MacKenzie,Peyton Place,[36],/wiki/Peyton_Place_(film),False,,,
149,1958 (31st),Susan Hayward ‡,Barbara Graham,I Want to Live!,[37],/wiki/I_Want_to_Live!,True,,,
150,1958 (31st),Deborah Kerr,Sibyl Railton-Bell,Separate Tables,[37],/wiki/Separate_Tables_(film),False,,,
151,1958 (31st),Shirley MacLaine,Ginnie Moorehead,Some Came Running,[37],/wiki/Some_Came_Running_(film),False,,,
152,1958 (31st),Rosalind Russell,Mame Dennis,Auntie Mame,[37],/wiki/Auntie_Mame_(film),False,,,
153,1958 (31st),Elizabeth Taylor,"Margaret ""Maggie the Cat"" Pollitt",Cat on a Hot Tin Roof,[37],/wiki/Cat_on_a_Hot_Tin_Roof_(1958_film),False,,,
154,1959 (32nd),Simone Signoret ‡,Alice Aisgill,Room at the Top,[38],/wiki/Room_at_the_Top_(1959_film),True,,,
155,1959 (32nd),Doris Day,Jan Morrow,Pillow Talk,[38],/wiki/Pillow_Talk,False,,,
156,1959 (32nd),Audrey Hepburn,Gabrielle van der Mal,The Nun's Story,[38],/wiki/The_Nun%27s_Story_(film),False,,,
157,1959 (32nd),Katharine Hepburn,Violet Venable,"Suddenly, Last Summer",[38],"/wiki/Suddenly,_Last_Summer_(film)",False,,,
158,1959 (32nd),Elizabeth Taylor,Catherine Holly,"Suddenly, Last Summer",[38],"/wiki/Suddenly,_Last_Summer_(film)",False,,,
159,1960 (33rd),Elizabeth Taylor ‡,Gloria Wandrous,BUtterfield 8,[39],/wiki/BUtterfield_8,True,,,
160,1960 (33rd),Greer Garson,Eleanor Roosevelt,Sunrise at Campobello,[39],/wiki/Sunrise_at_Campobello,False,,,
161,1960 (33rd),Deborah Kerr,Ida Carmody,The Sundowners,[39],/wiki/The_Sundowners_(1960_film),False,,,
162,1960 (33rd),Shirley MacLaine,Fran Kubelik,The Apartment,[39],/wiki/The_Apartment,False,,,
163,1960 (33rd),Melina Mercouri,Ilya,Never on Sunday,[39],/wiki/Never_on_Sunday,False,,,
164,1961 (34th),Sophia Loren ‡,Cesira,Two Women[40],[41],,False,,,
165,1961 (34th),Audrey Hepburn,Holly Golightly / Lula Mae Barnes,Breakfast at Tiffany's,[41],/wiki/Breakfast_at_Tiffany%27s_(film),False,,,
166,1961 (34th),Piper Laurie,Sarah Packard,The Hustler,[41],/wiki/The_Hustler,False,,,
167,1961 (34th),Geraldine Page,Alma Winemiller,Summer and Smoke,[41],/wiki/Summer_and_Smoke_(film),False,,,
168,1961 (34th),Natalie Wood,"Wilma Dean ""Deanie"" Loomis",Splendor in the Grass,[41],/wiki/Splendor_in_the_Grass,False,,,
169,1962 (35th),Anne Bancroft ‡,Annie Sullivan,The Miracle Worker,[42],/wiki/The_Miracle_Worker_(1962_film),True,,,
170,1962 (35th),Bette Davis,Baby Jane Hudson,What Ever Happened to Baby Jane?,[42],/wiki/What_Ever_Happened_to_Baby_Jane%3F_(film),False,,,
171,1962 (35th),Katharine Hepburn,Mary Cavan Tyrone,Long Day's Journey into Night,[42],/wiki/Long_Day%27s_Journey_into_Night_(1962_film),False,,,
172,1962 (35th),Geraldine Page,Alexandra Del Lago,Sweet Bird of Youth,[42],/wiki/Sweet_Bird_of_Youth_(1962_film),False,,,
173,1962 (35th),Lee Remick,Kirsten Arnesen Clay,Days of Wine and Roses,[42],/wiki/Days_of_Wine_and_Roses_(film),False,,,
174,1963 (36th),Patricia Neal ‡,Alma Brown,Hud,[43],/wiki/Hud_(1963_film),True,,,
175,1963 (36th),Leslie Caron,Jane Fossett,The L-Shaped Room,[43],/wiki/The_L-Shaped_Room,False,,,
176,1963 (36th),Shirley MacLaine,Irma La Douce,Irma la Douce,[43],/wiki/Irma_la_Douce,False,,,
177,1963 (36th),Rachel Roberts,Margaret Hammond,This Sporting Life,[43],/wiki/This_Sporting_Life,False,,,
178,1963 (36th),Natalie Wood,Angie Rossini,Love with the Proper Stranger,[43],/wiki/Love_with_the_Proper_Stranger,False,,,
179,1964 (37th),Julie Andrews ‡,Mary Poppins,Mary Poppins,[44],/wiki/Mary_Poppins_(character),True,,,
180,1964 (37th),Anne Bancroft,Jo Armitage,The Pumpkin Eater,[44],/wiki/The_Pumpkin_Eater,False,,,
181,1964 (37th),Sophia Loren,Filumena Marturano,Marriage Italian Style,[44],/wiki/Marriage_Italian_Style,False,,,
182,1964 (37th),Debbie Reynolds,Molly Brown,The Unsinkable Molly Brown,[44],/wiki/The_Unsinkable_Molly_Brown_(film),False,,,
183,1964 (37th),Kim Stanley,Myra Savage,Séance on a Wet Afternoon,[44],/wiki/S%C3%A9ance_on_a_Wet_Afternoon,False,,,
184,1965 (38th),Julie Christie ‡,Diana Scott,Darling,[45],/wiki/Darling_(1965_film),True,,,
185,1965 (38th),Julie Andrews,Maria von Trapp,The Sound of Music,[45],/wiki/The_Sound_of_Music_(film),False,,,
186,1965 (38th),Samantha Eggar,Miranda Grey,The Collector,[45],/wiki/The_Collector_(1965_film),False,,,
187,1965 (38th),Elizabeth Hartman,Selina D'Arcy,A Patch of Blue,[45],/wiki/A_Patch_of_Blue,False,,,
188,1965 (38th),Simone Signoret,La Contessa,Ship of Fools,[45],/wiki/Ship_of_Fools_(film),False,,,
189,1966 (39th),Elizabeth Taylor ‡,Martha,Who's Afraid of Virginia Woolf?,[46],/wiki/Who%27s_Afraid_of_Virginia_Woolf%3F_(film),True,,,
190,1966 (39th),Anouk Aimée,Anne Gauthier,A Man and a Woman,[46],/wiki/A_Man_and_a_Woman,False,,,
191,1966 (39th),Ida Kamińska,Rozalie Lautmann,The Shop on Main Street,[46],/wiki/The_Shop_on_Main_Street,False,,,
192,1966 (39th),Lynn Redgrave,"Georgina ""Georgy"" Parkin",Georgy Girl,[46],/wiki/Georgy_Girl,False,,,
193,1966 (39th),Vanessa Redgrave,Leonie Delt,Morgan!,[46],/wiki/Morgan_%E2%80%93_A_Suitable_Case_for_Treatment,False,,,
194,1967 (40th),Katharine Hepburn ‡,Christina Drayton,Guess Who's Coming to Dinner,[47],/wiki/Guess_Who%27s_Coming_to_Dinner,True,,,
195,1967 (40th),Anne Bancroft,Mrs. Robinson,The Graduate,[47],/wiki/The_Graduate,False,,,
196,1967 (40th),Faye Dunaway,Bonnie Parker,Bonnie and Clyde,[47],/wiki/Bonnie_and_Clyde_(film),False,,,
197,1967 (40th),Edith Evans,Maggie Ross,The Whisperers,[47],/wiki/The_Whisperers,False,,,
198,1967 (40th),Audrey Hepburn,Susy Hendrix,Wait Until Dark,[47],/wiki/Wait_Until_Dark_(film),False,,,
199,1968 (41st),Katharine Hepburn ‡ (TIE) [C],Eleanor of Aquitaine,The Lion in Winter,[48],/wiki/The_Lion_in_Winter_(1968_film),True,,,
200,1968 (41st),Barbra Streisand ‡ (TIE) [C],Fanny Brice,Funny Girl,[48],/wiki/Funny_Girl_(film),True,,,
201,1968 (41st),Patricia Neal,Nettie Cleary,The Subject Was Roses,[48],/wiki/The_Subject_Was_Roses_(film),False,,,
202,1968 (41st),Vanessa Redgrave,Isadora Duncan,Isadora,[48],/wiki/Isadora_(film),False,,,
203,1968 (41st),Joanne Woodward,Rachel Cameron,"Rachel, Rachel",[48],"/wiki/Rachel,_Rachel",False,,,
204,1969 (42nd),Maggie Smith ‡,Jean Brodie,The Prime of Miss Jean Brodie,[49],/wiki/The_Prime_of_Miss_Jean_Brodie_(film),True,,,
205,1969 (42nd),Geneviève Bujold,Anne Boleyn,Anne of the Thousand Days,[49],/wiki/Anne_of_the_Thousand_Days,False,,,
206,1969 (42nd),Jane Fonda,Gloria Beatty,"They Shoot Horses, Don't They?",[49],"/wiki/They_Shoot_Horses,_Don%27t_They%3F_(film)",False,,,
207,1969 (42nd),Liza Minnelli,"Mary Ann ""Pookie"" Adams",The Sterile Cuckoo,[49],/wiki/The_Sterile_Cuckoo,False,,,
208,1969 (42nd),Jean Simmons,Mary Wilson,The Happy Ending,[49],/wiki/The_Happy_Ending,False,,,
209,1970 (43rd),Glenda Jackson ‡,Gudrun Brangwen,Women in Love,[50],/wiki/Women_in_Love_(film),True,,,
210,1970 (43rd),Jane Alexander,Eleanor Backman,The Great White Hope,[50],/wiki/The_Great_White_Hope_(film),False,,,
211,1970 (43rd),Ali MacGraw,Jennifer Cavalleri-Barrett,Love Story,[50],/wiki/Love_Story_(1970_film),False,,,
212,1970 (43rd),Sarah Miles,Rosy Ryan,Ryan's Daughter,[50],/wiki/Ryan%27s_Daughter,False,,,
213,1970 (43rd),Carrie Snodgress,"Bettina ""Tina"" Balser",Diary of a Mad Housewife,[50],/wiki/Diary_of_a_Mad_Housewife,False,,,
214,1971 (44th),Jane Fonda ‡,Bree Daniels,Klute,[51],/wiki/Klute,True,,,
215,1971 (44th),Julie Christie,Constance Miller,McCabe & Mrs. Miller,[51],/wiki/McCabe_%26_Mrs._Miller,False,,,
216,1971 (44th),Glenda Jackson,Alex Greville,Sunday Bloody Sunday,[51],/wiki/Sunday_Bloody_Sunday_(film),False,,,
217,1971 (44th),Vanessa Redgrave,"Mary, Queen of Scots","Mary, Queen of Scots",[51],"/wiki/Mary,_Queen_of_Scots",False,,,
218,1971 (44th),Janet Suzman,Empress Alexandra of Russia,Nicholas and Alexandra,[51],/wiki/Nicholas_and_Alexandra,False,,,
219,1972 (45th),Liza Minnelli ‡,Sally Bowles,Cabaret,[52],/wiki/Cabaret_(1972_film),True,,,
220,1972 (45th),Diana Ross,Billie Holiday,Lady Sings the Blues,[52],/wiki/Lady_Sings_the_Blues_(film),False,,,
221,1972 (45th),Maggie Smith,Augusta Bertram,Travels with My Aunt,[52],/wiki/Travels_with_My_Aunt_(film),False,,,
222,1972 (45th),Cicely Tyson,Rebecca Morgan,Sounder,[52],/wiki/Sounder_(film),False,,,
223,1972 (45th),Liv Ullmann,Kristina Nilsson,The Emigrants,[52],/wiki/The_Emigrants_(film),False,,,
224,1973 (46th),Glenda Jackson ‡,Vickie Allessio,A Touch of Class,[53],/wiki/A_Touch_of_Class_(film),True,,,
225,1973 (46th),Ellen Burstyn,Chris MacNeil,The Exorcist,[53],/wiki/The_Exorcist,False,,,
226,1973 (46th),Marsha Mason,Maggie Paul,Cinderella Liberty,[53],/wiki/Cinderella_Liberty,False,,,
227,1973 (46th),Barbra Streisand,Katie Morosky,The Way We Were,[53],/wiki/The_Way_We_Were,False,,,
228,1973 (46th),Joanne Woodward,Rita Walden,"Summer Wishes, Winter Dreams",[53],"/wiki/Summer_Wishes,_Winter_Dreams",False,,,
229,1974 (47th),Ellen Burstyn ‡,Alice Hyatt,Alice Doesn't Live Here Anymore,[54],/wiki/Alice_Doesn%27t_Live_Here_Anymore,True,,,
230,1974 (47th),Diahann Carroll,Claudine Price,Claudine,[54],/wiki/Claudine_(film),False,,,
231,1974 (47th),Faye Dunaway,Evelyn Cross Mulwray,Chinatown,[54],/wiki/Chinatown_(1974_film),False,,,
232,1974 (47th),Valerie Perrine,Harriett Jolliff / Honey Bruce,Lenny,[54],/wiki/Lenny_(film),False,,,
233,1974 (47th),Gena Rowlands,Mabel Longhetti,A Woman Under the Influence,[54],/wiki/A_Woman_Under_the_Influence,False,,,
234,1975 (48th),Louise Fletcher ‡,Nurse Mildred Ratched,One Flew Over the Cuckoo's Nest,[55],/wiki/One_Flew_Over_the_Cuckoo%27s_Nest_(film),True,,,
235,1975 (48th),Isabelle Adjani,Adèle Hugo / Adèle Lewly,The Story of Adele H.,[55],/wiki/The_Story_of_Adele_H.,False,,,
236,1975 (48th),Ann-Margret,Nora Walker,Tommy,[55],/wiki/Tommy_(1975_film),False,,,
237,1975 (48th),Glenda Jackson,Hedda Gabler,Hedda,[55],/wiki/Hedda_(1975_film),False,,,
238,1975 (48th),Carol Kane,Gitl,Hester Street,[55],/wiki/Hester_Street_(film),False,,,
239,1976 (49th),Faye Dunaway ‡,Diana Christensen,Network,[56],/wiki/Network_(1976_film),True,,,
240,1976 (49th),Marie-Christine Barrault,Marthe,Cousin Cousine,[56],/wiki/Cousin_Cousine,False,,,
241,1976 (49th),Talia Shire,Adrian Pennino,Rocky,[56],/wiki/Rocky,False,,,
242,1976 (49th),Sissy Spacek,Carrie White,Carrie,[56],/wiki/Carrie_(1976_film),False,,,
243,1976 (49th),Liv Ullmann,Jenny Isaksson,Face to Face,[56],/wiki/Face_to_Face_(1976_film),False,,,
244,1977 (50th),Diane Keaton ‡,Annie Hall,Annie Hall,[57],/wiki/Annie_Hall,True,,,
245,1977 (50th),Anne Bancroft,Emma Jacklin,The Turning Point,[57],/wiki/The_Turning_Point_(1977_film),False,,,
246,1977 (50th),Jane Fonda,Lillian Hellman,Julia,[57],/wiki/Julia_(1977_film),False,,,
247,1977 (50th),Shirley MacLaine,Deedee Rodgers,The Turning Point,[57],/wiki/The_Turning_Point_(1977_film),False,,,
248,1977 (50th),Marsha Mason,Paula McFadden,The Goodbye Girl,[57],/wiki/The_Goodbye_Girl,False,,,
249,1978 (51st),Jane Fonda ‡,Sally Hyde,Coming Home,[58],/wiki/Coming_Home_(1978_film),True,,,
250,1978 (51st),Ingrid Bergman,Charlotte Andergast,Autumn Sonata,[58],/wiki/Autumn_Sonata,False,,,
251,1978 (51st),Ellen Burstyn,Doris,"Same Time, Next Year",[58],"/wiki/Same_Time,_Next_Year_(film)",False,,,
252,1978 (51st),Jill Clayburgh,Erica Benton,An Unmarried Woman,[58],/wiki/An_Unmarried_Woman,False,,,
253,1978 (51st),Geraldine Page,Eve,Interiors,[58],/wiki/Interiors,False,,,
254,1979 (52nd),Sally Field ‡,Norma Rae Webster,Norma Rae,[59],/wiki/Norma_Rae,True,,,
255,1979 (52nd),Jill Clayburgh,Marilyn Holmberg,Starting Over,[59],/wiki/Starting_Over_(1979_film),False,,,
256,1979 (52nd),Jane Fonda,Kimberly Wells,The China Syndrome,[59],/wiki/The_China_Syndrome,False,,,
257,1979 (52nd),Marsha Mason,Jennie MacLaine,Chapter Two,[59],/wiki/Chapter_Two_(film),False,,,
258,1979 (52nd),Bette Midler,Mary Rose Foster,The Rose,[59],/wiki/The_Rose_(film),False,,,
259,1980 (53rd),Sissy Spacek ‡,Loretta Lynn,Coal Miner's Daughter,[60],/wiki/Coal_Miner%27s_Daughter_(film),True,,,
260,1980 (53rd),Ellen Burstyn,Edna Mae Harper-McCauley,Resurrection,[60],/wiki/Resurrection_(1980_film),False,,,
261,1980 (53rd),Goldie Hawn,Judy Benjamin,Private Benjamin,[60],/wiki/Private_Benjamin_(1980_film),False,,,
262,1980 (53rd),Mary Tyler Moore,Beth Jarrett,Ordinary People,[60],/wiki/Ordinary_People,False,,,
263,1980 (53rd),Gena Rowlands,Gloria Swenson,Gloria,[60],/wiki/Gloria_(1980_film),False,,,
264,1981 (54th),Katharine Hepburn ‡,Ethel Thayer,On Golden Pond,[61],/wiki/On_Golden_Pond_(1981_film),True,,,
265,1981 (54th),Diane Keaton,Louise Bryant,Reds,[61],/wiki/Reds_(film),False,,,
266,1981 (54th),Marsha Mason,Georgia Hines,Only When I Laugh,[61],/wiki/Only_When_I_Laugh_(film),False,,,
267,1981 (54th),Susan Sarandon,Sally Matthews,Atlantic City,[61],/wiki/Atlantic_City_(1980_film),False,,,
268,1981 (54th),Meryl Streep,Sara Woodruff and Anna,The French Lieutenant's Woman,[61],/wiki/The_French_Lieutenant%27s_Woman_(film),False,,,
269,1982 (55th),Meryl Streep ‡,Sophie Zawistowski,Sophie's Choice,[62],/wiki/Sophie%27s_Choice_(film),True,,,
270,1982 (55th),Julie Andrews,Victor Grazinski / Victoria Grant,Victor/Victoria,[62],/wiki/Victor/Victoria,False,,,
271,1982 (55th),Jessica Lange,Frances Farmer,Frances,[62],/wiki/Frances_(film),False,,,
272,1982 (55th),Sissy Spacek,Beth Horman,Missing,[62],/wiki/Missing_(1982_film),False,,,
273,1982 (55th),Debra Winger,Paula Pokrifki,An Officer and a Gentleman,[62],/wiki/An_Officer_and_a_Gentleman,False,,,
274,1983 (56th),Shirley MacLaine ‡,Aurora Greenway,Terms of Endearment,[63],/wiki/Terms_of_Endearment,True,,,
275,1983 (56th),Jane Alexander,Carol Wetherly,Testament,[63],/wiki/Testament_(1983_film),False,,,
276,1983 (56th),Meryl Streep,Karen Silkwood,Silkwood,[63],/wiki/Silkwood,False,,,
277,1983 (56th),Julie Walters,Susan White / Rita,Educating Rita,[63],/wiki/Educating_Rita_(film),False,,,
278,1983 (56th),Debra Winger,Emma Greenway Horton,Terms of Endearment,[63],/wiki/Terms_of_Endearment,True,,,
279,1984 (57th),Sally Field ‡,Edna Spalding,Places in the Heart,[64],/wiki/Places_in_the_Heart,True,,,
280,1984 (57th),Judy Davis,Adela Quested,A Passage to India,[64],/wiki/A_Passage_to_India_(film),False,,,
281,1984 (57th),Jessica Lange,Jewell Ivy,Country,[64],/wiki/Country_(film),False,,,
282,1984 (57th),Vanessa Redgrave,Olive Chancellor,The Bostonians,[64],/wiki/The_Bostonians_(film),False,,,
283,1984 (57th),Sissy Spacek,Mae Garvey,The River,[64],/wiki/The_River_(1984_film),False,,,
284,1985 (58th),Geraldine Page ‡,Carrie Watts,The Trip to Bountiful,[65],/wiki/The_Trip_to_Bountiful,True,,,
285,1985 (58th),Anne Bancroft,Miriam Ruth / Anna Maria Burchetti,Agnes of God,[65],/wiki/Agnes_of_God_(film),False,,,
286,1985 (58th),Whoopi Goldberg,Celie Harris-Johnson,The Color Purple,[65],/wiki/The_Color_Purple_(1985_film),False,,,
287,1985 (58th),Jessica Lange,Patsy Cline,Sweet Dreams,[65],/wiki/Sweet_Dreams_(1985_film),False,,,
288,1985 (58th),Meryl Streep,Karen Blixen,Out of Africa,[65],/wiki/Out_of_Africa_(film),False,,,
289,1986 (59th),Marlee Matlin ‡,Sarah Norman,Children of a Lesser God,[66],/wiki/Children_of_a_Lesser_God_(film),True,,,
290,1986 (59th),Jane Fonda,Alex Sternbergen / Viveca Van Loren,The Morning After,[66],/wiki/The_Morning_After_(1986_film),False,,,
291,1986 (59th),Sissy Spacek,Babe Botrelle / Rebecca MaGrath,Crimes of the Heart,[66],/wiki/Crimes_of_the_Heart_(film),False,,,
292,1986 (59th),Kathleen Turner,Peggy Sue Kelcher-Bodell,Peggy Sue Got Married,[66],/wiki/Peggy_Sue_Got_Married,False,,,
293,1986 (59th),Sigourney Weaver,Ellen Ripley,Aliens,[66],/wiki/Aliens_(film),False,,,
294,1987 (60th),Cher ‡,Loretta Castorini,Moonstruck,[67],/wiki/Moonstruck,True,,,
295,1987 (60th),Glenn Close,Alex Forrest,Fatal Attraction,[67],/wiki/Fatal_Attraction,False,,,
296,1987 (60th),Holly Hunter,Jane Craig,Broadcast News,[67],/wiki/Broadcast_News_(film),False,,,
297,1987 (60th),Sally Kirkland,Anna,Anna,[67],/wiki/El%C5%BCbieta_Czy%C5%BCewska,False,,,
298,1987 (60th),Meryl Streep,Helen Archer,Ironweed,[67],/wiki/Ironweed_(film),False,,,
299,1988 (61st),Jodie Foster ‡,Sarah Tobias,The Accused,[68],/wiki/The_Accused_(1988_film),True,,,
300,1988 (61st),Glenn Close,Marquise Isabelle de Merteuil,Dangerous Liaisons,[68],/wiki/Dangerous_Liaisons,False,,,
301,1988 (61st),Melanie Griffith,Tess McGill,Working Girl,[68],/wiki/Working_Girl,False,,,
302,1988 (61st),Meryl Streep,Lindy Chamberlain,A Cry in the Dark,[68],/wiki/Evil_Angels_(film),False,,,
303,1988 (61st),Sigourney Weaver,Dian Fossey,Gorillas in the Mist,[68],/wiki/Gorillas_in_the_Mist,False,,,
304,1989 (62nd),Jessica Tandy ‡,Daisy Werthan,Driving Miss Daisy,[69],/wiki/Driving_Miss_Daisy,True,,,
305,1989 (62nd),Isabelle Adjani,Camille Claudel,Camille Claudel,[69],/wiki/Camille_Claudel,False,,,
306,1989 (62nd),Pauline Collins,Shirley Valentine-Bradshaw,Shirley Valentine,[69],/wiki/Shirley_Valentine_(film),False,,,
307,1989 (62nd),Jessica Lange,Ann Talbot,Music Box,[69],/wiki/Music_Box_(film),False,,,
308,1989 (62nd),Michelle Pfeiffer,Susie Diamond,The Fabulous Baker Boys,[69],/wiki/The_Fabulous_Baker_Boys,False,,,
309,1990 (63rd),Kathy Bates ‡,Annie Wilkes,Misery,[70],/wiki/Misery_(film),True,,,
310,1990 (63rd),Anjelica Huston,Lilly Dillon,The Grifters,[70],/wiki/The_Grifters_(film),False,,,
311,1990 (63rd),Julia Roberts,Vivian Ward,Pretty Woman,[70],/wiki/Pretty_Woman,False,,,
312,1990 (63rd),Meryl Streep,Suzanne Vale,Postcards from the Edge,[70],/wiki/Postcards_from_the_Edge_(film),False,,,
313,1990 (63rd),Joanne Woodward,India Bridge,Mr. & Mrs. Bridge,[70],/wiki/Mr._%26_Mrs._Bridge,False,,,
314,1991 (64th),Jodie Foster ‡,Clarice Starling,The Silence of the Lambs,[71],/wiki/The_Silence_of_the_Lambs_(film),True,,,
315,1991 (64th),Geena Davis,Thelma Dickinson,Thelma & Louise,[71],/wiki/Thelma_%26_Louise,False,,,
316,1991 (64th),Laura Dern,Rose,Rambling Rose,[71],/wiki/Rambling_Rose_(film),False,,,
317,1991 (64th),Bette Midler,Dixie Leonard,For the Boys,[71],/wiki/For_the_Boys,False,,,
318,1991 (64th),Susan Sarandon,Louise Sawyer,Thelma & Louise,[71],/wiki/Thelma_%26_Louise,False,,,
319,1992 (65th),Emma Thompson ‡,Margaret Schlegel,Howards End,[72],/wiki/Howards_End_(film),True,,,
320,1992 (65th),Catherine Deneuve,Éliane Devries,Indochine,[72],/wiki/Indochine_(film),False,,,
321,1992 (65th),Mary McDonnell,May-Alice Culhane,Passion Fish,[72],/wiki/Passion_Fish,False,,,
322,1992 (65th),Michelle Pfeiffer,"Louise Irene ""Lurene"" Hallett",Love Field,[72],/wiki/Love_Field_(film),False,,,
323,1992 (65th),Susan Sarandon,Michaela Murphy Odone,Lorenzo's Oil,[72],/wiki/Lorenzo%27s_Oil,False,,,
324,1993 (66th),Holly Hunter ‡,Ada McGrath,The Piano,[73],/wiki/The_Piano,True,,,
325,1993 (66th),Angela Bassett,Anna Mae Bullock / Tina Turner,What's Love Got to Do with It,[73],/wiki/What%27s_Love_Got_to_Do_with_It_(1993_film),False,,,
326,1993 (66th),Stockard Channing,"Louisa ""Ouisa"" Kittredge",Six Degrees of Separation,[73],/wiki/Six_Degrees_of_Separation_(film),False,,,
327,1993 (66th),Emma Thompson,"Sarah ""Sally"" Kenton",The Remains of the Day,[73],/wiki/The_Remains_of_the_Day_(film),False,,,
328,1993 (66th),Debra Winger,Joy Davidman,Shadowlands,[73],/wiki/Shadowlands_(1993_film),False,,,
329,1994 (67th),Jessica Lange ‡,Carly Marshall,Blue Sky,[74],/wiki/Blue_Sky_(1994_film),True,,,
330,1994 (67th),Jodie Foster,Nell Kellty,Nell,[74],/wiki/Nell_(film),False,,,
331,1994 (67th),Miranda Richardson,Vivienne Haigh-Wood,Tom & Viv,[74],/wiki/Tom_%26_Viv,False,,,
332,1994 (67th),Winona Ryder,"Josephine ""Jo"" March",Little Women,[74],/wiki/Little_Women_(1994_film),False,,,
333,1994 (67th),Susan Sarandon,"Regina ""Reggie"" Love",The Client,[74],/wiki/The_Client_(1994_film),False,,,
334,1995 (68th),Susan Sarandon ‡,Helen Prejean,Dead Man Walking,[75],/wiki/Dead_Man_Walking_(film),True,,,
335,1995 (68th),Elisabeth Shue,Sera,Leaving Las Vegas,[75],/wiki/Leaving_Las_Vegas,False,,,
336,1995 (68th),Sharon Stone,Ginger McKenna,Casino,[75],/wiki/Casino_(1995_film),False,,,
337,1995 (68th),Meryl Streep,Francesca Johnson,The Bridges of Madison County,[75],/wiki/The_Bridges_of_Madison_County_(film),False,,,
338,1995 (68th),Emma Thompson,Elinor Dashwood,Sense and Sensibility,[75],/wiki/Sense_and_Sensibility_(film),False,,,
339,1996 (69th),Frances McDormand ‡,Marge Gunderson,Fargo,[76],/wiki/Fargo_(1996_film),True,,,
340,1996 (69th),Brenda Blethyn,Cynthia Rose Purley,Secrets & Lies,[76],/wiki/Secrets_%26_Lies_(film),False,,,
341,1996 (69th),Diane Keaton,Bessie Wakefield,Marvin's Room,[76],/wiki/Marvin%27s_Room_(film),False,,,
342,1996 (69th),Kristin Scott Thomas,Katharine Clifton,The English Patient,[76],/wiki/The_English_Patient_(film),False,,,
343,1996 (69th),Emily Watson,Bess McNeill,Breaking the Waves,[76],/wiki/Breaking_the_Waves,False,,,
344,1997 (70th),Helen Hunt ‡,Carol Connelly,As Good as It Gets,[77],/wiki/As_Good_as_It_Gets,True,,,
345,1997 (70th),Helena Bonham Carter,Kate Croy,The Wings of the Dove,[77],/wiki/The_Wings_of_the_Dove_(1997_film),False,,,
346,1997 (70th),Julie Christie,Phyllis Hart,Afterglow,[77],/wiki/Afterglow_(1997_film),False,,,
347,1997 (70th),Judi Dench,Queen Victoria,Mrs Brown,[77],/wiki/Mrs_Brown,False,,,
348,1997 (70th),Kate Winslet,Rose DeWitt Bukater,Titanic,[77],/wiki/Titanic_(1997_film),False,,,
349,1998 (71st),Gwyneth Paltrow ‡,Viola de Lesseps,Shakespeare in Love,[78],/wiki/Shakespeare_in_Love,True,,,
350,1998 (71st),Cate Blanchett,Queen Elizabeth I,Elizabeth,[78],/wiki/Elizabeth_(film),False,,,
351,1998 (71st),Fernanda Montenegro,"Isadora ""Dora"" Teixeira",Central Station,[78],/wiki/Central_Station_(film),False,,,
352,1998 (71st),Meryl Streep,Kate Gulden,One True Thing,[78],/wiki/One_True_Thing,False,,,
353,1998 (71st),Emily Watson,Jacqueline du Pré,Hilary and Jackie,[78],/wiki/Hilary_and_Jackie,False,,,
354,1999 (72nd),Hilary Swank ‡,Brandon Teena,Boys Don't Cry,[79],/wiki/Boys_Don%27t_Cry_(1999_film),True,,,
355,1999 (72nd),Annette Bening,Carolyn Burnham,American Beauty,[79],/wiki/American_Beauty_(1999_film),False,,,
356,1999 (72nd),Janet McTeer,Mary Jo Walker,Tumbleweeds,[79],/wiki/Tumbleweeds_(1999_film),False,,,
357,1999 (72nd),Julianne Moore,Sarah Miles,The End of the Affair,[79],/wiki/The_End_of_the_Affair_(1999_film),False,,,
358,1999 (72nd),Meryl Streep,Roberta Guaspari,Music of the Heart,[79],/wiki/Music_of_the_Heart,False,,,
359,2000 (73rd),Julia Roberts ‡,Erin Brockovich,Erin Brockovich,[80],/wiki/Erin_Brockovich,True,,,
360,2000 (73rd),Joan Allen,Laine Hanson,The Contender,[80],/wiki/The_Contender_(2000_film),False,,,
361,2000 (73rd),Juliette Binoche,Vianne Rocher,Chocolat,[80],/wiki/Chocolat_(2000_film),False,,,
362,2000 (73rd),Ellen Burstyn,Sara Goldfarb,Requiem for a Dream,[80],/wiki/Requiem_for_a_Dream,False,,,
363,2000 (73rd),Laura Linney,"Samantha ""Sammy"" Prescott",You Can Count on Me,[80],/wiki/You_Can_Count_on_Me,False,,,
364,2001 (74th),Halle Berry ‡,Leticia Musgrove,Monster's Ball,[81],/wiki/Monster%27s_Ball,True,,,
365,2001 (74th),Judi Dench,Iris Murdoch,Iris,[81],/wiki/Iris_(2001_film),False,,,
366,2001 (74th),Nicole Kidman,Satine,Moulin Rouge!,[81],/wiki/Moulin_Rouge!,False,,,
367,2001 (74th),Sissy Spacek,Ruth Fowler,In the Bedroom,[81],/wiki/In_the_Bedroom,False,,,
368,2001 (74th),Renée Zellweger,Bridget Jones,Bridget Jones's Diary,[81],/wiki/Bridget_Jones%27s_Diary,False,,,
369,2002 (75th),Nicole Kidman ‡,Virginia Woolf,The Hours,[82],/wiki/The_Hours_(film),True,,,
370,2002 (75th),Salma Hayek,Frida Kahlo,Frida,[82],/wiki/Frida_(2002_film),False,,,
371,2002 (75th),Diane Lane,"Constance ""Connie"" Sumner",Unfaithful,[82],/wiki/Unfaithful_(2002_film),False,,,
372,2002 (75th),Julianne Moore,Cathy Whitaker,Far from Heaven,[82],/wiki/Far_from_Heaven,False,,,
373,2002 (75th),Renée Zellweger,Roxie Hart,Chicago,[82],/wiki/Chicago_(2002_film),False,,,
374,2003 (76th),Charlize Theron ‡,Aileen Wuornos,Monster,[83],/wiki/Monster_(2003_film),True,,,
375,2003 (76th),Keisha Castle-Hughes,Paikea Apirana,Whale Rider,[83],/wiki/Whale_Rider,False,,,
376,2003 (76th),Diane Keaton,Erica Jane Berry,Something's Gotta Give,[83],/wiki/Something%27s_Gotta_Give_(film),False,,,
377,2003 (76th),Samantha Morton,Sarah Sullivan,In America,[83],/wiki/In_America_(film),False,,,
378,2003 (76th),Naomi Watts,Cristina Williams-Peck,21 Grams,[83],/wiki/21_Grams,False,,,
379,2004 (77th),Hilary Swank ‡,Maggie Fitzgerald,Million Dollar Baby,[84],/wiki/Million_Dollar_Baby,True,,,
380,2004 (77th),Annette Bening,Julia Lambert,Being Julia,[84],/wiki/Being_Julia,False,,,
381,2004 (77th),Catalina Sandino Moreno,María Álvarez,Maria Full of Grace,[84],/wiki/Maria_Full_of_Grace,False,,,
382,2004 (77th),Imelda Staunton,Vera Rose Drake,Vera Drake,[84],/wiki/Vera_Drake,False,,,
383,2004 (77th),Kate Winslet,Clementine Kruczynski,Eternal Sunshine of the Spotless Mind,[84],/wiki/Eternal_Sunshine_of_the_Spotless_Mind,False,,,
384,2005 (78th),Reese Witherspoon ‡,June Carter Cash,Walk the Line,[85],/wiki/Walk_the_Line,True,,,
385,2005 (78th),Judi Dench,Laura Forster-Henderson,Mrs Henderson Presents,[85],/wiki/Mrs_Henderson_Presents,False,,,
386,2005 (78th),Felicity Huffman,"Sabrina ""Bree"" Osbourne",Transamerica,[85],/wiki/Transamerica_(film),False,,,
387,2005 (78th),Keira Knightley,Elizabeth Bennet,Pride & Prejudice,[85],/wiki/Pride_%26_Prejudice_(2005_film),False,,,
388,2005 (78th),Charlize Theron,Josey Aimes,North Country,[85],/wiki/North_Country_(film),False,,,
389,2006 (79th),Helen Mirren ‡,Queen Elizabeth II,The Queen,[86],/wiki/The_Queen_(2006_film),True,,,
390,2006 (79th),Penélope Cruz,Raimunda,Volver,[86],/wiki/Volver,False,,,
391,2006 (79th),Judi Dench,Barbara Covett,Notes on a Scandal,[86],/wiki/Notes_on_a_Scandal_(film),False,,,
392,2006 (79th),Meryl Streep,Miranda Priestly,The Devil Wears Prada,[86],/wiki/The_Devil_Wears_Prada_(film),False,,,
393,2006 (79th),Kate Winslet,Sarah Pierce,Little Children,[86],/wiki/Little_Children_(film),False,,,
394,2007 (80th),Marion Cotillard ‡,Édith Piaf,La Vie en Rose,[87],/wiki/La_Vie_en_Rose_(film),True,,,
395,2007 (80th),Cate Blanchett,Queen Elizabeth I,Elizabeth: The Golden Age,[87],/wiki/Elizabeth:_The_Golden_Age,False,,,
396,2007 (80th),Julie Christie,Fiona Anderson,Away from Her,[87],/wiki/Away_from_Her,False,,,
397,2007 (80th),Laura Linney,Wendy Savage,The Savages,[87],/wiki/The_Savages_(film),False,,,
398,2007 (80th),Elliot Page[D],Juno MacGuff,Juno,[87],/wiki/Juno_(film),False,,,
399,2008 (81st),Kate Winslet ‡,Hanna Schmitz,The Reader,[88],/wiki/The_Reader_(2008_film),True,,,
400,2008 (81st),Anne Hathaway,Kym Buchman,Rachel Getting Married,[88],/wiki/Rachel_Getting_Married,False,,,
401,2008 (81st),Angelina Jolie,Christine Collins,Changeling,[88],/wiki/Changeling_(film),False,,,
402,2008 (81st),Melissa Leo,Ray Eddy,Frozen River,[88],/wiki/Frozen_River,False,,,
403,2008 (81st),Meryl Streep,Sister Aloysius Beauvier,Doubt,[88],/wiki/Doubt_(2008_film),False,,,
404,2009 (82nd),Sandra Bullock ‡,Leigh Anne Tuohy,The Blind Side,[89],/wiki/The_Blind_Side_(film),True,,,
405,2009 (82nd),Helen Mirren,Countess Sophia Tolstaya,The Last Station,[89],/wiki/The_Last_Station,False,,,
406,2009 (82nd),Carey Mulligan,Jenny Mellor,An Education,[89],/wiki/An_Education,False,,,
407,2009 (82nd),Gabourey Sidibe,"Claireece ""Precious"" Jones",Precious,[89],/wiki/Precious_(film),False,,,
408,2009 (82nd),Meryl Streep,Julia Child,Julie & Julia,[89],/wiki/Julie_%26_Julia,False,,,
409,2010 (83rd),Natalie Portman ‡,Nina Sayers,Black Swan,[90],/wiki/Black_Swan_(film),True,,,
410,2010 (83rd),Annette Bening,Nicole Allgood,The Kids Are All Right,[90],/wiki/The_Kids_Are_All_Right_(film),False,,,
411,2010 (83rd),Nicole Kidman,Becca Corbett,Rabbit Hole,[90],/wiki/Rabbit_Hole_(2010_film),False,,,
412,2010 (83rd),Jennifer Lawrence,Ree Dolly,Winter's Bone,[90],/wiki/Winter%27s_Bone,False,,,
413,2010 (83rd),Michelle Williams,"Cynthia ""Cindy"" Heller",Blue Valentine,[90],/wiki/Blue_Valentine_(film),False,,,
414,2011 (84th),Meryl Streep ‡,Margaret Thatcher,The Iron Lady,[91],/wiki/The_Iron_Lady_(film),True,,,
415,2011 (84th),Glenn Close,Albert Nobbs,Albert Nobbs,[91],/wiki/Albert_Nobbs,False,,,
416,2011 (84th),Viola Davis,Aibileen Clark,The Help,[91],/wiki/The_Help_(film),False,,,
417,2011 (84th),Rooney Mara,Lisbeth Salander,The Girl with the Dragon Tattoo,[91],/wiki/The_Girl_with_the_Dragon_Tattoo_(2011_film),False,,,
418,2011 (84th),Michelle Williams,Marilyn Monroe,My Week with Marilyn,[91],/wiki/My_Week_with_Marilyn,False,,,
419,2012 (85th),Jennifer Lawrence ‡,Tiffany Maxwell,Silver Linings Playbook,[92],/wiki/Silver_Linings_Playbook,True,,,
420,2012 (85th),Jessica Chastain,Maya Harris,Zero Dark Thirty,[92],/wiki/Zero_Dark_Thirty,False,,,
421,2012 (85th),Emmanuelle Riva,Anne Laurent,Amour,[92],/wiki/Amour_(2012_film),False,,,
422,2012 (85th),Quvenzhané Wallis,Hushpuppy,Beasts of the Southern Wild,[92],/wiki/Beasts_of_the_Southern_Wild,False,,,
423,2012 (85th),Naomi Watts,Maria Bennett,The Impossible,[92],/wiki/The_Impossible_(2012_film),False,,,
424,2013 (86th),Cate Blanchett ‡,"Jeanette ""Jasmine"" Francis",Blue Jasmine,[93],/wiki/Blue_Jasmine,True,,,
425,2013 (86th),Amy Adams,Sydney Prosser / Lady Edith Greensly,American Hustle,[93],/wiki/American_Hustle,False,,,
426,2013 (86th),Sandra Bullock,Ryan Stone,Gravity,[93],/wiki/Gravity_(2013_film),False,,,
427,2013 (86th),Judi Dench,Philomena Lee,Philomena,[93],/wiki/Philomena_(film),False,,,
428,2013 (86th),Meryl Streep,Violet Weston,August: Osage County,[93],/wiki/August:_Osage_County_(film),False,,,
429,2014 (87th),Julianne Moore ‡,Alice Howland,Still Alice,[94],/wiki/Still_Alice,True,,,
430,2014 (87th),Marion Cotillard,Sandra Bya,"Two Days, One Night",[94],"/wiki/Two_Days,_One_Night",False,,,
431,2014 (87th),Felicity Jones,Jane Wilde Hawking,The Theory of Everything,[94],/wiki/The_Theory_of_Everything_(2014_film),False,,,
432,2014 (87th),Rosamund Pike,Amy Elliott-Dunne,Gone Girl,[94],/wiki/Gone_Girl_(film),False,,,
433,2014 (87th),Reese Witherspoon,Cheryl Strayed,Wild,[94],/wiki/Wild_(2014_film),False,,,
434,2015 (88th),Brie Larson ‡,"Joy ""Ma"" Newsome",Room,[95],/wiki/Room_(2015_film),True,,,
435,2015 (88th),Cate Blanchett,Carol Aird,Carol,[95],/wiki/Carol_(film),False,,,
436,2015 (88th),Jennifer Lawrence,Joy Mangano,Joy,[95],/wiki/Joy_(2015_film),False,,,
437,2015 (88th),Charlotte Rampling,Kate Mercer,45 Years,[95],/wiki/45_Years,False,,,
438,2015 (88th),Saoirse Ronan,Eilis Lacey,Brooklyn,[95],/wiki/Brooklyn_(film),False,,,
439,2016 (89th),Emma Stone ‡,Mia Dolan,La La Land,[96],/wiki/La_La_Land,True,,,
440,2016 (89th),Isabelle Huppert,Michèle Leblanc,Elle,[96],/wiki/Elle_(film),False,,,
441,2016 (89th),Ruth Negga,Mildred Loving,Loving,[96],/wiki/Loving_(2016_film),False,,,
442,2016 (89th),Natalie Portman,"Jacqueline ""Jackie"" Kennedy",Jackie,[96],/wiki/Jackie_(2016_film),False,,,
443,2016 (89th),Meryl Streep,Florence Foster Jenkins,Florence Foster Jenkins,[96],/wiki/Florence_Foster_Jenkins,False,,,
444,2017 (90th),Frances McDormand ‡,Mildred Hayes,"Three Billboards Outside Ebbing, Missouri",[97],"/wiki/Three_Billboards_Outside_Ebbing,_Missouri",True,,,
445,2017 (90th),Sally Hawkins,Elisa Esposito,The Shape of Water,[97],/wiki/The_Shape_of_Water,False,,,
446,2017 (90th),Margot Robbie,Tonya Harding,"I, Tonya",[97],"/wiki/I,_Tonya",False,,,
447,2017 (90th),Saoirse Ronan,"Christine ""Lady Bird"" McPherson",Lady Bird,[97],/wiki/Lady_Bird_(film),False,,,
448,2017 (90th),Meryl Streep,Katharine Graham,The Post,[97],/wiki/The_Post_(film),False,,,
449,2018 (91st),Olivia Colman ‡,Queen Anne,The Favourite,[98],/wiki/The_Favourite,True,,,
450,2018 (91st),Yalitza Aparicio,"Cleodegaria ""Cleo"" Gutiérrez",Roma,[98],/wiki/Roma_(2018_film),False,,,
451,2018 (91st),Glenn Close,Joan Castleman,The Wife,[98],/wiki/The_Wife_(2017_film),False,,,
452,2018 (91st),Lady Gaga,Ally Maine,A Star Is Born,[98],/wiki/A_Star_Is_Born_(2018_film),False,,,
453,2018 (91st),Melissa McCarthy,"Leonore Carol ""Lee"" Israel",Can You Ever Forgive Me?,[98],/wiki/Can_You_Ever_Forgive_Me%3F,False,,,
454,2019 (92nd),Renée Zellweger ‡,Judy Garland,Judy,[99],/wiki/Judy_(film),True,,,
455,2019 (92nd),Cynthia Erivo,Harriet Tubman,Harriet,[99],/wiki/Harriet_(film),False,,,
456,2019 (92nd),Scarlett Johansson,Nicole Barber,Marriage Story,[99],/wiki/Marriage_Story,False,,,
457,2019 (92nd),Saoirse Ronan,"Josephine ""Jo"" March",Little Women,[99],/wiki/Little_Women_(2019_film),False,,,
458,2019 (92nd),Charlize Theron,Megyn Kelly,Bombshell,[99],/wiki/Bombshell_(2019_film),False,,,
459,2020/21 (93rd)[100],Frances McDormand ‡,Fern,Nomadland,[101],/wiki/Nomadland,True,,,
460,2020/21 (93rd)[100],Viola Davis,"Gertrude ""Ma"" Rainey",Ma Rainey's Black Bottom,[101],/wiki/Ma_Rainey%27s_Black_Bottom_(film),False,,,
461,2020/21 (93rd)[100],Andra Day,Billie Holiday,The United States vs. Billie Holiday,[101],/wiki/The_United_States_vs._Billie_Holiday,False,,,
462,2020/21 (93rd)[100],Vanessa Kirby,Martha Weiss,Pieces of a Woman,[101],/wiki/Pieces_of_a_Woman,False,,,
463,2020/21 (93rd)[100],Carey Mulligan,"Cassandra ""Cassie"" Thomas",Promising Young Woman,[101],/wiki/Promising_Young_Woman,False,,,
464,2021 (94th),Jessica Chastain ‡,Tammy Faye Bakker,The Eyes of Tammy Faye,[102],/wiki/The_Eyes_of_Tammy_Faye_(2021_film),True,,,
465,2021 (94th),Olivia Colman,Leda Caruso,The Lost Daughter,[102],/wiki/The_Lost_Daughter_(film),False,,,
466,2021 (94th),Penélope Cruz,Janis Martínez Moreno,Parallel Mothers,[102],/wiki/Parallel_Mothers,False,,,
467,2021 (94th),Nicole Kidman,Lucille Ball,Being the Ricardos,[102],/wiki/Being_the_Ricardos,False,,,
468,2021 (94th),Kristen Stewart,"Diana, Princess of Wales",Spencer,[102],/wiki/Spencer_(film),False,,,
469,2022 (95th),Michelle Yeoh ‡,Evelyn Quan Wang,Everything Everywhere All at Once,[103],/wiki/Everything_Everywhere_All_at_Once,True,,,
470,2022 (95th),Cate Blanchett,Lydia Tár,Tár,[103],/wiki/T%C3%A1r,False,,,
471,2022 (95th),Ana de Armas,Norma Jeane / Marilyn Monroe,Blonde,[103],/wiki/Blonde_(2022_film),False,,,
472,2022 (95th),Andrea Riseborough,Leslie Rowland,To Leslie,[103],/wiki/To_Leslie,False,,,
473,2022 (95th),Michelle Williams,Mitzi Fabelman,The Fabelmans,[103],/wiki/The_Fabelmans,False,,,
474,2023 (96th),Annette Bening,Diana Nyad,Nyad,[104],/wiki/Nyad_(film),False,,,
475,2023 (96th),Lily Gladstone,Mollie Burkhart,Killers of the Flower Moon,[104],/wiki/Killers_of_the_Flower_Moon_(film),False,,,
476,2023 (96th),Sandra Hüller,Sandra Voyter,Anatomy of a Fall,[104],/wiki/Anatomy_of_a_Fall,False,,,
477,2023 (96th),Carey Mulligan,Felicia Montealegre,Maestro,[104],/wiki/Maestro_(2023_film),False,,,
478,2023 (96th),Emma Stone,Bella Baxter,Poor Things,[104],/wiki/Poor_Things_(film),False,,,
479,1990,,,Driving Miss Daisy,[105],/wiki/Driving_Miss_Daisy,False,Oldest Winner,Jessica Tandy,80.0
480,2013,,,Amour,[105],/wiki/Amour_(2012_film),False,Oldest Nominee,Emmanuelle Riva,85.0
481,1987,,,Children of a Lesser God,[105],/wiki/Children_of_a_Lesser_God_(film),False,Youngest Winner,Marlee Matlin,21.0
482,2013,,,Beasts of the Southern Wild,[105],/wiki/Beasts_of_the_Southern_Wild,False,Youngest Nominee,Quvenzhané Wallis,9.0
