,Year of Film Release,Film,Film Studio,FilmLink,Won,Film Studio/Producer(s),Producer(s)
0,1927/28 (1st),,,,False,,
1,1927/28 (1st),Wings,"Famous Players–Lasky (Lucien Hubbard, Jesse L. Lasky, B.P. Schulberg , & Adolph Zukor, producers)",/wiki/Wings_(1927_film),True,,
2,1927/28 (1st),7th Heaven,"Fox (William Fox, producer)",/wiki/7th_Heaven_(1927_film),False,,
3,1927/28 (1st),The Racket,"The Caddo Company (Howard Hughes, producer)",/wiki/The_Racket_(1928_film),False,,
4,1928/29 (2nd) [a],,,,False,,
5,1928/29 (2nd) [a],The Broadway Melody,"Metro-Goldwyn-Mayer (Irving Thalberg & Lawrence Weingarten, producers)",/wiki/The_Broadway_Melody,True,,
6,1928/29 (2nd) [a],Alibi,"Feature Productions (Roland West, producer)",/wiki/Alibi_(1929_film),False,,
7,1928/29 (2nd) [a],Hollywood Revue,"Metro-Goldwyn-Mayer (Irving Thalberg & Harry Rapf, producers)",/wiki/Hollywood_Revue,False,,
8,1928/29 (2nd) [a],In Old Arizona,"Fox (Winfield Sheehan, producer)",/wiki/In_Old_Arizona,False,,
9,1928/29 (2nd) [a],The Patriot,Paramount Famous Lasky,/wiki/The_Patriot_(1928_film),False,,
10,1929/30 (3rd),,,,False,,
11,1929/30 (3rd),All Quiet on the Western Front,"Universal (Carl Laemmle Jr., producer)",/wiki/All_Quiet_on_the_Western_Front_(1930_film),True,,
12,1929/30 (3rd),The Big House,"Cosmopolitan (Irving Thalberg, producer)",/wiki/The_Big_House_(1930_film),False,,
13,1929/30 (3rd),Disraeli,"Warner Bros. (Jack L. Warner & Darryl F. Zanuck, producers)",/wiki/Disraeli_(1929_film),False,,
14,1929/30 (3rd),The Divorcee,"Metro-Goldwyn-Mayer (Robert Z. Leonard, producer)",/wiki/The_Divorcee,False,,
15,1929/30 (3rd),The Love Parade,"Paramount Famous Lasky (Ernst Lubitsch, producer)",/wiki/The_Love_Parade,False,,
16,1930/31 (4th),,,,False,,
17,1930/31 (4th),Cimarron,"RKO Radio (William LeBaron, producer)",/wiki/Cimarron_(1931_film),True,,
18,1930/31 (4th),East Lynne,Fox,/wiki/East_Lynne_(1931_film),False,,
19,1930/31 (4th),The Front Page,"The Caddo Company (Howard Hughes & Lewis Milestone, producers)",/wiki/The_Front_Page_(1931_film),False,,
20,1930/31 (4th),Skippy,"Paramount Publix (Jesse L. Lasky, B.P. Schulberg, & Adolph Zukor, producers)",/wiki/Skippy_(film),False,,
21,1930/31 (4th),Trader Horn,"Metro-Goldwyn-Mayer (Irving Thalberg ,producer)",/wiki/Trader_Horn_(1931_film),False,,
22,1931/32 (5th),,,,False,,
23,1931/32 (5th),Grand Hotel,"Metro-Goldwyn-Mayer (Irving Thalberg, producer)",/wiki/Grand_Hotel_(1932_film),True,,
24,1931/32 (5th),Arrowsmith,"Samuel Goldwyn Productions (Samuel Goldwyn, producer)",/wiki/Arrowsmith_(film),False,,
25,1931/32 (5th),Bad Girl,Fox,/wiki/Bad_Girl_(1931_film),False,,
26,1931/32 (5th),The Champ,"Metro-Goldwyn-Mayer (King Vidor, producer)",/wiki/The_Champ_(1931_film),False,,
27,1931/32 (5th),Five Star Final,"First National (Hal B. Wallis, producer)",/wiki/Five_Star_Final,False,,
28,1931/32 (5th),One Hour with You,"Paramount Publix (Ernst Lubitsch, producer)",/wiki/One_Hour_with_You,False,,
29,1931/32 (5th),Shanghai Express,"Paramount Publix (Adolph Zukor, producer)",/wiki/Shanghai_Express_(film),False,,
30,1931/32 (5th),The Smiling Lieutenant,"Paramount Publix (Ernst Lubitsch, producer)",/wiki/The_Smiling_Lieutenant,False,,
31,1932/33 (6th) [b],,,,False,,
32,1932/33 (6th) [b],Cavalcade,"Fox (Frank Lloyd & Winfield Sheehan, producers)",/wiki/Cavalcade_(1933_film),True,,
33,1932/33 (6th) [b],42nd Street,Warner Bros.,/wiki/42nd_Street_(film),False,,
34,1932/33 (6th) [b],A Farewell to Arms,Paramount,/wiki/A_Farewell_to_Arms_(1932_film),False,,
35,1932/33 (6th) [b],I Am a Fugitive from a Chain Gang,Warner Bros.,/wiki/I_Am_a_Fugitive_from_a_Chain_Gang,False,,
36,1932/33 (6th) [b],Lady for a Day,Columbia,/wiki/Lady_for_a_Day,False,,
37,1932/33 (6th) [b],Little Women,RKO Radio,/wiki/Little_Women_(1933_film),False,,
38,1932/33 (6th) [b],The Private Life of Henry VIII,London Films,/wiki/The_Private_Life_of_Henry_VIII,False,,
39,1932/33 (6th) [b],She Done Him Wrong,Paramount,/wiki/She_Done_Him_Wrong,False,,
40,1932/33 (6th) [b],Smilin' Through,Metro-Goldwyn-Mayer,/wiki/Smilin%27_Through_(1932_film),False,,
41,1932/33 (6th) [b],State Fair,Fox,/wiki/State_Fair_(1933_film),False,,
42,1934 (7th) [c],,,,False,,
43,1934 (7th) [c],It Happened One Night,"Columbia (Frank Capra & Harry Cohn, producer)",/wiki/It_Happened_One_Night,True,,
44,1934 (7th) [c],The Barretts of Wimpole Street,Metro-Goldwyn-Mayer,/wiki/The_Barretts_of_Wimpole_Street_(1934_film),False,,
45,1934 (7th) [c],Cleopatra,Paramount,/wiki/Cleopatra_(1934_film),False,,
46,1934 (7th) [c],Flirtation Walk,First National,/wiki/Flirtation_Walk,False,,
47,1934 (7th) [c],The Gay Divorcee,RKO Radio,/wiki/The_Gay_Divorcee,False,,
48,1934 (7th) [c],Here Comes the Navy,Warner Bros.,/wiki/Here_Comes_the_Navy,False,,
49,1934 (7th) [c],The House of Rothschild,20th Century,/wiki/The_House_of_Rothschild,False,,
50,1934 (7th) [c],Imitation of Life,Universal,/wiki/Imitation_of_Life_(1934_film),False,,
51,1934 (7th) [c],One Night of Love,Columbia,/wiki/One_Night_of_Love,False,,
52,1934 (7th) [c],The Thin Man,Metro-Goldwyn-Mayer,/wiki/The_Thin_Man_(film),False,,
53,1934 (7th) [c],Viva Villa!,Metro-Goldwyn-Mayer,/wiki/Viva_Villa!,False,,
54,1934 (7th) [c],The White Parade,Jesse L. Lasky (production company),/wiki/The_White_Parade,False,,
55,1935 (8th) [d],,,,False,,
56,1935 (8th) [d],Mutiny on the Bounty,"Metro-Goldwyn-Mayer (Frank Lloyd & Irving Thalberg, producers)",/wiki/Mutiny_on_the_Bounty_(1935_film),True,,
57,1935 (8th) [d],Alice Adams,RKO Radio,/wiki/Alice_Adams_(1935_film),False,,
58,1935 (8th) [d],Broadway Melody of 1936,Metro-Goldwyn-Mayer,/wiki/Broadway_Melody_of_1936,False,,
59,1935 (8th) [d],Captain Blood,Cosmopolitan,/wiki/Captain_Blood_(1935_film),False,,
60,1935 (8th) [d],David Copperfield,Metro-Goldwyn-Mayer,/wiki/David_Copperfield_(1935_film),False,,
61,1935 (8th) [d],The Informer,RKO Radio,/wiki/The_Informer_(1935_film),False,,
62,1935 (8th) [d],The Lives of a Bengal Lancer,Paramount,/wiki/The_Lives_of_a_Bengal_Lancer_(film),False,,
63,1935 (8th) [d],A Midsummer Night's Dream,Warner Bros.,/wiki/A_Midsummer_Night%27s_Dream_(1935_film),False,,
64,1935 (8th) [d],Les Misérables,20th Century,/wiki/Les_Mis%C3%A9rables_(1935_film),False,,
65,1935 (8th) [d],Naughty Marietta,Metro-Goldwyn-Mayer,/wiki/Naughty_Marietta_(film),False,,
66,1935 (8th) [d],Ruggles of Red Gap,Paramount,/wiki/Ruggles_of_Red_Gap,False,,
67,1935 (8th) [d],Top Hat,RKO Radio,/wiki/Top_Hat,False,,
68,1936 (9th),,,,False,,
69,1936 (9th),The Great Ziegfeld,"Metro-Goldwyn-Mayer (Hunt Stromberg, producer)",/wiki/The_Great_Ziegfeld,True,,
70,1936 (9th),Anthony Adverse,Warner Bros.,/wiki/Anthony_Adverse,False,,
71,1936 (9th),Dodsworth,"Samuel Goldwyn Productions (Samuel Goldwyn, producer)",/wiki/Dodsworth_(film),False,,
72,1936 (9th),Libeled Lady,Metro-Goldwyn-Mayer,/wiki/Libeled_Lady,False,,
73,1936 (9th),Mr. Deeds Goes to Town,Columbia,/wiki/Mr._Deeds_Goes_to_Town,False,,
74,1936 (9th),Romeo and Juliet,Metro-Goldwyn-Mayer,/wiki/Romeo_and_Juliet_(1936_film),False,,
75,1936 (9th),San Francisco,Metro-Goldwyn-Mayer,/wiki/San_Francisco_(1936_film),False,,
76,1936 (9th),The Story of Louis Pasteur,Cosmopolitan,/wiki/The_Story_of_Louis_Pasteur,False,,
77,1936 (9th),A Tale of Two Cities,Metro-Goldwyn-Mayer,/wiki/A_Tale_of_Two_Cities_(1935_film),False,,
78,1936 (9th),Three Smart Girls,Universal,/wiki/Three_Smart_Girls,False,,
79,1937 (10th),,,,False,,
80,1937 (10th),The Life of Emile Zola,"Warner Bros. (Henry Blanke, producer)",/wiki/The_Life_of_Emile_Zola,True,,
81,1937 (10th),The Awful Truth,Columbia,/wiki/The_Awful_Truth,False,,
82,1937 (10th),Captains Courageous,Metro-Goldwyn-Mayer,/wiki/Captains_Courageous_(1937_film),False,,
83,1937 (10th),Dead End,"Samuel Goldwyn Productions (Samuel Goldwyn, producer)",/wiki/Dead_End_(1937_film),False,,
84,1937 (10th),The Good Earth,Metro-Goldwyn-Mayer,/wiki/The_Good_Earth_(film),False,,
85,1937 (10th),In Old Chicago,20th Century-Fox,/wiki/In_Old_Chicago,False,,
86,1937 (10th),Lost Horizon,Columbia,/wiki/Lost_Horizon_(1937_film),False,,
87,1937 (10th),One Hundred Men and a Girl,Universal,/wiki/One_Hundred_Men_and_a_Girl,False,,
88,1937 (10th),Stage Door,RKO Radio,/wiki/Stage_Door,False,,
89,1937 (10th),A Star Is Born,Selznick International Pictures,/wiki/A_Star_Is_Born_(1937_film),False,,
90,1938 (11th),,,,False,,
91,1938 (11th),You Can't Take It with You,"Columbia (Frank Capra, producer)",/wiki/You_Can%27t_Take_It_with_You_(film),True,,
92,1938 (11th),The Adventures of Robin Hood,Warner Bros.-First National,/wiki/The_Adventures_of_Robin_Hood,False,,
93,1938 (11th),Alexander's Ragtime Band,20th Century-Fox,/wiki/Alexander%27s_Ragtime_Band_(film),False,,
94,1938 (11th),Boys Town,Metro-Goldwyn-Mayer,/wiki/Boys_Town_(film),False,,
95,1938 (11th),The Citadel,Metro-Goldwyn-Mayer,/wiki/The_Citadel_(1938_film),False,,
96,1938 (11th),Four Daughters,Warner Bros.-First National,/wiki/Four_Daughters,False,,
97,1938 (11th),Grand Illusion,Réalisation d'art Cinématographique,/wiki/La_Grande_Illusion,False,,
98,1938 (11th),Jezebel,Warner Bros.,/wiki/Jezebel_(1938_film),False,,
99,1938 (11th),Pygmalion,Metro-Goldwyn-Mayer,/wiki/Pygmalion_(1938_film),False,,
100,1938 (11th),Test Pilot,Metro-Goldwyn-Mayer,/wiki/Test_Pilot_(film),False,,
101,1939 (12th),,,,False,,
102,1939 (12th),Gone with the Wind,"Selznick International Pictures (David O. Selznick, producer)",/wiki/Gone_with_the_Wind_(film),True,,
103,1939 (12th),Dark Victory,Warner Bros.-First National,/wiki/Dark_Victory,False,,
104,1939 (12th),"Goodbye, Mr. Chips",Metro-Goldwyn-Mayer,"/wiki/Goodbye,_Mr._Chips_(1939_film)",False,,
105,1939 (12th),Love Affair,RKO Radio,/wiki/Love_Affair_(1939_film),False,,
106,1939 (12th),Mr. Smith Goes to Washington,Columbia,/wiki/Mr._Smith_Goes_to_Washington,False,,
107,1939 (12th),Ninotchka,Metro-Goldwyn-Mayer,/wiki/Ninotchka,False,,
108,1939 (12th),Of Mice and Men,Hal Roach (production company),/wiki/Of_Mice_and_Men_(1939_film),False,,
109,1939 (12th),Stagecoach,Walter Wanger (production company),/wiki/Stagecoach_(1939_film),False,,
110,1939 (12th),The Wizard of Oz,Metro-Goldwyn-Mayer,/wiki/The_Wizard_of_Oz_(1939_film),False,,
111,1939 (12th),Wuthering Heights,Samuel Goldwyn Productions,/wiki/Wuthering_Heights_(1939_film),False,,
112,1940 (13th),,,,False,,
113,1940 (13th),Rebecca,"Selznick International Pictures (David O. Selznick, producer)",/wiki/Rebecca_(1940_film),True,,
114,1940 (13th),"All This, and Heaven Too",Warner Bros.,"/wiki/All_This,_and_Heaven_Too",False,,
115,1940 (13th),Foreign Correspondent,Walter Wanger (production company),/wiki/Foreign_Correspondent_(film),False,,
116,1940 (13th),The Grapes of Wrath,20th Century-Fox,/wiki/The_Grapes_of_Wrath_(film),False,,
117,1940 (13th),The Great Dictator,Charles Chaplin Productions,/wiki/The_Great_Dictator,False,,
118,1940 (13th),Kitty Foyle,RKO Radio,/wiki/Kitty_Foyle_(film),False,,
119,1940 (13th),The Letter,Warner Bros.,/wiki/The_Letter_(1940_film),False,,
120,1940 (13th),The Long Voyage Home,Argosy-Wanger,/wiki/The_Long_Voyage_Home,False,,
121,1940 (13th),Our Town,Sol Lesser (production company),/wiki/Our_Town_(1940_film),False,,
122,1940 (13th),The Philadelphia Story,Metro-Goldwyn-Mayer,/wiki/The_Philadelphia_Story_(film),False,,
123,1941 (14th),,,,False,,
124,1941 (14th),How Green Was My Valley,"20th Century-Fox (Darryl F. Zanuck, producer)",/wiki/How_Green_Was_My_Valley_(film),True,,
125,1941 (14th),Blossoms in the Dust,Metro-Goldwyn-Mayer,/wiki/Blossoms_in_the_Dust,False,,
126,1941 (14th),Citizen Kane,Mercury,/wiki/Citizen_Kane,False,,
127,1941 (14th),Here Comes Mr. Jordan,Columbia,/wiki/Here_Comes_Mr._Jordan,False,,
128,1941 (14th),Hold Back the Dawn,Paramount,/wiki/Hold_Back_the_Dawn,False,,
129,1941 (14th),The Little Foxes,"Samuel Goldwyn Productions (Samuel Goldwyn, producer)",/wiki/The_Little_Foxes_(film),False,,
130,1941 (14th),The Maltese Falcon,Warner Bros.,/wiki/The_Maltese_Falcon_(1941_film),False,,
131,1941 (14th),One Foot in Heaven,Warner Bros.,/wiki/One_Foot_in_Heaven,False,,
132,1941 (14th),Sergeant York,Warner Bros.,/wiki/Sergeant_York_(film),False,,
133,1941 (14th),Suspicion,RKO Radio,/wiki/Suspicion_(1941_film),False,,
134,1942 (15th),,,,False,,
135,1942 (15th),Mrs. Miniver,"Metro-Goldwyn-Mayer (Sidney Franklin, producer)",/wiki/Mrs._Miniver,True,,
136,1942 (15th),49th Parallel[43],Ortus,,False,,
137,1942 (15th),Kings Row,Warner Bros.,/wiki/Kings_Row,False,,
138,1942 (15th),The Magnificent Ambersons,Mercury,/wiki/The_Magnificent_Ambersons_(film),False,,
139,1942 (15th),The Pied Piper,20th Century-Fox,/wiki/The_Pied_Piper_(1942_film),False,,
140,1942 (15th),The Pride of the Yankees,"Samuel Goldwyn Productions (Samuel Goldwyn, producer)",/wiki/The_Pride_of_the_Yankees,False,,
141,1942 (15th),Random Harvest,Metro-Goldwyn-Mayer,/wiki/Random_Harvest_(film),False,,
142,1942 (15th),The Talk of the Town,Columbia,/wiki/The_Talk_of_the_Town_(1942_film),False,,
143,1942 (15th),Wake Island,Paramount,/wiki/Wake_Island_(film),False,,
144,1942 (15th),Yankee Doodle Dandy,Warner Bros.,/wiki/Yankee_Doodle_Dandy,False,,
145,1943 (16th),,,,False,,
146,1943 (16th),Casablanca,"Warner Bros. (Hal B. Wallis, producer)",/wiki/Casablanca_(film),True,,
147,1943 (16th),For Whom the Bell Tolls,Paramount,/wiki/For_Whom_the_Bell_Tolls_(film),False,,
148,1943 (16th),Heaven Can Wait,20th Century-Fox,/wiki/Heaven_Can_Wait_(1943_film),False,,
149,1943 (16th),The Human Comedy,Metro-Goldwyn-Mayer,/wiki/The_Human_Comedy_(film),False,,
150,1943 (16th),In Which We Serve,Two Cities Films,/wiki/In_Which_We_Serve,False,,
151,1943 (16th),Madame Curie,Metro-Goldwyn-Mayer,/wiki/Madame_Curie_(film),False,,
152,1943 (16th),The More the Merrier,Columbia,/wiki/The_More_the_Merrier,False,,
153,1943 (16th),The Ox-Bow Incident,20th Century-Fox,/wiki/The_Ox-Bow_Incident,False,,
154,1943 (16th),The Song of Bernadette,20th Century-Fox,/wiki/The_Song_of_Bernadette_(film),False,,
155,1943 (16th),Watch on the Rhine,Warner Bros.,/wiki/Watch_on_the_Rhine,False,,
156,1944 (17th),,,,False,,
157,1944 (17th),Going My Way,"Paramount (Leo McCarey, producer)",/wiki/Going_My_Way,True,,
158,1944 (17th),Double Indemnity,Paramount,/wiki/Double_Indemnity,False,,
159,1944 (17th),Gaslight,Metro-Goldwyn-Mayer,/wiki/Gaslight_(1944_film),False,,
160,1944 (17th),Since You Went Away,"Selznick International Pictures (David O. Selznick, producer)",/wiki/Since_You_Went_Away,False,,
161,1944 (17th),Wilson,20th Century-Fox,/wiki/Wilson_(1944_film),False,,
162,1945 (18th),,,,False,,
163,1945 (18th),The Lost Weekend,"Paramount (Charles Brackett, producer)",/wiki/The_Lost_Weekend_(film),True,,
164,1945 (18th),Anchors Aweigh,Metro-Goldwyn-Mayer,/wiki/Anchors_Aweigh_(film),False,,
165,1945 (18th),The Bells of St. Mary's,Rainbow Productions,/wiki/The_Bells_of_St._Mary%27s,False,,
166,1945 (18th),Mildred Pierce,Warner Bros.,/wiki/Mildred_Pierce_(film),False,,
167,1945 (18th),Spellbound,"Selznick International Pictures (David O. Selznick, producer)",/wiki/Spellbound_(1945_film),False,,
168,1946 (19th),,,,False,,
169,1946 (19th),The Best Years of Our Lives,"Samuel Goldwyn Productions (Samuel Goldwyn, producer)",/wiki/The_Best_Years_of_Our_Lives,True,,
170,1946 (19th),Henry V,Two Cities Films,/wiki/Henry_V_(1944_film),False,,
171,1946 (19th),It's a Wonderful Life,Liberty Films,/wiki/It%27s_a_Wonderful_Life,False,,
172,1946 (19th),The Razor's Edge,20th Century-Fox,/wiki/The_Razor%27s_Edge_(1946_film),False,,
173,1946 (19th),The Yearling,Metro-Goldwyn-Mayer,/wiki/The_Yearling_(1946_film),False,,
174,1947 (20th),,,,False,,
175,1947 (20th),Gentleman's Agreement,"20th Century-Fox (Darryl F. Zanuck, producer)",/wiki/Gentleman%27s_Agreement,True,,
176,1947 (20th),The Bishop's Wife,"Samuel Goldwyn Productions (Samuel Goldwyn, producer)",/wiki/The_Bishop%27s_Wife,False,,
177,1947 (20th),Crossfire,RKO Radio,/wiki/Crossfire_(film),False,,
178,1947 (20th),Great Expectations,J. Arthur Rank-Cineguild,/wiki/Great_Expectations_(1946_film),False,,
179,1947 (20th),Miracle on 34th Street,20th Century-Fox,/wiki/Miracle_on_34th_Street,False,,
180,1948 (21st),,,,False,,
181,1948 (21st),Hamlet,"J. Arthur Rank-Two Cities Films (Laurence Olivier, producer)",/wiki/Hamlet_(1948_film),True,,
182,1948 (21st),Johnny Belinda,Warner Bros.,/wiki/Johnny_Belinda_(1948_film),False,,
183,1948 (21st),The Red Shoes,J. Arthur Rank-Archers,/wiki/The_Red_Shoes_(1948_film),False,,
184,1948 (21st),The Snake Pit,20th Century-Fox,/wiki/The_Snake_Pit,False,,
185,1948 (21st),The Treasure of the Sierra Madre,Warner Bros.,/wiki/The_Treasure_of_the_Sierra_Madre_(film),False,,
186,1949 (22nd),,,,False,,
187,1949 (22nd),All the King's Men,"Columbia (Robert Rossen, producer)",/wiki/All_the_King%27s_Men_(1949_film),True,,
188,1949 (22nd),Battleground,Metro-Goldwyn-Mayer,/wiki/Battleground_(film),False,,
189,1949 (22nd),The Heiress,Paramount,/wiki/The_Heiress,False,,
190,1949 (22nd),A Letter to Three Wives,20th Century-Fox,/wiki/A_Letter_to_Three_Wives,False,,
191,1949 (22nd),Twelve O'Clock High,20th Century-Fox,/wiki/Twelve_O%27Clock_High,False,,
192,1950 (23rd),,,,False,,
193,1950 (23rd),All About Eve,,/wiki/All_About_Eve,True,"20th Century-Fox (Darryl F. Zanuck, producer)",
194,1950 (23rd),Born Yesterday,,/wiki/Born_Yesterday_(1950_film),False,Columbia,
195,1950 (23rd),Father of the Bride,,/wiki/Father_of_the_Bride_(1950_film),False,Metro-Goldwyn-Mayer,
196,1950 (23rd),King Solomon's Mines,,/wiki/King_Solomon%27s_Mines_(1950_film),False,Metro-Goldwyn-Mayer,
197,1950 (23rd),Sunset Boulevard,,/wiki/Sunset_Boulevard_(film),False,Paramount,
198,1951 (24th),,,,False,,
199,1951 (24th),An American in Paris,,/wiki/An_American_in_Paris_(film),True,Arthur Freed,
200,1951 (24th),Decision Before Dawn,,/wiki/Decision_Before_Dawn,False,Anatole Litvak and Frank McCarthy,
201,1951 (24th),A Place in the Sun,,/wiki/A_Place_in_the_Sun_(1951_film),False,George Stevens,
202,1951 (24th),Quo Vadis,,/wiki/Quo_Vadis_(1951_film),False,Sam Zimbalist,
203,1951 (24th),A Streetcar Named Desire,,/wiki/A_Streetcar_Named_Desire_(1951_film),False,Charles K. Feldman,
204,1952 (25th),,,,False,,
205,1952 (25th),The Greatest Show on Earth,,/wiki/The_Greatest_Show_on_Earth_(film),True,Cecil B. DeMille,
206,1952 (25th),High Noon,,/wiki/High_Noon,False,Stanley Kramer,
207,1952 (25th),Ivanhoe,,/wiki/Ivanhoe_(1952_film),False,Pandro S. Berman,
208,1952 (25th),Moulin Rouge,,/wiki/Moulin_Rouge_(1952_film),False,John and James Woolf,
209,1952 (25th),The Quiet Man,,/wiki/The_Quiet_Man,False,John Ford and Merian C. Cooper,
210,1953 (26th),,,,False,,
211,1953 (26th),From Here to Eternity,,/wiki/From_Here_to_Eternity,True,Buddy Adler,
212,1953 (26th),Julius Caesar,,/wiki/Julius_Caesar_(1953_film),False,John Houseman,
213,1953 (26th),The Robe,,/wiki/The_Robe_(film),False,Frank Ross,
214,1953 (26th),Roman Holiday,,/wiki/Roman_Holiday,False,William Wyler,
215,1953 (26th),Shane,,/wiki/Shane_(film),False,George Stevens,
216,1954 (27th),,,,False,,
217,1954 (27th),On the Waterfront,,/wiki/On_the_Waterfront,True,Sam Spiegel,
218,1954 (27th),The Caine Mutiny,,/wiki/The_Caine_Mutiny_(film),False,Stanley Kramer,
219,1954 (27th),The Country Girl,,/wiki/The_Country_Girl_(1954_film),False,William Perlberg,
220,1954 (27th),Seven Brides for Seven Brothers,,/wiki/Seven_Brides_for_Seven_Brothers,False,Jack Cummings,
221,1954 (27th),Three Coins in the Fountain,,/wiki/Three_Coins_in_the_Fountain_(film),False,Sol C. Siegel,
222,1955 (28th),,,,False,,
223,1955 (28th),Marty,,/wiki/Marty_(film),True,Harold Hecht,
224,1955 (28th),Love Is a Many-Splendored Thing,,/wiki/Love_Is_a_Many-Splendored_Thing_(film),False,Buddy Adler,
225,1955 (28th),Mister Roberts,,/wiki/Mister_Roberts_(1955_film),False,Leland Hayward,
226,1955 (28th),Picnic,,/wiki/Picnic_(1955_film),False,Fred Kohlmar,
227,1955 (28th),The Rose Tattoo,,/wiki/The_Rose_Tattoo_(film),False,Hal B. Wallis,
228,1956 (29th),,,,False,,
229,1956 (29th),Around the World in 80 Days,,/wiki/Around_the_World_in_80_Days_(1956_film),True,Michael Todd,
230,1956 (29th),Friendly Persuasion,,/wiki/Friendly_Persuasion_(1956_film),False,William Wyler,
231,1956 (29th),Giant,,/wiki/Giant_(1956_film),False,George Stevens and Henry Ginsberg,
232,1956 (29th),The King and I,,/wiki/The_King_and_I_(1956_film),False,Charles Brackett,
233,1956 (29th),The Ten Commandments,,/wiki/The_Ten_Commandments_(1956_film),False,Cecil B. DeMille,
234,1957 (30th),,,,False,,
235,1957 (30th),The Bridge on the River Kwai,,/wiki/The_Bridge_on_the_River_Kwai,True,Sam Spiegel,
236,1957 (30th),12 Angry Men,,/wiki/12_Angry_Men_(1957_film),False,Henry Fonda and Reginald Rose,
237,1957 (30th),Peyton Place,,/wiki/Peyton_Place_(film),False,Jerry Wald,
238,1957 (30th),Sayonara,,/wiki/Sayonara,False,William Goetz,
239,1957 (30th),Witness for the Prosecution,,/wiki/Witness_for_the_Prosecution_(1957_film),False,Arthur Hornblow Jr.,
240,1958 (31st),,,,False,,
241,1958 (31st),Gigi,,/wiki/Gigi_(1958_film),True,Arthur Freed,
242,1958 (31st),Auntie Mame,,/wiki/Auntie_Mame_(film),False,Jack L. Warner,
243,1958 (31st),Cat on a Hot Tin Roof,,/wiki/Cat_on_a_Hot_Tin_Roof_(1958_film),False,Lawrence Weingarten,
244,1958 (31st),The Defiant Ones,,/wiki/The_Defiant_Ones,False,Stanley Kramer,
245,1958 (31st),Separate Tables,,/wiki/Separate_Tables_(film),False,Harold Hecht,
246,1959 (32nd),,,,False,,
247,1959 (32nd),Ben-Hur,,/wiki/Ben-Hur_(1959_film),True,Sam Zimbalist,
248,1959 (32nd),Anatomy of a Murder,,/wiki/Anatomy_of_a_Murder,False,Otto Preminger,
249,1959 (32nd),The Diary of Anne Frank,,/wiki/The_Diary_of_Anne_Frank_(1959_film),False,George Stevens,
250,1959 (32nd),The Nun's Story,,/wiki/The_Nun%27s_Story_(film),False,Henry Blanke,
251,1959 (32nd),Room at the Top,,/wiki/Room_at_the_Top_(1959_film),False,John Woolf and James Woolf,
252,1960 (33rd),,,,False,,
253,1960 (33rd),The Apartment,,/wiki/The_Apartment,True,,Billy Wilder
254,1960 (33rd),The Alamo,,/wiki/The_Alamo_(1960_film),False,,John Wayne
255,1960 (33rd),Elmer Gantry,,/wiki/Elmer_Gantry_(film),False,,Bernard Smith
256,1960 (33rd),Sons and Lovers,,/wiki/Sons_and_Lovers_(film),False,,Jerry Wald
257,1960 (33rd),The Sundowners,,/wiki/The_Sundowners_(1960_film),False,,Fred Zinnemann
258,1961 (34th),,,,False,,
259,1961 (34th),West Side Story,,/wiki/West_Side_Story_(1961_film),True,,Robert Wise
260,1961 (34th),Fanny,,/wiki/Fanny_(1961_film),False,,Joshua Logan
261,1961 (34th),The Guns of Navarone,,/wiki/The_Guns_of_Navarone_(film),False,,Carl Foreman
262,1961 (34th),The Hustler,,/wiki/The_Hustler,False,,Robert Rossen
263,1961 (34th),Judgment at Nuremberg,,/wiki/Judgment_at_Nuremberg,False,,Stanley Kramer
264,1962 (35th),,,,False,,
265,1962 (35th),Lawrence of Arabia,,/wiki/Lawrence_of_Arabia_(film),True,,Sam Spiegel
266,1962 (35th),The Longest Day,,/wiki/The_Longest_Day_(film),False,,Darryl F. Zanuck
267,1962 (35th),The Music Man,,/wiki/The_Music_Man_(1962_film),False,,Morton DaCosta
268,1962 (35th),Mutiny on the Bounty,,/wiki/Mutiny_on_the_Bounty_(1962_film),False,,Aaron Rosenberg
269,1962 (35th),To Kill a Mockingbird,,/wiki/To_Kill_a_Mockingbird_(film),False,,Alan J. Pakula
270,1963 (36th),,,,False,,
271,1963 (36th),Tom Jones,,/wiki/Tom_Jones_(1963_film),True,,Tony Richardson
272,1963 (36th),America America,,/wiki/America_America,False,,Elia Kazan
273,1963 (36th),Cleopatra,,/wiki/Cleopatra_(1963_film),False,,Walter Wanger
274,1963 (36th),How the West Was Won,,/wiki/How_the_West_Was_Won_(film),False,,Bernard Smith
275,1963 (36th),Lilies of the Field,,/wiki/Lilies_of_the_Field_(1963_film),False,,Ralph Nelson
276,1964 (37th),,,,False,,
277,1964 (37th),My Fair Lady,,/wiki/My_Fair_Lady_(film),True,,Jack L. Warner
278,1964 (37th),Becket,,/wiki/Becket_(1964_film),False,,Hal B. Wallis
279,1964 (37th),Dr. Strangelove or: How I Learned to Stop Worrying and Love the Bomb,,/wiki/Dr._Strangelove,False,,Stanley Kubrick
280,1964 (37th),Mary Poppins,,/wiki/Mary_Poppins_(film),False,,Walt Disney and Bill Walsh
281,1964 (37th),Zorba the Greek,,/wiki/Zorba_the_Greek_(film),False,,Michael Cacoyannis
282,1965 (38th),,,,False,,
283,1965 (38th),The Sound of Music,,/wiki/The_Sound_of_Music_(film),True,,Robert Wise
284,1965 (38th),Darling,,/wiki/Darling_(1965_film),False,,Joseph Janni
285,1965 (38th),Doctor Zhivago,,/wiki/Doctor_Zhivago_(film),False,,Carlo Ponti
286,1965 (38th),Ship of Fools,,/wiki/Ship_of_Fools_(film),False,,Stanley Kramer
287,1965 (38th),A Thousand Clowns,,/wiki/A_Thousand_Clowns,False,,Fred Coe
288,1966 (39th),,,,False,,
289,1966 (39th),A Man for All Seasons,,/wiki/A_Man_for_All_Seasons_(1966_film),True,,Fred Zinnemann
290,1966 (39th),Alfie,,/wiki/Alfie_(1966_film),False,,Lewis Gilbert
291,1966 (39th),"The Russians Are Coming, the Russians Are Coming",,"/wiki/The_Russians_Are_Coming,_the_Russians_Are_Coming",False,,Norman Jewison
292,1966 (39th),The Sand Pebbles,,/wiki/The_Sand_Pebbles_(film),False,,Robert Wise
293,1966 (39th),Who's Afraid of Virginia Woolf?,,/wiki/Who%27s_Afraid_of_Virginia_Woolf%3F_(film),False,,Ernest Lehman
294,1967 (40th),,,,False,,
295,1967 (40th),In the Heat of the Night,,/wiki/In_the_Heat_of_the_Night_(film),True,,Walter Mirisch
296,1967 (40th),Bonnie and Clyde,,/wiki/Bonnie_and_Clyde_(film),False,,Warren Beatty
297,1967 (40th),Doctor Dolittle,,/wiki/Doctor_Dolittle_(1967_film),False,,Arthur P. Jacobs
298,1967 (40th),The Graduate,,/wiki/The_Graduate,False,,Lawrence Turman
299,1967 (40th),Guess Who's Coming to Dinner,,/wiki/Guess_Who%27s_Coming_to_Dinner,False,,Stanley Kramer
300,1968 (41st),,,,False,,
301,1968 (41st),Oliver!,,/wiki/Oliver!_(film),True,,John Woolf
302,1968 (41st),Funny Girl,,/wiki/Funny_Girl_(film),False,,Ray Stark
303,1968 (41st),The Lion in Winter,,/wiki/The_Lion_in_Winter_(1968_film),False,,Martin Poll
304,1968 (41st),"Rachel, Rachel",,"/wiki/Rachel,_Rachel",False,,Paul Newman
305,1968 (41st),Romeo and Juliet,,/wiki/Romeo_and_Juliet_(1968_film),False,,Anthony Havelock-Allan and John Brabourne
306,1969 (42nd),,,,False,,
307,1969 (42nd),Midnight Cowboy,,/wiki/Midnight_Cowboy,True,,Jerome Hellman
308,1969 (42nd),Anne of the Thousand Days,,/wiki/Anne_of_the_Thousand_Days,False,,Hal B. Wallis
309,1969 (42nd),Butch Cassidy and the Sundance Kid,,/wiki/Butch_Cassidy_and_the_Sundance_Kid,False,,John Foreman
310,1969 (42nd),"Hello, Dolly!",,"/wiki/Hello,_Dolly!_(film)",False,,Ernest Lehman
311,1969 (42nd),Z,,/wiki/Z_(1969_film),False,,Jacques Perrin and Ahmed Rachedi
312,1970 (43rd),,,,False,,
313,1970 (43rd),Patton,,/wiki/Patton_(film),True,,Frank McCarthy
314,1970 (43rd),Airport,,/wiki/Airport_(1970_film),False,,Ross Hunter
315,1970 (43rd),Five Easy Pieces,,/wiki/Five_Easy_Pieces,False,,Bob Rafelson and Richard Wechsler
316,1970 (43rd),Love Story,,/wiki/Love_Story_(1970_film),False,,Howard G. Minsky
317,1970 (43rd),M*A*S*H,,/wiki/M*A*S*H_(film),False,,Ingo Preminger
318,1971 (44th),,,,False,,
319,1971 (44th),The French Connection,,/wiki/The_French_Connection_(film),True,,Philip D'Antoni
320,1971 (44th),A Clockwork Orange,,/wiki/A_Clockwork_Orange_(film),False,,Stanley Kubrick
321,1971 (44th),Fiddler on the Roof,,/wiki/Fiddler_on_the_Roof_(film),False,,Norman Jewison
322,1971 (44th),The Last Picture Show,,/wiki/The_Last_Picture_Show,False,,Stephen J. Friedman
323,1971 (44th),Nicholas and Alexandra,,/wiki/Nicholas_and_Alexandra,False,,Sam Spiegel
324,1972 (45th),,,,False,,
325,1972 (45th),The Godfather,,/wiki/The_Godfather,True,,Albert S. Ruddy
326,1972 (45th),Cabaret,,/wiki/Cabaret_(1972_film),False,,Cy Feuer
327,1972 (45th),Deliverance,,/wiki/Deliverance,False,,John Boorman
328,1972 (45th),The Emigrants,,/wiki/The_Emigrants_(film),False,,Bengt Forslund
329,1972 (45th),Sounder,,/wiki/Sounder_(film),False,,Robert B. Radnitz
330,1973 (46th),,,,False,,
331,1973 (46th),The Sting,,/wiki/The_Sting,True,,"Tony Bill, Michael Phillips, and Julia Phillips"
332,1973 (46th),American Graffiti,,/wiki/American_Graffiti,False,,Francis Ford Coppola and Gary Kurtz
333,1973 (46th),Cries and Whispers,,/wiki/Cries_and_Whispers,False,,Ingmar Bergman
334,1973 (46th),The Exorcist,,/wiki/The_Exorcist,False,,William Peter Blatty
335,1973 (46th),A Touch of Class,,/wiki/A_Touch_of_Class_(film),False,,Melvin Frank
336,1974 (47th),,,,False,,
337,1974 (47th),The Godfather Part II,,/wiki/The_Godfather_Part_II,True,,"Francis Ford Coppola, Gray Frederickson, and Fred Roos"
338,1974 (47th),Chinatown,,/wiki/Chinatown_(1974_film),False,,Robert Evans
339,1974 (47th),The Conversation,,/wiki/The_Conversation,False,,Francis Ford Coppola
340,1974 (47th),Lenny,,/wiki/Lenny_(film),False,,Marvin Worth
341,1974 (47th),The Towering Inferno,,/wiki/The_Towering_Inferno,False,,Irwin Allen
342,1975 (48th),,,,False,,
343,1975 (48th),One Flew Over the Cuckoo's Nest,,/wiki/One_Flew_Over_the_Cuckoo%27s_Nest_(film),True,,Michael Douglas and Saul Zaentz
344,1975 (48th),Barry Lyndon,,/wiki/Barry_Lyndon,False,,Stanley Kubrick
345,1975 (48th),Dog Day Afternoon,,/wiki/Dog_Day_Afternoon,False,,Martin Bregman and Martin Elfand
346,1975 (48th),Jaws,,/wiki/Jaws_(film),False,,Richard D. Zanuck and David Brown
347,1975 (48th),Nashville,,/wiki/Nashville_(film),False,,Robert Altman
348,1976 (49th),,,,False,,
349,1976 (49th),Rocky,,/wiki/Rocky,True,,Irwin Winkler and Robert Chartoff
350,1976 (49th),All the President's Men,,/wiki/All_the_President%27s_Men_(film),False,,Walter Coblenz
351,1976 (49th),Bound for Glory,,/wiki/Bound_for_Glory_(1976_film),False,,Robert F. Blumofe and Harold Leventhal
352,1976 (49th),Network,,/wiki/Network_(1976_film),False,,Howard Gottfried
353,1976 (49th),Taxi Driver,,/wiki/Taxi_Driver,False,,Michael Phillips and Julia Phillips
354,1977 (50th),,,,False,,
355,1977 (50th),Annie Hall,,/wiki/Annie_Hall,True,,Charles H. Joffe
356,1977 (50th),The Goodbye Girl,,/wiki/The_Goodbye_Girl,False,,Ray Stark
357,1977 (50th),Julia,,/wiki/Julia_(1977_film),False,,Richard Roth
358,1977 (50th),Star Wars,,/wiki/Star_Wars_(film),False,,Gary Kurtz
359,1977 (50th),The Turning Point,,/wiki/The_Turning_Point_(1977_film),False,,Herbert Ross and Arthur Laurents
360,1978 (51st),,,,False,,
361,1978 (51st),The Deer Hunter,,/wiki/The_Deer_Hunter,True,,"Barry Spikings, Michael Deeley, Michael Cimino, and John Peverall"
362,1978 (51st),Coming Home,,/wiki/Coming_Home_(1978_film),False,,Jerome Hellman
363,1978 (51st),Heaven Can Wait,,/wiki/Heaven_Can_Wait_(1978_film),False,,Warren Beatty
364,1978 (51st),Midnight Express,,/wiki/Midnight_Express_(film),False,,Alan Marshall and David Puttnam
365,1978 (51st),An Unmarried Woman,,/wiki/An_Unmarried_Woman,False,,Paul Mazursky and Anthony Ray
366,1979 (52nd),,,,False,,
367,1979 (52nd),Kramer vs. Kramer,,/wiki/Kramer_vs._Kramer,True,,Stanley R. Jaffe
368,1979 (52nd),All That Jazz,,/wiki/All_That_Jazz_(film),False,,Robert Alan Aurthur
369,1979 (52nd),Apocalypse Now,,/wiki/Apocalypse_Now,False,,"Francis Ford Coppola, Fred Roos, Gray Frederickson, and Tom Sternberg"
370,1979 (52nd),Breaking Away,,/wiki/Breaking_Away,False,,Peter Yates
371,1979 (52nd),Norma Rae,,/wiki/Norma_Rae,False,,Tamara Asseyev and Alex Rose
372,1980 (53rd),,,,False,,
373,1980 (53rd),Ordinary People,,/wiki/Ordinary_People,True,,Ronald L. Schwary
374,1980 (53rd),Coal Miner's Daughter,,/wiki/Coal_Miner%27s_Daughter_(film),False,,Bernard Schwartz
375,1980 (53rd),The Elephant Man,,/wiki/The_Elephant_Man_(film),False,,Jonathan Sanger
376,1980 (53rd),Raging Bull,,/wiki/Raging_Bull,False,,Irwin Winkler and Robert Chartoff
377,1980 (53rd),Tess,,/wiki/Tess_(1979_film),False,,Claude Berri and Timothy Burrill
378,1981 (54th),,,,False,,
379,1981 (54th),Chariots of Fire,,/wiki/Chariots_of_Fire,True,,David Puttnam
380,1981 (54th),Atlantic City,,/wiki/Atlantic_City_(1980_film),False,,Denis Héroux
381,1981 (54th),On Golden Pond,,/wiki/On_Golden_Pond_(1981_film),False,,Bruce Gilbert
382,1981 (54th),Raiders of the Lost Ark,,/wiki/Raiders_of_the_Lost_Ark,False,,Frank Marshall
383,1981 (54th),Reds,,/wiki/Reds_(film),False,,Warren Beatty
384,1982 (55th),,,,False,,
385,1982 (55th),Gandhi,,/wiki/Gandhi_(film),True,,Richard Attenborough
386,1982 (55th),E.T. the Extra-Terrestrial,,/wiki/E.T._the_Extra-Terrestrial,False,,Steven Spielberg and Kathleen Kennedy
387,1982 (55th),Missing,,/wiki/Missing_(1982_film),False,,Edward Lewis and Mildred Lewis
388,1982 (55th),Tootsie,,/wiki/Tootsie,False,,Sydney Pollack and Dick Richards
389,1982 (55th),The Verdict,,/wiki/The_Verdict,False,,Richard D. Zanuck and David Brown
390,1983 (56th),,,,False,,
391,1983 (56th),Terms of Endearment,,/wiki/Terms_of_Endearment,True,,James L. Brooks
392,1983 (56th),The Big Chill,,/wiki/The_Big_Chill_(film),False,,Michael Shamberg
393,1983 (56th),The Dresser,,/wiki/The_Dresser_(1983_film),False,,Peter Yates
394,1983 (56th),The Right Stuff,,/wiki/The_Right_Stuff_(film),False,,Irwin Winkler and Robert Chartoff
395,1983 (56th),Tender Mercies,,/wiki/Tender_Mercies,False,,Philip S. Hobel
396,1984 (57th),,,,False,,
397,1984 (57th),Amadeus,,/wiki/Amadeus_(film),True,,Saul Zaentz
398,1984 (57th),The Killing Fields,,/wiki/The_Killing_Fields_(film),False,,David Puttnam
399,1984 (57th),A Passage to India,,/wiki/A_Passage_to_India_(film),False,,John Brabourne and Richard B. Goodwin
400,1984 (57th),Places in the Heart,,/wiki/Places_in_the_Heart,False,,Arlene Donovan
401,1984 (57th),A Soldier's Story,,/wiki/A_Soldier%27s_Story,False,,"Norman Jewison, Ronald L. Schwary, and Patrick Palmer"
402,1985 (58th),,,,False,,
403,1985 (58th),Out of Africa,,/wiki/Out_of_Africa_(film),True,,Sydney Pollack
404,1985 (58th),The Color Purple,,/wiki/The_Color_Purple_(1985_film),False,,"Steven Spielberg, Kathleen Kennedy, Frank Marshall, and Quincy Jones"
405,1985 (58th),Kiss of the Spider Woman,,/wiki/Kiss_of_the_Spider_Woman_(film),False,,David Weisman
406,1985 (58th),Prizzi's Honor,,/wiki/Prizzi%27s_Honor,False,,John Foreman
407,1985 (58th),Witness,,/wiki/Witness_(1985_film),False,,Edward S. Feldman
408,1986 (59th),,,,False,,
409,1986 (59th),Platoon,,/wiki/Platoon_(film),True,,Arnold Kopelson
410,1986 (59th),Children of a Lesser God,,/wiki/Children_of_a_Lesser_God_(film),False,,Burt Sugarman and Patrick J. Palmer
411,1986 (59th),Hannah and Her Sisters,,/wiki/Hannah_and_Her_Sisters,False,,Robert Greenhut
412,1986 (59th),The Mission,,/wiki/The_Mission_(1986_film),False,,Fernando Ghia and David Puttnam
413,1986 (59th),A Room with a View,,/wiki/A_Room_with_a_View_(1985_film),False,,Ismail Merchant
414,1987 (60th),,,,False,,
415,1987 (60th),The Last Emperor,,/wiki/The_Last_Emperor,True,,Jeremy Thomas
416,1987 (60th),Broadcast News,,/wiki/Broadcast_News_(film),False,,James L. Brooks
417,1987 (60th),Fatal Attraction,,/wiki/Fatal_Attraction,False,,Stanley R. Jaffe and Sherry Lansing
418,1987 (60th),Hope and Glory,,/wiki/Hope_and_Glory_(film),False,,John Boorman
419,1987 (60th),Moonstruck,,/wiki/Moonstruck,False,,Patrick J. Palmer and Norman Jewison
420,1988 (61st),,,,False,,
421,1988 (61st),Rain Man,,/wiki/Rain_Man,True,,Mark Johnson
422,1988 (61st),The Accidental Tourist,,/wiki/The_Accidental_Tourist_(film),False,,"Lawrence Kasdan, Charles Okun, and Michael Grillo"
423,1988 (61st),Dangerous Liaisons,,/wiki/Dangerous_Liaisons,False,,Norma Heyman and Hank Moonjean
424,1988 (61st),Mississippi Burning,,/wiki/Mississippi_Burning,False,,Frederick Zollo and Robert F. Colesberry
425,1988 (61st),Working Girl,,/wiki/Working_Girl,False,,Douglas Wick
426,1989 (62nd),,,,False,,
427,1989 (62nd),Driving Miss Daisy,,/wiki/Driving_Miss_Daisy,True,,Richard D. Zanuck and Lili Fini Zanuck
428,1989 (62nd),Born on the Fourth of July,,/wiki/Born_on_the_Fourth_of_July_(film),False,,A. Kitman Ho and Oliver Stone
429,1989 (62nd),Dead Poets Society,,/wiki/Dead_Poets_Society,False,,"Steven Haft, Paul Junger Witt, and Tony Thomas"
430,1989 (62nd),Field of Dreams,,/wiki/Field_of_Dreams,False,,Lawrence Gordon and Charles Gordon
431,1989 (62nd),My Left Foot,,/wiki/My_Left_Foot,False,,Noel Pearson
432,1990 (63rd),,,,False,,
433,1990 (63rd),Dances with Wolves,,/wiki/Dances_with_Wolves,True,,Jim Wilson and Kevin Costner
434,1990 (63rd),Awakenings,,/wiki/Awakenings,False,,Walter Parkes and Lawrence Lasker
435,1990 (63rd),Ghost,,/wiki/Ghost_(1990_film),False,,Lisa Weinstein
436,1990 (63rd),The Godfather Part III,,/wiki/The_Godfather_Part_III,False,,Francis Ford Coppola
437,1990 (63rd),Goodfellas,,/wiki/Goodfellas,False,,Irwin Winkler
438,1991 (64th),,,,False,,
439,1991 (64th),The Silence of the Lambs,,/wiki/The_Silence_of_the_Lambs_(film),True,,"Edward Saxon, Kenneth Utt, and Ron Bozman"
440,1991 (64th),Beauty and the Beast,,/wiki/Beauty_and_the_Beast_(1991_film),False,,Don Hahn
441,1991 (64th),Bugsy,,/wiki/Bugsy,False,,"Mark Johnson, Barry Levinson and Warren Beatty"
442,1991 (64th),JFK,,/wiki/JFK_(film),False,,A. Kitman Ho and Oliver Stone
443,1991 (64th),The Prince of Tides,,/wiki/The_Prince_of_Tides,False,,Barbra Streisand and Andrew S. Karsch
444,1992 (65th),,,,False,,
445,1992 (65th),Unforgiven,,/wiki/Unforgiven,True,,Clint Eastwood
446,1992 (65th),The Crying Game,,/wiki/The_Crying_Game,False,,Stephen Woolley
447,1992 (65th),A Few Good Men,,/wiki/A_Few_Good_Men,False,,"David Brown, Rob Reiner, and Andrew Scheinman"
448,1992 (65th),Howards End,,/wiki/Howards_End_(film),False,,Ismail Merchant
449,1992 (65th),Scent of a Woman,,/wiki/Scent_of_a_Woman_(1992_film),False,,Martin Brest
450,1993 (66th),,,,False,,
451,1993 (66th),Schindler's List,,/wiki/Schindler%27s_List,True,,"Steven Spielberg, Gerald R. Molen, and Branko Lustig"
452,1993 (66th),The Fugitive,,/wiki/The_Fugitive_(1993_film),False,,Arnold Kopelson
453,1993 (66th),In the Name of the Father,,/wiki/In_the_Name_of_the_Father_(film),False,,Jim Sheridan
454,1993 (66th),The Piano,,/wiki/The_Piano,False,,Jan Chapman
455,1993 (66th),The Remains of the Day,,/wiki/The_Remains_of_the_Day_(film),False,,"Mike Nichols, John Calley, and Ismail Merchant"
456,1994 (67th),,,,False,,
457,1994 (67th),Forrest Gump,,/wiki/Forrest_Gump,True,,"Wendy Finerman, Steve Tisch, and Steve Starkey"
458,1994 (67th),Four Weddings and a Funeral,,/wiki/Four_Weddings_and_a_Funeral,False,,Duncan Kenworthy
459,1994 (67th),Pulp Fiction,,/wiki/Pulp_Fiction,False,,Lawrence Bender
460,1994 (67th),Quiz Show,,/wiki/Quiz_Show_(film),False,,"Michael Jacobs, Julian Krainin, Michael Nozik, and Robert Redford"
461,1994 (67th),The Shawshank Redemption,,/wiki/The_Shawshank_Redemption,False,,Niki Marvin
462,1995 (68th),,,,False,,
463,1995 (68th),Braveheart,,/wiki/Braveheart,True,,"Mel Gibson, Alan Ladd Jr., and Bruce Davey"
464,1995 (68th),Apollo 13,,/wiki/Apollo_13_(film),False,,Brian Grazer
465,1995 (68th),Babe,,/wiki/Babe_(film),False,,"Bill Miller, George Miller, and Doug Mitchell"
466,1995 (68th),The Postman (Il Postino),,/wiki/Il_Postino:_The_Postman,False,,"Mario Cecchi Gori, Vittorio Cecchi Gori, and Gaetano Daniele"
467,1995 (68th),Sense and Sensibility,,/wiki/Sense_and_Sensibility_(film),False,,Lindsay Doran
468,1996 (69th),,,,False,,
469,1996 (69th),The English Patient,,/wiki/The_English_Patient_(film),True,,Saul Zaentz
470,1996 (69th),Fargo,,/wiki/Fargo_(1996_film),False,,Ethan Coen
471,1996 (69th),Jerry Maguire,,/wiki/Jerry_Maguire,False,,"James L. Brooks, Laurence Mark, Richard Sakai, and Cameron Crowe"
472,1996 (69th),Secrets & Lies,,/wiki/Secrets_%26_Lies_(film),False,,Simon Channing-Williams
473,1996 (69th),Shine,,/wiki/Shine_(film),False,,Jane Scott
474,1997 (70th),,,,False,,
475,1997 (70th),Titanic,,/wiki/Titanic_(1997_film),True,,James Cameron and Jon Landau
476,1997 (70th),As Good as It Gets,,/wiki/As_Good_as_It_Gets,False,,"James L. Brooks, Bridget Johnson, and Kristi Zea"
477,1997 (70th),The Full Monty,,/wiki/The_Full_Monty,False,,Uberto Pasolini
478,1997 (70th),Good Will Hunting,,/wiki/Good_Will_Hunting,False,,Lawrence Bender
479,1997 (70th),L.A. Confidential,,/wiki/L.A._Confidential_(film),False,,"Curtis Hanson, Arnon Milchan, and Michael Nathanson"
480,1998 (71st),,,,False,,
481,1998 (71st),Shakespeare in Love,,/wiki/Shakespeare_in_Love,True,,"David Parfitt, Donna Gigliotti, Harvey Weinstein, Edward Zwick, and Marc Norman"
482,1998 (71st),Elizabeth,,/wiki/Elizabeth_(film),False,,"Alison Owen, Eric Fellner and Tim Bevan"
483,1998 (71st),Life Is Beautiful,,/wiki/Life_Is_Beautiful,False,,Elda Ferri and Gianluigi Braschi
484,1998 (71st),Saving Private Ryan,,/wiki/Saving_Private_Ryan,False,,"Steven Spielberg, Ian Bryce, Mark Gordon, and Gary Levinsohn"
485,1998 (71st),The Thin Red Line,,/wiki/The_Thin_Red_Line_(1998_film),False,,"Robert Michael Geisler, John Roberdeau, and Grant Hill"
486,1999 (72nd),,,,False,,
487,1999 (72nd),American Beauty,,/wiki/American_Beauty_(1999_film),True,,Bruce Cohen and Dan Jinks
488,1999 (72nd),The Cider House Rules,,/wiki/The_Cider_House_Rules_(film),False,,Richard N. Gladstein
489,1999 (72nd),The Green Mile,,/wiki/The_Green_Mile_(film),False,,Frank Darabont and David Valdes
490,1999 (72nd),The Insider,,/wiki/The_Insider_(film),False,,Pieter Jan Brugge and Michael Mann
491,1999 (72nd),The Sixth Sense,,/wiki/The_Sixth_Sense,False,,"Frank Marshall, Kathleen Kennedy, and Barry Mendel"
492,2000 (73rd),,,,False,,
493,2000 (73rd),Gladiator,,/wiki/Gladiator_(2000_film),True,,"Douglas Wick, David Franzoni, and Branko Lustig"
494,2000 (73rd),Chocolat,,/wiki/Chocolat_(2000_film),False,,"David Brown, Kit Golden, and Leslie Holleran"
495,2000 (73rd),"Crouching Tiger, Hidden Dragon",,"/wiki/Crouching_Tiger,_Hidden_Dragon",False,,"William Kong, Hsu Li-kong, and Ang Lee"
496,2000 (73rd),Erin Brockovich,,/wiki/Erin_Brockovich_(film),False,,"Danny DeVito, Michael Shamberg, and Stacey Sher"
497,2000 (73rd),Traffic,,/wiki/Traffic_(2000_film),False,,"Edward Zwick, Marshall Herskovitz, and Laura Bickford"
498,2001 (74th),,,,False,,
499,2001 (74th),A Beautiful Mind,,/wiki/A_Beautiful_Mind_(film),True,,Brian Grazer and Ron Howard
500,2001 (74th),Gosford Park,,/wiki/Gosford_Park,False,,"Robert Altman, Bob Balaban, and David Levy"
501,2001 (74th),In the Bedroom,,/wiki/In_the_Bedroom,False,,"Graham Leader, Ross Katz, and Todd Field"
502,2001 (74th),The Lord of the Rings: The Fellowship of the Ring,,/wiki/The_Lord_of_the_Rings:_The_Fellowship_of_the_Ring,False,,"Peter Jackson, Fran Walsh, and Barrie M. Osborne"
503,2001 (74th),Moulin Rouge!,,/wiki/Moulin_Rouge!,False,,"Martin Brown, Baz Luhrmann, and Fred Baron"
504,2002 (75th),,,,False,,
505,2002 (75th),Chicago,,/wiki/Chicago_(2002_film),True,,Martin Richards
506,2002 (75th),Gangs of New York,,/wiki/Gangs_of_New_York,False,,Alberto Grimaldi and Harvey Weinstein
507,2002 (75th),The Hours,,/wiki/The_Hours_(film),False,,Scott Rudin and Robert Fox
508,2002 (75th),The Lord of the Rings: The Two Towers,,/wiki/The_Lord_of_the_Rings:_The_Two_Towers,False,,"Barrie M. Osborne, Fran Walsh, and Peter Jackson"
509,2002 (75th),The Pianist,,/wiki/The_Pianist_(2002_film),False,,"Roman Polanski, Robert Benmussa, and Alain Sarde"
510,2003 (76th),,,,False,,
511,2003 (76th),The Lord of the Rings: The Return of the King,,/wiki/The_Lord_of_the_Rings:_The_Return_of_the_King,True,,"Barrie M. Osborne, Peter Jackson, and Fran Walsh"
512,2003 (76th),Lost in Translation,,/wiki/Lost_in_Translation_(film),False,,Ross Katz and Sofia Coppola
513,2003 (76th),Master and Commander: The Far Side of the World,,/wiki/Master_and_Commander:_The_Far_Side_of_the_World,False,,"Samuel Goldwyn Jr., Peter Weir, and Duncan Henderson"
514,2003 (76th),Mystic River,,/wiki/Mystic_River_(film),False,,"Robert Lorenz, Judie G. Hoyt, and Clint Eastwood"
515,2003 (76th),Seabiscuit,,/wiki/Seabiscuit_(film),False,,"Kathleen Kennedy, Frank Marshall, and Gary Ross"
516,2004 (77th),,,,False,,
517,2004 (77th),Million Dollar Baby,,/wiki/Million_Dollar_Baby,True,,"Clint Eastwood, Albert S. Ruddy, and Tom Rosenberg"
518,2004 (77th),The Aviator,,/wiki/The_Aviator_(2004_film),False,,Michael Mann and Graham King
519,2004 (77th),Finding Neverland,,/wiki/Finding_Neverland_(film),False,,Richard N. Gladstein and Nellie Bellflower
520,2004 (77th),Ray,,/wiki/Ray_(film),False,,"Taylor Hackford, Stuart Benjamin, and Howard Baldwin"
521,2004 (77th),Sideways,,/wiki/Sideways,False,,Michael London
522,2005 (78th),,,,False,,
523,2005 (78th),Crash,,/wiki/Crash_(2004_film),True,,Paul Haggis and Cathy Schulman
524,2005 (78th),Brokeback Mountain,,/wiki/Brokeback_Mountain,False,,Diana Ossana and James Schamus
525,2005 (78th),Capote,,/wiki/Capote_(film),False,,"Caroline Baron, William Vince, and Michael Ohoven"
526,2005 (78th),"Good Night, and Good Luck",,"/wiki/Good_Night,_and_Good_Luck",False,,Grant Heslov
527,2005 (78th),Munich,,/wiki/Munich_(2005_film),False,,"Steven Spielberg, Kathleen Kennedy, and Barry Mendel"
528,2006 (79th),,,,False,,
529,2006 (79th),The Departed,,/wiki/The_Departed,True,,Graham King
530,2006 (79th),Babel,,/wiki/Babel_(film),False,,"Alejandro González Iñárritu, Steve Golin, and Jon Kilik"
531,2006 (79th),Letters from Iwo Jima,,/wiki/Letters_from_Iwo_Jima,False,,"Clint Eastwood, Steven Spielberg, and Robert Lorenz"
532,2006 (79th),Little Miss Sunshine,,/wiki/Little_Miss_Sunshine,False,,"David T. Friendly, Peter Saraf, and Marc Turtletaub"
533,2006 (79th),The Queen,,/wiki/The_Queen_(2006_film),False,,"Andy Harries, Christine Langan, and Tracey Seaward"
534,2007 (80th),,,,False,,
535,2007 (80th),No Country for Old Men,,/wiki/No_Country_for_Old_Men,True,,"Scott Rudin, Joel Coen, and Ethan Coen"
536,2007 (80th),Atonement,,/wiki/Atonement_(2007_film),False,,"Tim Bevan, Eric Fellner, and Paul Webster"
537,2007 (80th),Juno,,/wiki/Juno_(film),False,,"Lianne Halfon, Mason Novick, and Russell Smith"
538,2007 (80th),Michael Clayton,,/wiki/Michael_Clayton_(film),False,,"Jennifer Fox, Kerry Orent, and Sydney Pollack"
539,2007 (80th),There Will Be Blood,,/wiki/There_Will_Be_Blood,False,,"Paul Thomas Anderson, Daniel Lupi, and JoAnne Sellar"
540,2008 (81st),,,,False,,
541,2008 (81st),Slumdog Millionaire,,/wiki/Slumdog_Millionaire,True,,Christian Colson
542,2008 (81st),The Curious Case of Benjamin Button,,/wiki/The_Curious_Case_of_Benjamin_Button_(film),False,,"Kathleen Kennedy, Frank Marshall, and Ceán Chaffin"
543,2008 (81st),Frost/Nixon,,/wiki/Frost/Nixon_(film),False,,"Ron Howard, Brian Grazer, and Eric Fellner"
544,2008 (81st),Milk,,/wiki/Milk_(2008_American_film),False,,Bruce Cohen and Dan Jinks
545,2008 (81st),The Reader,,/wiki/The_Reader_(2008_film),False,,"Anthony Minghella, Sydney Pollack, Donna Gigliotti, and Redmond Morris"
546,2009 (82nd),,,,False,,
547,2009 (82nd),The Hurt Locker,,/wiki/The_Hurt_Locker,True,,"Kathryn Bigelow, Mark Boal, Nicolas Chartier, and Greg Shapiro"
548,2009 (82nd),Avatar,,/wiki/Avatar_(2009_film),False,,James Cameron and Jon Landau
549,2009 (82nd),The Blind Side,,/wiki/The_Blind_Side_(film),False,,"Gil Netter, Andrew A. Kosove, and Broderick Johnson"
550,2009 (82nd),District 9,,/wiki/District_9,False,,Peter Jackson and Carolynne Cunningham
551,2009 (82nd),An Education,,/wiki/An_Education,False,,Finola Dwyer and Amanda Posey
552,2009 (82nd),Inglourious Basterds,,/wiki/Inglourious_Basterds,False,,Lawrence Bender
553,2009 (82nd),Precious: Based on the Novel 'Push' by Sapphire,,/wiki/Precious_(film),False,,"Lee Daniels, Sarah Siegel-Magness, and Gary Magness"
554,2009 (82nd),A Serious Man,,/wiki/A_Serious_Man,False,,Joel Coen and Ethan Coen
555,2009 (82nd),Up,,/wiki/Up_(2009_film),False,,Jonas Rivera
556,2009 (82nd),Up in the Air,,/wiki/Up_in_the_Air_(2009_film),False,,"Daniel Dubiecki, Ivan Reitman, and Jason Reitman"
557,2010 (83rd),,,,False,,
558,2010 (83rd),The King's Speech,,/wiki/The_King%27s_Speech,True,,"Iain Canning, Emile Sherman, and Gareth Unwin"
559,2010 (83rd),Black Swan,,/wiki/Black_Swan_(film),False,,"Scott Franklin, Mike Medavoy, and Brian Oliver"
560,2010 (83rd),The Fighter,,/wiki/The_Fighter,False,,"David Hoberman, Todd Lieberman, and Mark Wahlberg"
561,2010 (83rd),Inception,,/wiki/Inception,False,,Christopher Nolan and Emma Thomas
562,2010 (83rd),The Kids Are All Right,,/wiki/The_Kids_Are_All_Right_(film),False,,"Gary Gilbert, Jeffrey Levy-Hinte, and Celine Rattray"
563,2010 (83rd),127 Hours,,/wiki/127_Hours,False,,"Danny Boyle, John Smithson, and Christian Colson"
564,2010 (83rd),The Social Network,,/wiki/The_Social_Network,False,,"Dana Brunetti, Ceán Chaffin, Michael De Luca, and Scott Rudin"
565,2010 (83rd),Toy Story 3,,/wiki/Toy_Story_3,False,,Darla K. Anderson
566,2010 (83rd),True Grit,,/wiki/True_Grit_(2010_film),False,,"Joel Coen, Ethan Coen, and Scott Rudin"
567,2010 (83rd),Winter's Bone,,/wiki/Winter%27s_Bone,False,,Alix Madigan and Anne Rosellini
568,2011 (84th),,,,False,,
569,2011 (84th),The Artist,,/wiki/The_Artist_(film),True,,Thomas Langmann
570,2011 (84th),The Descendants,,/wiki/The_Descendants,False,,"Jim Burke, Alexander Payne, and Jim Taylor"
571,2011 (84th),Extremely Loud & Incredibly Close,,/wiki/Extremely_Loud_%26_Incredibly_Close_(film),False,,Scott Rudin
572,2011 (84th),The Help,,/wiki/The_Help_(film),False,,"Brunson Green, Chris Columbus, and Michael Barnathan"
573,2011 (84th),Hugo,,/wiki/Hugo_(film),False,,Graham King and Martin Scorsese
574,2011 (84th),Midnight in Paris,,/wiki/Midnight_in_Paris,False,,Letty Aronson and Stephen Tenenbaum
575,2011 (84th),Moneyball,,/wiki/Moneyball_(film),False,,"Michael De Luca, Rachael Horovitz, and Brad Pitt"
576,2011 (84th),The Tree of Life,,/wiki/The_Tree_of_Life_(film),False,,"Sarah Green, Bill Pohlad, Dede Gardner, and Grant Hill"
577,2011 (84th),War Horse,,/wiki/War_Horse_(film),False,,Steven Spielberg and Kathleen Kennedy
578,2012 (85th),,,,False,,
579,2012 (85th),Argo,,/wiki/Argo_(2012_film),True,,"Grant Heslov, Ben Affleck, and George Clooney"
580,2012 (85th),Amour,,/wiki/Amour_(2012_film),False,,"Margaret Menegoz, Stefan Arndt, Veit Heiduschka, and Michael Katz"
581,2012 (85th),Beasts of the Southern Wild,,/wiki/Beasts_of_the_Southern_Wild,False,,"Dan Janvey, Josh Penn, and Michael Gottwald"
582,2012 (85th),Django Unchained,,/wiki/Django_Unchained,False,,"Stacey Sher, Reginald Hudlin, and Pilar Savone"
583,2012 (85th),Life of Pi,,/wiki/Life_of_Pi_(film),False,,"Gil Netter, Ang Lee, and David Womark"
584,2012 (85th),Lincoln,,/wiki/Lincoln_(film),False,,Steven Spielberg and Kathleen Kennedy
585,2012 (85th),Les Misérables,,/wiki/Les_Mis%C3%A9rables_(2012_film),False,,"Tim Bevan, Eric Fellner, Debra Hayward, and Cameron Mackintosh"
586,2012 (85th),Silver Linings Playbook,,/wiki/Silver_Linings_Playbook,False,,"Donna Gigliotti, Bruce Cohen, and Jonathan Gordon"
587,2012 (85th),Zero Dark Thirty,,/wiki/Zero_Dark_Thirty,False,,"Mark Boal, Kathryn Bigelow, and Megan Ellison"
588,2013 (86th),,,,False,,
589,2013 (86th),12 Years a Slave,,/wiki/12_Years_a_Slave_(film),True,,"Brad Pitt, Dede Gardner, Jeremy Kleiner, Steve McQueen, and Anthony Katagas"
590,2013 (86th),American Hustle,,/wiki/American_Hustle,False,,"Charles Roven, Richard Suckle, Megan Ellison, and Jonathan Gordon"
591,2013 (86th),Captain Phillips,,/wiki/Captain_Phillips_(film),False,,"Scott Rudin, Dana Brunetti, and Michael De Luca"
592,2013 (86th),Dallas Buyers Club,,/wiki/Dallas_Buyers_Club,False,,Robbie Brenner and Rachel Winter
593,2013 (86th),Gravity,,/wiki/Gravity_(2013_film),False,,Alfonso Cuarón and David Heyman
594,2013 (86th),Her,,/wiki/Her_(film),False,,"Megan Ellison, Spike Jonze, and Vincent Landay"
595,2013 (86th),Nebraska,,/wiki/Nebraska_(film),False,,Albert Berger and Ron Yerxa
596,2013 (86th),Philomena,,/wiki/Philomena_(film),False,,"Gabrielle Tana, Steve Coogan, and Tracey Seaward"
597,2013 (86th),The Wolf of Wall Street,,/wiki/The_Wolf_of_Wall_Street_(2013_film),False,,"Martin Scorsese, Leonardo DiCaprio, Joey McFarland, and Emma Tillinger Koskoff"
598,2014 (87th),,,,False,,
599,2014 (87th),Birdman or (The Unexpected Virtue of Ignorance),,/wiki/Birdman_(film),True,,"Alejandro G. Iñárritu, John Lesher, and James W. Skotchdopole"
600,2014 (87th),American Sniper,,/wiki/American_Sniper,False,,"Clint Eastwood, Andrew Lazar, Robert Lorenz, Bradley Cooper, and Peter Morgan"
601,2014 (87th),Boyhood,,/wiki/Boyhood_(2014_film),False,,Richard Linklater and Cathleen Sutherland
602,2014 (87th),The Grand Budapest Hotel,,/wiki/The_Grand_Budapest_Hotel,False,,"Wes Anderson, Scott Rudin, Steven Rales, and Jeremy Dawson"
603,2014 (87th),The Imitation Game,,/wiki/The_Imitation_Game,False,,"Nora Grossman, Ido Ostrowsky, and Teddy Schwarzman"
604,2014 (87th),Selma,,/wiki/Selma_(film),False,,"Christian Colson, Oprah Winfrey, Dede Gardner, and Jeremy Kleiner"
605,2014 (87th),The Theory of Everything,,/wiki/The_Theory_of_Everything_(2014_film),False,,"Tim Bevan, Eric Fellner, Lisa Bruce, and Anthony McCarten"
606,2014 (87th),Whiplash,,/wiki/Whiplash_(2014_film),False,,"Jason Blum, Helen Estabrook, and David Lancaster"
607,2015 (88th),,,,False,,
608,2015 (88th),Spotlight,,/wiki/Spotlight_(film),True,,"Blye Pagon Faust, Steve Golin, Nicole Rocklin, and Michael Sugar"
609,2015 (88th),The Big Short,,/wiki/The_Big_Short_(film),False,,"Dede Gardner, Jeremy Kleiner, and Brad Pitt"
610,2015 (88th),Bridge of Spies,,/wiki/Bridge_of_Spies_(film),False,,"Steven Spielberg, Marc Platt, and Kristie Macosko Krieger"
611,2015 (88th),Brooklyn,,/wiki/Brooklyn_(film),False,,Finola Dwyer and Amanda Posey
612,2015 (88th),Mad Max: Fury Road,,/wiki/Mad_Max:_Fury_Road,False,,Doug Mitchell and George Miller
613,2015 (88th),The Martian,,/wiki/The_Martian_(film),False,,"Simon Kinberg, Ridley Scott, Michael Schaefer, and Mark Huffam"
614,2015 (88th),The Revenant,,/wiki/The_Revenant_(2015_film),False,,"Arnon Milchan, Steve Golin, Alejandro G. Iñárritu, Mary Parent, and Keith Redmon"
615,2015 (88th),Room,,/wiki/Room_(2015_film),False,,Ed Guiney
616,2016 (89th),,,,False,,
617,2016 (89th),Moonlight,,/wiki/Moonlight_(2016_film),True,,"Adele Romanski, Dede Gardner, and Jeremy Kleiner"
618,2016 (89th),Arrival,,/wiki/Arrival_(film),False,,"Shawn Levy, Dan Levine, Aaron Ryder, and David Linde"
619,2016 (89th),Fences,,/wiki/Fences_(film),False,,"Scott Rudin, Denzel Washington, and Todd Black"
620,2016 (89th),Hacksaw Ridge,,/wiki/Hacksaw_Ridge,False,,Bill Mechanic and David Permut
621,2016 (89th),Hell or High Water,,/wiki/Hell_or_High_Water_(2016_film),False,,Carla Hacken and Julie Yorn
622,2016 (89th),Hidden Figures,,/wiki/Hidden_Figures,False,,"Donna Gigliotti, Peter Chernin, Jenno Topping, Pharrell Williams, and Theodore Melfi"
623,2016 (89th),La La Land,,/wiki/La_La_Land,False,,"Fred Berger, Jordan Horowitz, and Marc Platt"
624,2016 (89th),Lion,,/wiki/Lion_(2016_film),False,,"Emile Sherman, Iain Canning, and Angie Fielder"
625,2016 (89th),Manchester by the Sea,,/wiki/Manchester_by_the_Sea_(film),False,,"Matt Damon, Kimberly Steward, Chris Moore, Lauren Beck, and Kevin J. Walsh"
626,2017 (90th),,,,False,,
627,2017 (90th),The Shape of Water,,/wiki/The_Shape_of_Water,True,,Guillermo del Toro and J. Miles Dale
628,2017 (90th),Call Me by Your Name,,/wiki/Call_Me_by_Your_Name_(film),False,,"Peter Spears, Luca Guadagnino, Emilie Georges, and Marco Morabito"
629,2017 (90th),Darkest Hour,,/wiki/Darkest_Hour_(film),False,,"Tim Bevan, Eric Fellner, Lisa Bruce, Anthony McCarten, and Douglas Urbanski"
630,2017 (90th),Dunkirk,,/wiki/Dunkirk_(2017_film),False,,Emma Thomas and Christopher Nolan
631,2017 (90th),Get Out,,/wiki/Get_Out,False,,"Sean McKittrick, Jason Blum, Edward H. Hamm Jr., and Jordan Peele"
632,2017 (90th),Lady Bird,,/wiki/Lady_Bird_(film),False,,"Scott Rudin, Eli Bush, and Evelyn O'Neill"
633,2017 (90th),Phantom Thread,,/wiki/Phantom_Thread,False,,"JoAnne Sellar, Paul Thomas Anderson, Megan Ellison, and Daniel Lupi"
634,2017 (90th),The Post,,/wiki/The_Post_(film),False,,"Amy Pascal, Steven Spielberg, and Kristie Macosko Krieger"
635,2017 (90th),"Three Billboards Outside Ebbing, Missouri",,"/wiki/Three_Billboards_Outside_Ebbing,_Missouri",False,,"Graham Broadbent, Pete Czernin, and Martin McDonagh"
636,2018 (91st),,,,False,,
637,2018 (91st),Green Book,,/wiki/Green_Book_(film),True,,"Jim Burke, Charles B. Wessler, Brian Currie, Peter Farrelly, and Nick Vallelonga"
638,2018 (91st),Black Panther,,/wiki/Black_Panther_(film),False,,Kevin Feige
639,2018 (91st),BlacKkKlansman,,/wiki/BlacKkKlansman,False,,"Sean McKittrick, Jason Blum, Raymond Mansfield, Jordan Peele, and Spike Lee"
640,2018 (91st),Bohemian Rhapsody,,/wiki/Bohemian_Rhapsody_(film),False,,Graham King
641,2018 (91st),The Favourite,,/wiki/The_Favourite,False,,"Ceci Dempsey, Ed Guiney, Lee Magiday, and Yorgos Lanthimos"
642,2018 (91st),Roma,,/wiki/Roma_(2018_film),False,,Gabriela Rodríguez and Alfonso Cuarón
643,2018 (91st),A Star Is Born,,/wiki/A_Star_Is_Born_(2018_film),False,,"Bill Gerber, Bradley Cooper, and Lynette Howell Taylor"
644,2018 (91st),Vice,,/wiki/Vice_(2018_film),False,,"Dede Gardner, Jeremy Kleiner, Adam McKay, and Kevin Messick"
645,2019 (92nd),,,,False,,
646,2019 (92nd),Parasite,,/wiki/Parasite_(2019_film),True,,Kwak Sin-ae and Bong Joon-ho
647,2019 (92nd),Ford v Ferrari,,/wiki/Ford_v_Ferrari,False,,"Peter Chernin, Jenno Topping, and James Mangold"
648,2019 (92nd),The Irishman,,/wiki/The_Irishman,False,,"Martin Scorsese, Robert De Niro, Jane Rosenthal, and Emma Tillinger Koskoff"
649,2019 (92nd),Jojo Rabbit,,/wiki/Jojo_Rabbit,False,,"Carthew Neal, Taika Waititi, and Chelsea Winstanley"
650,2019 (92nd),Joker,,/wiki/Joker_(2019_film),False,,"Todd Phillips, Bradley Cooper, and Emma Tillinger Koskoff"
651,2019 (92nd),Little Women,,/wiki/Little_Women_(2019_film),False,,Amy Pascal
652,2019 (92nd),Marriage Story,,/wiki/Marriage_Story,False,,Noah Baumbach and David Heyman
653,2019 (92nd),1917,,/wiki/1917_(2019_film),False,,"Sam Mendes, Pippa Harris, Jayne-Ann Tenggren, and Callum McDougall"
654,2019 (92nd),Once Upon a Time in Hollywood,,/wiki/Once_Upon_a_Time_in_Hollywood,False,,"David Heyman, Shannon McIntosh, and Quentin Tarantino"
655,2020 (93rd),,,,False,,
656,2020 (93rd),Nomadland,,/wiki/Nomadland,True,,"Frances McDormand, Peter Spears, Mollye Asher, Dan Janvey, and Chloé Zhao"
657,2020 (93rd),The Father,,/wiki/The_Father_(2020_film),False,,"David Parfitt, Jean-Louis Livi, and Philippe Carcassonne"
658,2020 (93rd),Judas and the Black Messiah,,/wiki/Judas_and_the_Black_Messiah,False,,"Shaka King, Charles D. King, and Ryan Coogler"
659,2020 (93rd),Mank,,/wiki/Mank,False,,"Ceán Chaffin, Eric Roth, and Douglas Urbanski"
660,2020 (93rd),Minari,,/wiki/Minari_(film),False,,Christina Oh
661,2020 (93rd),Promising Young Woman,,/wiki/Promising_Young_Woman,False,,"Ben Browning, Ashley Fox, Emerald Fennell, and Josey McNamara"
662,2020 (93rd),Sound of Metal,,/wiki/Sound_of_Metal,False,,Bert Hamelinck and Sacha Ben Harroche
663,2020 (93rd),The Trial of the Chicago 7,,/wiki/The_Trial_of_the_Chicago_7,False,,Marc Platt and Stuart M. Besser
664,2021 (94th),,,,False,,
665,2021 (94th),CODA,,/wiki/CODA_(2021_film),True,,"Philippe Rousselet, Fabrice Gianfermi, and Patrick Wachsberger"
666,2021 (94th),Belfast,,/wiki/Belfast_(film),False,,"Laura Berwick, Kenneth Branagh, Becca Kovacik, and Tamar Thomas"
667,2021 (94th),Don't Look Up,,/wiki/Don%27t_Look_Up,False,,Adam McKay and Kevin Messick
668,2021 (94th),Drive My Car,,/wiki/Drive_My_Car_(film),False,,Teruhisa Yamamoto
669,2021 (94th),Dune,,/wiki/Dune_(2021_film),False,,"Mary Parent, Denis Villeneuve, and Cale Boyter"
670,2021 (94th),King Richard,,/wiki/King_Richard_(film),False,,"Tim White, Trevor White, and Will Smith"
671,2021 (94th),Licorice Pizza,,/wiki/Licorice_Pizza,False,,"Sara Murphy, Adam Somner, and Paul Thomas Anderson"
672,2021 (94th),Nightmare Alley,,/wiki/Nightmare_Alley_(2021_film),False,,"Guillermo del Toro, J. Miles Dale, and Bradley Cooper"
673,2021 (94th),The Power of the Dog,,/wiki/The_Power_of_the_Dog_(film),False,,"Jane Campion, Tanya Seghatchian, Emile Sherman, Iain Canning, and Roger Frappier"
674,2021 (94th),West Side Story,,/wiki/West_Side_Story_(2021_film),False,,Steven Spielberg and Kristie Macosko Krieger
675,2022 (95th),,,,False,,
676,2022 (95th),Everything Everywhere All at Once,,/wiki/Everything_Everywhere_All_at_Once,True,,"Daniel Kwan, Daniel Scheinert and Jonathan Wang"
677,2022 (95th),All Quiet on the Western Front,,/wiki/All_Quiet_on_the_Western_Front_(2022_film),False,,Malte Grunert
678,2022 (95th),Avatar: The Way of Water,,/wiki/Avatar:_The_Way_of_Water,False,,James Cameron and Jon Landau
679,2022 (95th),The Banshees of Inisherin,,/wiki/The_Banshees_of_Inisherin,False,,"Graham Broadbent, Pete Czernin, and Martin McDonagh"
680,2022 (95th),Elvis,,/wiki/Elvis_(2022_film),False,,"Baz Luhrmann, Catherine Martin, Gail Berman, Patrick McCormick and Schuyler Weiss"
681,2022 (95th),The Fabelmans,,/wiki/The_Fabelmans,False,,"Kristie Macosko Krieger, Steven Spielberg, Tony Kushner"
682,2022 (95th),Tár,,/wiki/T%C3%A1r,False,,"Todd Field, Alexandra Milchan, and Scott Lambert"
683,2022 (95th),Top Gun: Maverick,,/wiki/Top_Gun:_Maverick,False,,"Tom Cruise, Christopher McQuarrie, David Ellison and Jerry Bruckheimer"
684,2022 (95th),Triangle of Sadness,,/wiki/Triangle_of_Sadness,False,,Erik Hemmendorff and Philippe Bober
685,2022 (95th),Women Talking,,/wiki/Women_Talking_(film),False,,"Dede Gardner, Jeremy Kleiner, and Frances McDormand"
686,2023 (96th),,,,False,,
687,2023 (96th),American Fiction,,/wiki/American_Fiction_(film),False,,"Ben LeClair, Nikos Karamigios, Cord Jefferson and Jermaine Johnson"
688,2023 (96th),Anatomy of a Fall,,/wiki/Anatomy_of_a_Fall,False,,Marie-Ange Luciani and David Thion
689,2023 (96th),Barbie,,/wiki/Barbie_(film),False,,"David Heyman, Margot Robbie, Tom Ackerley and Robbie Brenner"
690,2023 (96th),The Holdovers,,/wiki/The_Holdovers,False,,Mark Johnson
691,2023 (96th),Killers of the Flower Moon,,/wiki/Killers_of_the_Flower_Moon_(film),False,,"Dan Friedkin, Bradley Thomas, Martin Scorsese and Daniel Lupi"
692,2023 (96th),Maestro,,/wiki/Maestro_(2023_film),False,,"Bradley Cooper, Steven Spielberg, Fred Berner, Amy Durning and Kristie Macosko Krieger"
693,2023 (96th),Oppenheimer,,/wiki/Oppenheimer_(film),False,,"Emma Thomas, Charles Roven and Christopher Nolan"
694,2023 (96th),Past Lives,,/wiki/Past_Lives_(film),False,,"David Hinojosa, Christine Vachon and Pamela Koffler"
695,2023 (96th),Poor Things,,/wiki/Poor_Things_(film),False,,"Ed Guiney, Andrew Lowe, Yorgos Lanthimos and Emma Stone"
696,2023 (96th),The Zone of Interest,,/wiki/The_Zone_of_Interest_(film),False,,James Wilson
