,Year,Film,Art director(s),FilmLink,Won,Interior decorator(s),Set decorator(s),Production designer(s)
0,1927/28  (1st),,,,False,,,
1,1927/28  (1st),The Dove,William Cameron Menzies,/wiki/The_Dove_(1927_film),True,,,
2,1927/28  (1st),Tempest,William Cameron Menzies,/wiki/Tempest_(1928_film),True,,,
3,1927/28  (1st),7th Heaven,Harry Oliver,/wiki/7th_Heaven_(1927_film),False,,,
4,1927/28  (1st),Sunrise: A Song of Two Humans,Rochus Gliese,/wiki/Sunrise:_A_Song_of_Two_Humans,False,,,
5,1928/29 (2nd) [note 1],,,,False,,,
6,1928/29 (2nd) [note 1],The Bridge of San Luis Rey,Cedric Gibbons,/wiki/The_Bridge_of_San_Luis_Rey_(1929_film),True,,,
7,1928/29 (2nd) [note 1],Alibi,William Cameron Menzies,/wiki/Alibi_(1929_film),False,,,
8,1928/29 (2nd) [note 1],The Awakening,William Cameron Menzies,/wiki/The_Awakening_(1928_film),False,,,
9,1928/29 (2nd) [note 1],Dynamite,Mitchell Leisen,/wiki/Dynamite_(1929_film),False,,,
10,1928/29 (2nd) [note 1],The Patriot,Hans Dreier,/wiki/The_Patriot_(1928_film),False,,,
11,1928/29 (2nd) [note 1],Street Angel,Harry Oliver,/wiki/Street_Angel_(1928_film),False,,,
12,1929/30  (3rd),,,,False,,,
13,1929/30  (3rd),King of Jazz,Herman Rosse,/wiki/King_of_Jazz,True,,,
14,1929/30  (3rd),Bulldog Drummond,William Cameron Menzies,/wiki/Bulldog_Drummond_(1929_film),False,,,
15,1929/30  (3rd),The Love Parade,Hans Dreier,/wiki/The_Love_Parade,False,,,
16,1929/30  (3rd),Sally,Jack Okey,/wiki/Sally_(1929_film),False,,,
17,1929/30  (3rd),The Vagabond King,Hans Dreier,/wiki/The_Vagabond_King_(1930_film),False,,,
18,1930/31  (4th),,,,False,,,
19,1930/31  (4th),Cimarron,Max Rée,/wiki/Cimarron_(1931_film),True,,,
20,1930/31  (4th),Just Imagine,Stephen Goosson and Ralph Hammeras,/wiki/Just_Imagine,False,,,
21,1930/31  (4th),Morocco,Hans Dreier,/wiki/Morocco_(film),False,,,
22,1930/31  (4th),Svengali,Anton Grot,/wiki/Svengali_(1931_film),False,,,
23,1930/31  (4th),Whoopee!,Richard Day,/wiki/Whoopee!_(film),False,,,
24,1931/32  (5th),,,,False,,,
25,1931/32  (5th),Transatlantic,Gordon Wiles,/wiki/Transatlantic_(1931_film),True,,,
26,1931/32  (5th),Arrowsmith,Richard Day,/wiki/Arrowsmith_(film),False,,,
27,1931/32  (5th),À Nous la Liberté,Lazare Meerson,/wiki/%C3%80_Nous_la_Libert%C3%A9,False,,,
28,1932/33  (6th),,,,False,,,
29,1932/33  (6th),Cavalcade,William S. Darling,/wiki/Cavalcade_(1933_film),True,,,
30,1932/33  (6th),A Farewell to Arms,Hans Dreier and Roland Anderson,/wiki/A_Farewell_to_Arms_(1932_film),False,,,
31,1932/33  (6th),When Ladies Meet,Cedric Gibbons,/wiki/When_Ladies_Meet_(1933_film),False,,,
32,1934  (7th),,,,False,,,
33,1934  (7th),The Merry Widow,Cedric Gibbons and Fredric Hope,/wiki/The_Merry_Widow_(1934_film),True,,,
34,1934  (7th),The Affairs of Cellini,Richard Day,/wiki/The_Affairs_of_Cellini,False,,,
35,1934  (7th),The Gay Divorcee,Van Nest Polglase and Carroll Clark,/wiki/The_Gay_Divorcee,False,,,
36,1935  (8th),,,,False,,,
37,1935  (8th),The Dark Angel,Richard Day,/wiki/The_Dark_Angel_(1935_film),True,,,
38,1935  (8th),The Lives of a Bengal Lancer,Hans Dreier and Roland Anderson,/wiki/The_Lives_of_a_Bengal_Lancer_(film),False,,,
39,1935  (8th),Top Hat,Carroll Clark and Van Nest Polglase,/wiki/Top_Hat,False,,,
40,1936  (9th),,,,False,,,
41,1936  (9th),Dodsworth,Richard Day,/wiki/Dodsworth_(film),True,,,
42,1936  (9th),Anthony Adverse,Anton Grot,/wiki/Anthony_Adverse,False,,,
43,1936  (9th),The Great Ziegfeld,"Cedric Gibbons, Eddie Imazu and Edwin B. Willis",/wiki/The_Great_Ziegfeld,False,,,
44,1936  (9th),Lloyd's of London,William S. Darling,/wiki/Lloyd%27s_of_London_(film),False,,,
45,1936  (9th),The Magnificent Brute,Albert S. D'Agostino and Jack Otterson,/wiki/The_Magnificent_Brute_(1936_film),False,,,
46,1936  (9th),Romeo and Juliet,"Cedric Gibbons, Fredric Hope and Edwin B. Willis",/wiki/Romeo_and_Juliet_(1936_film),False,,,
47,1936  (9th),Winterset,Perry Ferguson,/wiki/Winterset_(film),False,,,
48,1937  (10th),,,,False,,,
49,1937  (10th),Lost Horizon,Stephen Goosson,/wiki/Lost_Horizon_(1937_film),True,,,
50,1937  (10th),Conquest,Cedric Gibbons and William A. Horning,/wiki/Conquest_(1937_film),False,,,
51,1937  (10th),A Damsel in Distress,Carroll Clark,/wiki/A_Damsel_in_Distress_(1937_film),False,,,
52,1937  (10th),Dead End,Richard Day,/wiki/Dead_End_(1937_film),False,,,
53,1937  (10th),Every Day's a Holiday,Wiard Ihnen,/wiki/Every_Day%27s_a_Holiday_(1937_film),False,,,
54,1937  (10th),The Life of Emile Zola,Anton Grot,/wiki/The_Life_of_Emile_Zola,False,,,
55,1937  (10th),Manhattan Merry-Go-Round,John Victor Mackay,/wiki/Manhattan_Merry-Go-Round_(film),False,,,
56,1937  (10th),The Prisoner of Zenda,Lyle R. Wheeler,/wiki/The_Prisoner_of_Zenda_(1937_film),False,,,
57,1937  (10th),Souls at Sea,Hans Dreier and Roland Anderson,/wiki/Souls_at_Sea,False,,,
58,1937  (10th),Walter Wanger's Vogues of 1938,Alexander Toluboff,/wiki/Walter_Wanger%27s_Vogues_of_1938,False,,,
59,1937  (10th),Wee Willie Winkie,William S. Darling and David S. Hall,/wiki/Wee_Willie_Winkie_(film),False,,,
60,1937  (10th),You're a Sweetheart,Jack Otterson,/wiki/You%27re_a_Sweetheart,False,,,
61,1938  (11th),,,,False,,,
62,1938  (11th),The Adventures of Robin Hood,Carl Jules Weyl,/wiki/The_Adventures_of_Robin_Hood,True,,,
63,1938  (11th),The Adventures of Tom Sawyer,Lyle R. Wheeler,/wiki/The_Adventures_of_Tom_Sawyer_(1938_film),False,,,
64,1938  (11th),Alexander's Ragtime Band,Bernard Herzbrun and Boris Leven,/wiki/Alexander%27s_Ragtime_Band_(film),False,,,
65,1938  (11th),Algiers,Alexander Toluboff,/wiki/Algiers_(film),False,,,
66,1938  (11th),Carefree,Van Nest Polglase,/wiki/Carefree_(film),False,,,
67,1938  (11th),The Goldwyn Follies,Richard Day,/wiki/The_Goldwyn_Follies,False,,,
68,1938  (11th),Holiday,Stephen Goosson and Lionel Banks,/wiki/Holiday_(1938_film),False,,,
69,1938  (11th),If I Were King,Hans Dreier and John B. Goodman,/wiki/If_I_Were_King,False,,,
70,1938  (11th),Mad About Music,Jack Otterson,/wiki/Mad_About_Music,False,,,
71,1938  (11th),Marie Antoinette,Cedric Gibbons,/wiki/Marie_Antoinette_(1938_film),False,,,
72,1938  (11th),Merrily We Live,Charles D. Hall,/wiki/Merrily_We_Live,False,,,
73,1939  (12th),,,,False,,,
74,1939  (12th),Gone with the Wind,Lyle R. Wheeler,/wiki/Gone_with_the_Wind_(film),True,,,
75,1939  (12th),Beau Geste,Hans Dreier and Robert Odell,/wiki/Beau_Geste_(1939_film),False,,,
76,1939  (12th),Captain Fury,Charles D. Hall,/wiki/Captain_Fury,False,,,
77,1939  (12th),First Love,Jack Otterson and Martin Obzina,/wiki/First_Love_(1939_film),False,,,
78,1939  (12th),Love Affair,Van Nest Polglase and Alfred Herman,/wiki/Love_Affair_(1939_film),False,,,
79,1939  (12th),Man of Conquest,John Victor Mackay,/wiki/Man_of_Conquest,False,,,
80,1939  (12th),Mr. Smith Goes to Washington,Lionel Banks,/wiki/Mr._Smith_Goes_to_Washington,False,,,
81,1939  (12th),The Private Lives of Elizabeth and Essex,Anton Grot,/wiki/The_Private_Lives_of_Elizabeth_and_Essex,False,,,
82,1939  (12th),The Rains Came,William S. Darling and George Dudley,/wiki/The_Rains_Came,False,,,
83,1939  (12th),Stagecoach,Alexander Toluboff,/wiki/Stagecoach_(1939_film),False,,,
84,1939  (12th),The Wizard of Oz,Cedric Gibbons and William A. Horning,/wiki/The_Wizard_of_Oz_(1939_film),False,,,
85,1939  (12th),Wuthering Heights,James Basevi,/wiki/Wuthering_Heights_(1939_film),False,,,
86,1940  (13th) [note 2],Black-and-White,Black-and-White,,False,Black-and-White,,
87,1940  (13th) [note 2],Pride and Prejudice,Cedric Gibbons and Paul Groesse,/wiki/Pride_and_Prejudice_(1940_film),True,—,,
88,1940  (13th) [note 2],"Arise, My Love",Hans Dreier and Robert Usher,"/wiki/Arise,_My_Love",False,—,,
89,1940  (13th) [note 2],Arizona,Lionel Banks and Robert Peterson,/wiki/Arizona_(1940_film),False,—,,
90,1940  (13th) [note 2],The Boys from Syracuse,Jack Otterson,/wiki/The_Boys_from_Syracuse_(film),False,—,,
91,1940  (13th) [note 2],Dark Command,John Victor Mackay,/wiki/Dark_Command,False,—,,
92,1940  (13th) [note 2],Foreign Correspondent,Alexander Golitzen,/wiki/Foreign_Correspondent_(film),False,—,,
93,1940  (13th) [note 2],Lillian Russell,Richard Day and Joseph C. Wright,/wiki/Lillian_Russell_(film),False,—,,
94,1940  (13th) [note 2],My Favorite Wife,Van Nest Polglase and Mark-Lee Kirk,/wiki/My_Favorite_Wife,False,—,,
95,1940  (13th) [note 2],"My Son, My Son!",John DuCasse Schulze,"/wiki/My_Son,_My_Son!_(film)",False,—,,
96,1940  (13th) [note 2],Our Town,Lewis J. Rachmil,/wiki/Our_Town_(1940_film),False,—,,
97,1940  (13th) [note 2],Rebecca,Lyle R. Wheeler,/wiki/Rebecca_(1940_film),False,—,,
98,1940  (13th) [note 2],The Sea Hawk,Anton Grot,/wiki/The_Sea_Hawk_(1940_film),False,—,,
99,1940  (13th) [note 2],The Westerner,James Basevi,/wiki/The_Westerner_(1940_film),False,—,,
100,1940  (13th) [note 2],Color,Color,,False,Color,,
101,1940  (13th) [note 2],The Thief of Bagdad,Vincent Korda,/wiki/The_Thief_of_Bagdad_(1940_film),True,—,,
102,1940  (13th) [note 2],Bitter Sweet,Cedric Gibbons and John S. Detlie,/wiki/Bitter_Sweet_(1940_film),False,—,,
103,1940  (13th) [note 2],Down Argentine Way,Richard Day and Joseph C. Wright,/wiki/Down_Argentine_Way,False,—,,
104,1940  (13th) [note 2],North West Mounted Police,Hans Dreier and Roland Anderson,/wiki/North_West_Mounted_Police_(film),False,—,,
105,1941  (14th) [note 3][5],Black-and-White,Black-and-White,,False,Black-and-White,,
106,1941  (14th) [note 3][5],How Green Was My Valley,Richard Day and Nathan Juran,/wiki/How_Green_Was_My_Valley_(film),True,Thomas Little,,
107,1941  (14th) [note 3][5],Citizen Kane,Perry Ferguson and Van Nest Polglase,/wiki/Citizen_Kane,False,A. Roland Fields and Darrell Silvera,,
108,1941  (14th) [note 3][5],The Flame of New Orleans,Martin Obzina and Jack Otterson,/wiki/The_Flame_of_New_Orleans,False,Russell A. Gausman,,
109,1941  (14th) [note 3][5],Hold Back the Dawn,Hans Dreier and Robert Usher,/wiki/Hold_Back_the_Dawn,False,Samuel M. Comer,,
110,1941  (14th) [note 3][5],Ladies in Retirement,Lionel Banks,/wiki/Ladies_in_Retirement,False,George Montgomery,,
111,1941  (14th) [note 3][5],The Little Foxes,Stephen Goosson,/wiki/The_Little_Foxes_(film),False,Howard Bristol,,
112,1941  (14th) [note 3][5],Sergeant York,John Hughes,/wiki/Sergeant_York_(film),False,Fred M. MacLean,,
113,1941  (14th) [note 3][5],The Son of Monte Cristo,John DuCasse Schulze,/wiki/The_Son_of_Monte_Cristo,False,Edward G. Boyle,,
114,1941  (14th) [note 3][5],Sundown,Alexander Golitzen,/wiki/Sundown_(1941_film),False,Richard Irvine,,
115,1941  (14th) [note 3][5],That Hamilton Woman,Vincent Korda,/wiki/That_Hamilton_Woman,False,Julia Heron,,
116,1941  (14th) [note 3][5],When Ladies Meet,Cedric Gibbons and Randall Duell,/wiki/When_Ladies_Meet_(1941_film),False,Edwin B. Willis,,
117,1941  (14th) [note 3][5],Color,Color,,False,Color,,
118,1941  (14th) [note 3][5],Blossoms in the Dust,Cedric Gibbons and Urie McCleary,/wiki/Blossoms_in_the_Dust,True,Edwin B. Willis,,
119,1941  (14th) [note 3][5],Blood and Sand,Richard Day and Joseph C. Wright,/wiki/Blood_and_Sand_(1941_film),False,Thomas Little,,
120,1941  (14th) [note 3][5],Louisiana Purchase,Raoul Pene Du Bois,/wiki/Louisiana_Purchase_(film),False,Stephen Seymour,,
121,1942  (15th),Black-and-White,Black-and-White,,False,Black-and-White,,
122,1942  (15th),This Above All,Richard Day and Joseph C. Wright,/wiki/This_Above_All_(film),True,Thomas Little,,
123,1942  (15th),George Washington Slept Here,Max Parker and Mark-Lee Kirk,/wiki/George_Washington_Slept_Here,False,Casey Roberts,,
124,1942  (15th),The Magnificent Ambersons,Albert S. D'Agostino,/wiki/The_Magnificent_Ambersons_(film),False,A. Roland Fields and Darrell Silvera,,
125,1942  (15th),The Pride of the Yankees,Perry Ferguson,/wiki/The_Pride_of_the_Yankees,False,Howard Bristol,,
126,1942  (15th),Random Harvest,Cedric Gibbons and Randall Duell,/wiki/Random_Harvest_(film),False,Edwin B. Willis and Jack Moore,,
127,1942  (15th),The Shanghai Gesture,Boris Leven,/wiki/The_Shanghai_Gesture,False,Boris Leven,,
128,1942  (15th),Silver Queen,Ralph Berger,/wiki/Silver_Queen,False,Emile Kuri,,
129,1942  (15th),The Spoilers,John B. Goodman and Jack Otterson,/wiki/The_Spoilers_(1942_film),False,Russell A. Gausman and Edward Ray Robinson,,
130,1942  (15th),"Take a Letter, Darling",Hans Dreier and Roland Anderson,"/wiki/Take_a_Letter,_Darling",False,Samuel M. Comer,,
131,1942  (15th),The Talk of the Town,Lionel Banks and Rudolph Sternad,/wiki/The_Talk_of_the_Town_(1942_film),False,Fay Babcock,,
132,1942  (15th),Color,Color,,False,Color,,
133,1942  (15th),My Gal Sal,Richard Day and Joseph C. Wright,/wiki/My_Gal_Sal,True,Thomas Little,,
134,1942  (15th),Arabian Nights,Alexander Golitzen and Jack Otterson,/wiki/Arabian_Nights_(1942_film),False,Russell A. Gausman and Ira S. Webb,,
135,1942  (15th),Captains of the Clouds,Ted Smith,/wiki/Captains_of_the_Clouds,False,Casey Roberts,,
136,1942  (15th),Jungle Book,Vincent Korda,/wiki/Rudyard_Kipling%27s_Jungle_Book,False,Julia Heron,,
137,1942  (15th),Reap the Wild Wind,Hans Dreier and Roland Anderson,/wiki/Reap_the_Wild_Wind,False,George Sawley,,
138,1943  (16th),Black-and-White,Black-and-White,,False,Black-and-White,,
139,1943  (16th),The Song of Bernadette,James Basevi and William S. Darling,/wiki/The_Song_of_Bernadette_(film),True,Thomas Little,,
140,1943  (16th),Five Graves to Cairo,Hans Dreier and Ernst Fegté,/wiki/Five_Graves_to_Cairo,False,Bertram C. Granger,,
141,1943  (16th),Flight for Freedom,Albert S. D'Agostino and Carroll Clark,/wiki/Flight_for_Freedom,False,Darrell Silvera and Harley Miller,,
142,1943  (16th),Madame Curie,Cedric Gibbons and Paul Groesse,/wiki/Madame_Curie_(film),False,Edwin B. Willis and Hugh Hunt,,
143,1943  (16th),Mission to Moscow,Carl Jules Weyl,/wiki/Mission_to_Moscow,False,George James Hopkins,,
144,1943  (16th),The North Star,Perry Ferguson,/wiki/The_North_Star_(1943_film),False,Howard Bristol,,
145,1943  (16th),Color,Color,,False,Color,,
146,1943  (16th),Phantom of the Opera,Alexander Golitzen and John B. Goodman,/wiki/Phantom_of_the_Opera_(1943_film),True,Russell A. Gausman and Ira S. Webb,,
147,1943  (16th),For Whom the Bell Tolls,Hans Dreier and Haldane Douglas,/wiki/For_Whom_the_Bell_Tolls_(film),False,Bertram C. Granger,,
148,1943  (16th),The Gang's All Here,James Basevi and Joseph C. Wright,/wiki/The_Gang%27s_All_Here_(1943_film),False,Thomas Little,,
149,1943  (16th),This Is the Army,John Hughes,/wiki/This_Is_the_Army,False,George James Hopkins,,
150,1943  (16th),Thousands Cheer,Cedric Gibbons and Daniel Cathcart,/wiki/Thousands_Cheer,False,Edwin B. Willis and Jacques Mersereau,,
151,1944  (17th) [note 4][5],Black-and-White,Black-and-White,,False,Black-and-White,,
152,1944  (17th) [note 4][5],Gaslight,Cedric Gibbons and William Ferrari,/wiki/Gaslight_(1944_film),True,Paul Huldschinsky and Edwin B. Willis,,
153,1944  (17th) [note 4][5],Address Unknown,Lionel Banks and Walter Holscher,/wiki/Address_Unknown_(1944_film),False,Joseph Kish,,
154,1944  (17th) [note 4][5],The Adventures of Mark Twain,John Hughes,/wiki/The_Adventures_of_Mark_Twain_(1944_film),False,Fred M. MacLean,,
155,1944  (17th) [note 4][5],Casanova Brown,Perry Ferguson,/wiki/Casanova_Brown,False,Julia Heron,,
156,1944  (17th) [note 4][5],Laura,Lyle R. Wheeler and Leland Fuller,/wiki/Laura_(1944_film),False,Thomas Little,,
157,1944  (17th) [note 4][5],No Time for Love,Hans Dreier and Robert Usher,/wiki/No_Time_for_Love_(1943_film),False,Samuel M. Comer,,
158,1944  (17th) [note 4][5],Since You Went Away,Mark-Lee Kirk,/wiki/Since_You_Went_Away,False,Victor A. Gangelin,,
159,1944  (17th) [note 4][5],Step Lively,Albert S. D'Agostino and Carroll Clark,/wiki/Step_Lively_(1944_film),False,Darrell Silvera and Claude E. Carpenter,,
160,1944  (17th) [note 4][5],Color,Color,,False,Color,,
161,1944  (17th) [note 4][5],Wilson,Wiard Ihnen,/wiki/Wilson_(1944_film),True,Thomas Little,,
162,1944  (17th) [note 4][5],The Climax,John B. Goodman and Alexander Golitzen,/wiki/The_Climax_(1944_film),False,Russell A. Gausman and Ira S. Webb,,
163,1944  (17th) [note 4][5],Cover Girl,Lionel Banks and Cary Odell,/wiki/Cover_Girl_(film),False,Fay Babcock,,
164,1944  (17th) [note 4][5],The Desert Song,Charles Novi,/wiki/The_Desert_Song_(1943_film),False,Jack McConaghy,,
165,1944  (17th) [note 4][5],Kismet,Cedric Gibbons and Daniel B. Cathcart,/wiki/Kismet_(1944_film),False,Edwin B. Willis and Richard Pefferle,,
166,1944  (17th) [note 4][5],Lady in the Dark,Hans Dreier and Raoul Pene Du Bois,/wiki/Lady_in_the_Dark_(film),False,Ray Moyer,,
167,1944  (17th) [note 4][5],The Princess and the Pirate,Ernst Fegté,/wiki/The_Princess_and_the_Pirate,False,Howard Bristol,,
168,1945  (18th),Black-and-White,Black-and-White,,False,Black-and-White,,
169,1945  (18th),Blood on the Sun,Wiard Ihnen,/wiki/Blood_on_the_Sun,True,A. Roland Fields,,
170,1945  (18th),Experiment Perilous,Albert S. D'Agostino and Jack Okey,/wiki/Experiment_Perilous,False,Darrell Silvera and Claude E. Carpenter,,
171,1945  (18th),The Keys of the Kingdom,James Basevi and William S. Darling,/wiki/The_Keys_of_the_Kingdom_(film),False,Thomas Little and Frank E. Hughes,,
172,1945  (18th),Love Letters,Hans Dreier and Roland Anderson,/wiki/Love_Letters_(1945_film),False,Samuel M. Comer and Ray Moyer,,
173,1945  (18th),The Picture of Dorian Gray,Cedric Gibbons and Hans Peters,/wiki/The_Picture_of_Dorian_Gray_(1945_film),False,Edwin B. Willis and John Bonar and Hugh Hunt,,
174,1945  (18th),Color,Color,,False,Color,,
175,1945  (18th),Frenchman's Creek,Hans Dreier and Ernst Fegté,/wiki/Frenchman%27s_Creek_(film),True,Samuel M. Comer,,
176,1945  (18th),Leave Her to Heaven,Lyle R. Wheeler and Maurice Ransford,/wiki/Leave_Her_to_Heaven,False,Thomas Little,,
177,1945  (18th),National Velvet,Cedric Gibbons and Urie McCleary,/wiki/National_Velvet_(film),False,Edwin B. Willis and Mildred Griffiths,,
178,1945  (18th),San Antonio,Ted Smith,/wiki/San_Antonio_(film),False,Jack McConaghy,,
179,1945  (18th),A Thousand and One Nights,Stephen Goosson and Rudolph Sternad,/wiki/A_Thousand_and_One_Nights_(1945_film),False,Frank Tuttle,,
180,1946  (19th),Black-and-White,Black-and-White,,False,Black-and-White,,
181,1946  (19th),Anna and the King of Siam,William S. Darling and Lyle R. Wheeler,/wiki/Anna_and_the_King_of_Siam_(film),True,Thomas Little and Frank E. Hughes,,
182,1946  (19th),Kitty,Hans Dreier and Walter H. Tyler,/wiki/Kitty_(1945_film),False,Samuel M. Comer and Ray Moyer,,
183,1946  (19th),The Razor's Edge,Richard Day and Nathan H. Juran,/wiki/The_Razor%27s_Edge_(1946_film),False,Thomas Little and Paul S. Fox,,
184,1946  (19th),Color,Color,,False,Color,,
185,1946  (19th),The Yearling,Cedric Gibbons and Paul Groesse,/wiki/The_Yearling_(1946_film),True,Edwin B. Willis,,
186,1946  (19th),Caesar and Cleopatra,John Bryan,/wiki/Caesar_and_Cleopatra_(film),False,—,,
187,1946  (19th),Henry V,Paul Sheriff and Carmen Dillon,/wiki/Henry_V_(1944_film),False,—,,
188,1947  (20th),Black-and-White,Black-and-White,,False,Black-and-White,,
189,1947  (20th),Great Expectations,Wilfred Shingleton,/wiki/Great_Expectations_(1946_film),True,John Bryan,,
190,1947  (20th),The Foxes of Harrow,Lyle R. Wheeler and Maurice Ransford,/wiki/The_Foxes_of_Harrow,False,Thomas Little and Paul S. Fox,,
191,1947  (20th),Color,Color,,False,Color,,
192,1947  (20th),Black Narcissus,Alfred Junge,/wiki/Black_Narcissus,True,—,,
193,1947  (20th),Life with Father,Robert M. Haas,/wiki/Life_with_Father_(film),False,George James Hopkins,,
194,1948  (21st),Black-and-White,Black-and-White,,False,Black-and-White,,
195,1948  (21st),Hamlet,Roger K. Furse,/wiki/Hamlet_(1948_film),True,Carmen Dillon,,
196,1948  (21st),Johnny Belinda,Robert M. Haas,/wiki/Johnny_Belinda_(1948_film),False,William O. Wallace,,
197,1948  (21st),Color,Color,,False,Color,,
198,1948  (21st),The Red Shoes,Hein Heckroth,/wiki/The_Red_Shoes_(1948_film),True,Arthur Lawson,,
199,1948  (21st),Joan of Arc,Richard Day,/wiki/Joan_of_Arc_(1948_film),False,Edwin Casey Roberts and Joseph Kish,,
200,1949  (22nd) [6],Black-and-White,Black-and-White,,False,Black-and-White,,
201,1949  (22nd) [6],The Heiress,Harry Horner and John Meehan,/wiki/The_Heiress,True,Emile Kuri,,
202,1949  (22nd) [6],Come to the Stable,Lyle R. Wheeler and Joseph C. Wright,/wiki/Come_to_the_Stable,False,Thomas Little and Paul S. Fox,,
203,1949  (22nd) [6],Madame Bovary,Cedric Gibbons and Jack Martin Smith,/wiki/Madame_Bovary_(1949_film),False,Edwin B. Willis and Richard A. Pefferle,,
204,1949  (22nd) [6],Color,Color,,False,Color,,
205,1949  (22nd) [6],Little Women,Cedric Gibbons and Paul Groesse,/wiki/Little_Women_(1949_film),True,Edwin B. Willis and Jack D. Moore,,
206,1949  (22nd) [6],Adventures of Don Juan,Edward Carrere,/wiki/Adventures_of_Don_Juan,False,Lyle Reifsnider,,
207,1949  (22nd) [6],Saraband,Jim Morahan and William Kellner,/wiki/Saraband_for_Dead_Lovers,False,Michael Relph,,
208,1950  (23rd),Black-and-White,Black-and-White,,False,,Black-and-White,
209,1950  (23rd),Sunset Boulevard,Hans Dreier and John Meehan,/wiki/Sunset_Boulevard_(film),True,,Samuel M. Comer and Ray Moyer,
210,1950  (23rd),All About Eve,George W. Davis and Lyle R. Wheeler,/wiki/All_About_Eve,False,,Thomas Little and Walter M. Scott,
211,1950  (23rd),The Red Danube,Cedric Gibbons and Hans Peters,/wiki/The_Red_Danube,False,,Edwin B. Willis and Hugh Hunt,
212,1950  (23rd),Color,Color,,False,,Color,
213,1950  (23rd),Samson and Delilah,Hans Dreier and Walter H. Tyler,/wiki/Samson_and_Delilah_(1949_film),True,,Samuel M. Comer and Ray Moyer,
214,1950  (23rd),Annie Get Your Gun,Cedric Gibbons and Paul Groesse,/wiki/Annie_Get_Your_Gun_(film),False,,Edwin B. Willis and Richard A. Pefferle,
215,1950  (23rd),Destination Moon,Ernst Fegté,/wiki/Destination_Moon_(film),False,,George Sawley,
216,1951  (24th),Black-and-White,Black-and-White,,False,,Black-and-White,
217,1951  (24th),A Streetcar Named Desire,Richard Day,/wiki/A_Streetcar_Named_Desire_(1951_film),True,,George James Hopkins,
218,1951  (24th),Fourteen Hours,Leland Fuller and Lyle R. Wheeler,/wiki/Fourteen_Hours,False,,Thomas Little and Fred J. Rode,
219,1951  (24th),The House on Telegraph Hill,John DeCuir and Lyle R. Wheeler,/wiki/The_House_on_Telegraph_Hill,False,,Paul S. Fox and Thomas Little,
220,1951  (24th),La Ronde,D'Eaubonne,/wiki/La_Ronde_(1950_film),False,,—,
221,1951  (24th),Too Young to Kiss,Cedric Gibbons and Paul Groesse,/wiki/Too_Young_to_Kiss,False,,Edwin B. Willis and Jack D. Moore,
222,1951  (24th),Color,Color,,False,,Color,
223,1951  (24th),An American in Paris,E. Preston Ames and Cedric Gibbons,/wiki/An_American_in_Paris_(film),True,,Edwin B. Willis and F. Keogh Gleason,
224,1951  (24th),David and Bathsheba,George Davis and Lyle R. Wheeler,/wiki/David_and_Bathsheba_(film),False,,Paul S. Fox and Thomas Little,
225,1951  (24th),On the Riviera,"Leland Fuller, Lyle R. Wheeler and Joseph C. Wright (musical settings)",/wiki/On_the_Riviera,False,,Thomas Little and Walter M. Scott,
226,1951  (24th),Quo Vadis,"Edward Carfagno, Cedric Gibbons and William A. Horning",/wiki/Quo_Vadis_(1951_film),False,,Hugh Hunt,
227,1951  (24th),The Tales of Hoffmann,Hein Heckroth,/wiki/The_Tales_of_Hoffmann_(film),False,,—,
228,1952  (25th),Black-and-White,Black-and-White,,False,,Black-and-White,
229,1952  (25th),The Bad and the Beautiful,Edward Carfagno and Cedric Gibbons,/wiki/The_Bad_and_the_Beautiful,True,,F. Keogh Gleason and Edwin B. Willis,
230,1952  (25th),Carrie,Roland Anderson and Hal Pereira,/wiki/Carrie_(1952_film),False,,Emile Kuri,
231,1952  (25th),My Cousin Rachel,John DeCuir and Lyle R. Wheeler,/wiki/My_Cousin_Rachel_(1952_film),False,,Walter M. Scott,
232,1952  (25th),Rashomon,So Matsuyama,/wiki/Rashomon,False,,H. Motsumoto,
233,1952  (25th),Viva Zapata!,Leland Fuller and Lyle R. Wheeler,/wiki/Viva_Zapata!,False,,Claude E. Carpenter and Thomas Little,
234,1952  (25th),Color,Color,,False,,Color,
235,1952  (25th),Moulin Rouge,Paul Sheriff,/wiki/Moulin_Rouge_(1952_film),True,,Marcel Vertès,
236,1952  (25th),Hans Christian Andersen,Clavé and Richard Day,/wiki/Hans_Christian_Andersen_(film),False,,Howard Bristol,
237,1952  (25th),The Merry Widow,Cedric Gibbons and Paul Groesse,/wiki/The_Merry_Widow_(1952_film),False,,Arthur Krams and Edwin B. Willis,
238,1952  (25th),The Quiet Man,Frank Hotaling,/wiki/The_Quiet_Man,False,,John McCarthy Jr. and Charles S. Thompson,
239,1952  (25th),The Snows of Kilimanjaro,John DeCuir and Lyle R. Wheeler,/wiki/The_Snows_of_Kilimanjaro_(1952_film),False,,Paul S. Fox and Thomas Little,
240,1953  (26th),Black-and-White,Black-and-White,,False,,Black-and-White,
241,1953  (26th),Julius Caesar,Edward Carfagno and Cedric Gibbons,/wiki/Julius_Caesar_(1953_film),True,,Hugh Hunt and Edwin B. Willis,
242,1953  (26th),Martin Luther,Paul Markwitz and Fritz Maurischat,/wiki/Martin_Luther_(1953_film),False,,—,
243,1953  (26th),The President's Lady,Leland Fuller and Lyle R. Wheeler,/wiki/The_President%27s_Lady,False,,Paul S. Fox,
244,1953  (26th),Roman Holiday,Hal Pereira and Walter H. Tyler,/wiki/Roman_Holiday,False,,—,
245,1953  (26th),Titanic,Maurice Ransford and Lyle R. Wheeler,/wiki/Titanic_(1953_film),False,,Stuart Reiss,
246,1953  (26th),Color,Color,,False,,Color,
247,1953  (26th),The Robe,George Davis and Lyle R. Wheeler,/wiki/The_Robe_(film),True,,Paul S. Fox and Walter M. Scott,
248,1953  (26th),Knights of the Round Table,Alfred Junge and Hans Peters,/wiki/Knights_of_the_Round_Table_(film),False,,John Jarvis,
249,1953  (26th),Lili,Cedric Gibbons and Paul Groesse,/wiki/Lili_(1953_film),False,,Arthur Krams and Edwin B. Willis,
250,1953  (26th),The Story of Three Loves,"E. Preston Ames, Edward Carfagno, Cedric Gibbons and Gabriel Scognamillo",/wiki/The_Story_of_Three_Loves,False,,"F. Keogh Gleason, Arthur Krams, Jack D. Moore and Edwin B. Willis",
251,1953  (26th),Young Bess,Cedric Gibbons and Urie McCleary,/wiki/Young_Bess,False,,Jack D. Moore and Edwin B. Willis,
252,1954  (27th),Black-and-White,Black-and-White,,False,,Black-and-White,
253,1954  (27th),On the Waterfront,Richard Day,/wiki/On_the_Waterfront,True,,—,
254,1954  (27th),The Country Girl,Roland Anderson and Hal Pereira,/wiki/The_Country_Girl_(1954_film),False,,Samuel M. Comer and Grace Gregory,
255,1954  (27th),Executive Suite,Cedric Gibbons and Edward Carfagno,/wiki/Executive_Suite,False,,Edwin B. Willis and Emile Kuri,
256,1954  (27th),Le Plaisir,Max Ophüls,/wiki/Le_Plaisir,False,,—,
257,1954  (27th),Sabrina,Hal Pereira and Walter H. Tyler,/wiki/Sabrina_(1954_film),False,,Samuel M. Comer and Ray Moyer,
258,1954  (27th),Color,Color,,False,,Color,
259,1954  (27th),"20,000 Leagues Under the Sea",John Meehan,"/wiki/20,000_Leagues_Under_the_Sea_(1954_film)",True,,Emile Kuri,
260,1954  (27th),Brigadoon,Cedric Gibbons and E. Preston Ames,/wiki/Brigadoon_(film),False,,Edwin B. Willis and F. Keogh Gleason,
261,1954  (27th),Desiree,Lyle R. Wheeler and Leland Fuller,/wiki/D%C3%A9sir%C3%A9e_(film),False,,Walter M. Scott and Paul S. Fox,
262,1954  (27th),Red Garters,Hal Pereira and Roland Anderson,/wiki/Red_Garters_(film),False,,Samuel M. Comer and Ray Moyer,
263,1954  (27th),A Star Is Born,Malcolm Bert and Gene Allen,/wiki/A_Star_Is_Born_(1954_film),False,,Irene Sharaff and George James Hopkins,
264,1955  (28th),Black-and-White,Black-and-White,,False,,Black-and-White,
265,1955  (28th),The Rose Tattoo,Hal Pereira and Tambi Larsen,/wiki/The_Rose_Tattoo_(film),True,,Samuel M. Comer and Arthur Krams,
266,1955  (28th),Blackboard Jungle,Cedric Gibbons and Randall Duell,/wiki/Blackboard_Jungle,False,,Edwin B. Willis and Henry Grace,
267,1955  (28th),I'll Cry Tomorrow,Cedric Gibbons and Malcolm Brown,/wiki/I%27ll_Cry_Tomorrow,False,,Edwin B. Willis and Hugh Hunt,
268,1955  (28th),The Man with the Golden Arm,Joseph C. Wright,/wiki/The_Man_with_the_Golden_Arm,False,,Darrell Silvera,
269,1955  (28th),Marty,Edward S. Haworth and Walter M. Simonds,/wiki/Marty_(film),False,,Robert Priestley,
270,1955  (28th),Color,Color,,False,,Color,
271,1955  (28th),Picnic,William Flannery,/wiki/Picnic_(1955_film),True,,Jo Mielziner and Robert Priestley,
272,1955  (28th),Daddy Long Legs,Lyle R. Wheeler and John DeCuir,/wiki/Daddy_Long_Legs_(1955_film),False,,Walter M. Scott and Paul S. Fox,
273,1955  (28th),Guys and Dolls,Oliver Smith and Joseph C. Wright,/wiki/Guys_and_Dolls_(film),False,,Howard Bristol,
274,1955  (28th),Love Is a Many-Splendored Thing,Lyle R. Wheeler and George Davis,/wiki/Love_Is_a_Many-Splendored_Thing_(film),False,,Walter M. Scott and Jack Stubbs,
275,1955  (28th),To Catch a Thief,Hal Pereira and Joseph McMillan Johnson,/wiki/To_Catch_a_Thief,False,,Samuel M. Comer and Arthur Krams,
276,1956  (29th),Black-and-White,Black-and-White,,False,,Black-and-White,
277,1956  (29th),Somebody Up There Likes Me,Cedric Gibbons and Malcolm Brown,/wiki/Somebody_Up_There_Likes_Me_(1956_film),True,,Edwin B. Willis and F. Keogh Gleason,
278,1956  (29th),Seven Samurai,So Matsuyama,/wiki/Seven_Samurai,False,,—,
279,1956  (29th),The Proud and Profane,Hal Pereira and A. Earl Hedrick,/wiki/The_Proud_and_Profane,False,,Samuel M. Comer and Frank R. McKelvy,
280,1956  (29th),The Solid Gold Cadillac,Ross Bellah,/wiki/The_Solid_Gold_Cadillac,False,,William Kiernan and Louis Diage,
281,1956  (29th),Teenage Rebel,Lyle R. Wheeler and Jack Martin Smith,/wiki/Teenage_Rebel,False,,Walter M. Scott and Stuart A. Reiss,
282,1956  (29th),Color,Color,,False,,Color,
283,1956  (29th),The King and I,Lyle R. Wheeler and John DeCuir,/wiki/The_King_and_I_(1956_film),True,,Walter M. Scott and Paul S. Fox,
284,1956  (29th),Around the World in 80 Days,James W. Sullivan and Ken Adam,/wiki/Around_the_World_in_80_Days_(1956_film),False,,Ross J. Dowd,
285,1956  (29th),Giant,Boris Leven,/wiki/Giant_(1956_film),False,,Ralph S. Hurst,
286,1956  (29th),Lust for Life,Cedric Gibbons and Hans Peters and E. Preston Ames,/wiki/Lust_for_Life_(1956_film),False,,Edwin B. Willis and F. Keogh Gleason,
287,1956  (29th),The Ten Commandments,Walter H. Tyler and Albert Nozaki,/wiki/The_Ten_Commandments_(1956_film),False,,Samuel M. Comer and Ray Moyer,
288,1957  (30th) [note 5],,,,False,,,
289,1957  (30th) [note 5],Sayonara,Ted Haworth,/wiki/Sayonara,True,,Robert Priestley,
290,1957  (30th) [note 5],Funny Face,Hal Pereira and George Davis,/wiki/Funny_Face,False,,Samuel M. Comer and Ray Moyer,
291,1957  (30th) [note 5],Les Girls,William A. Horning and Gene Allen,/wiki/Les_Girls,False,,Edwin B. Willis and Richard Pefferle,
292,1957  (30th) [note 5],Pal Joey,Walter Holscher,/wiki/Pal_Joey_(film),False,,William Kiernan and Louis Diage,
293,1957  (30th) [note 5],Raintree County,William A. Horning and Urie McCleary,/wiki/Raintree_County_(film),False,,Edwin B. Willis and Hugh Hunt,
294,1958  (31st) [note 5],,,,False,,,
295,1958  (31st) [note 5],Gigi,William A. Horning (posthumous award) and E. Preston Ames,/wiki/Gigi_(1958_film),True,,Henry Grace and F. Keogh Gleason,
296,1958  (31st) [note 5],Auntie Mame,Malcolm Bert,/wiki/Auntie_Mame_(film),False,,George James Hopkins,
297,1958  (31st) [note 5],"Bell, Book and Candle",Cary Odell,"/wiki/Bell,_Book_and_Candle",False,,Louis Diage,
298,1958  (31st) [note 5],A Certain Smile,Lyle R. Wheeler and John DeCuir,/wiki/A_Certain_Smile_(film),False,,Walter M. Scott and Paul S. Fox,
299,1958  (31st) [note 5],Vertigo,Hal Pereira and Henry Bumstead,/wiki/Vertigo_(film),False,,Samuel M. Comer and Frank McKelvy,
300,1959  (32nd),Black-and-White,Black-and-White,,False,,Black-and-White,
301,1959  (32nd),The Diary of Anne Frank,Lyle R. Wheeler and George Davis,/wiki/The_Diary_of_Anne_Frank_(1959_film),True,,Walter M. Scott and Stuart A. Reiss,
302,1959  (32nd),Career,Hal Pereira and Walter H. Tyler,/wiki/Career_(1959_film),False,,Samuel M. Comer and Arthur Krams,
303,1959  (32nd),The Last Angry Man,Carl Anderson,/wiki/The_Last_Angry_Man,False,,William Kiernan,
304,1959  (32nd),Some Like It Hot,Ted Haworth,/wiki/Some_Like_It_Hot,False,,Edward G. Boyle,
305,1959  (32nd),"Suddenly, Last Summer",Oliver Messel and William Kellner,"/wiki/Suddenly,_Last_Summer_(film)",False,,Scott Slimon,
306,1959  (32nd),Color,Color,,False,,Color,
307,1959  (32nd),Ben-Hur,William A. Horning (posthumous award) and Edward Carfagno,/wiki/Ben-Hur_(1959_film),True,,Hugh Hunt,
308,1959  (32nd),The Big Fisherman,John DeCuir,/wiki/The_Big_Fisherman,False,,Julia Heron,
309,1959  (32nd),Journey to the Center of the Earth,"Lyle R. Wheeler, Franz Bachelin and Herman A. Blumenthal",/wiki/Journey_to_the_Center_of_the_Earth_(1959_film),False,,Walter M. Scott and Joseph Kish,
310,1959  (32nd),North by Northwest,"William A. Horning (posthumous nomination), Robert F. Boyle and Merrill Pye",/wiki/North_by_Northwest,False,,Henry Grace and Frank McKelvy,
311,1959  (32nd),Pillow Talk,Richard H. Riedel (posthumous nomination),/wiki/Pillow_Talk_(film),False,,Russell A. Gausman and Ruby R. Levitt,
312,1960  (33rd),Black-and-White,Black-and-White,,False,,Black-and-White,
313,1960  (33rd),The Apartment,Alexandre Trauner,/wiki/The_Apartment,True,,Edward G. Boyle,
314,1960  (33rd),The Facts of Life,Joseph McMillan Johnson and Kenneth A. Reid,/wiki/The_Facts_of_Life_(film),False,,Ross Dowd,
315,1960  (33rd),Psycho,Joseph Hurley and Robert Clatworthy,/wiki/Psycho_(1960_film),False,,George Milo,
316,1960  (33rd),Sons and Lovers,Tom Morahan,/wiki/Sons_and_Lovers_(film),False,,Lionel Couch,
317,1960  (33rd),Visit to a Small Planet,Hal Pereira and Walter Tyler,/wiki/Visit_to_a_Small_Planet,False,,Samuel M. Comer and Arthur Krams,
318,1960  (33rd),Color,Color,,False,,Color,
319,1960  (33rd),Spartacus,Alexander Golitzen and Eric Orbom,/wiki/Spartacus_(film),True,,Russell A. Gausman and Julia Heron,
320,1960  (33rd),Cimarron,George Davis and Addison Hehr,/wiki/Cimarron_(1960_film),False,,"Henry Grace, Hugh Hunt and Otto Siegel",
321,1960  (33rd),It Started in Naples,Hal Pereira and Roland Anderson,/wiki/It_Started_in_Naples,False,,Samuel M. Comer and Arrigo Breschi,
322,1960  (33rd),Pepe,Ted Haworth,/wiki/Pepe_(1960_film),False,,William Kiernan,
323,1960  (33rd),Sunrise at Campobello,Edward Carrere,/wiki/Sunrise_at_Campobello,False,,George James Hopkins,
324,1961  (34th),Black-and-White,Black-and-White,,False,,Black-and-White,
325,1961  (34th),The Hustler,Harry Horner,/wiki/The_Hustler,True,,Gene Callahan,
326,1961  (34th),The Absent-Minded Professor,Carroll Clark,/wiki/The_Absent-Minded_Professor,False,,Emile Kuri and Hal Gausman,
327,1961  (34th),The Children's Hour,Fernando Carrere,/wiki/The_Children%27s_Hour_(film),False,,Edward G. Boyle,
328,1961  (34th),Judgment at Nuremberg,Rudolph Sternad,/wiki/Judgment_at_Nuremberg,False,,George Milo,
329,1961  (34th),La Dolce Vita,Piero Gherardi,/wiki/La_Dolce_Vita,False,,—,
330,1961  (34th),Color,Color,,False,,Color,
331,1961  (34th),West Side Story,Boris Leven,/wiki/West_Side_Story_(1961_film),True,,Victor A. Gangelin,
332,1961  (34th),Breakfast at Tiffany's,Hal Pereira and Roland Anderson,/wiki/Breakfast_at_Tiffany%27s_(film),False,,Samuel M. Comer and Ray Moyer,
333,1961  (34th),El Cid,Veniero Colasanti and John Moore,/wiki/El_Cid_(film),False,,—,
334,1961  (34th),Flower Drum Song,Alexander Golitzen and Joseph C. Wright,/wiki/Flower_Drum_Song_(film),False,,Howard Bristol,
335,1961  (34th),Summer and Smoke,Hal Pereira and Walter Tyler,/wiki/Summer_and_Smoke_(film),False,,Samuel M. Comer and Arthur Krams,
336,1962  (35th),Black-and-White,Black-and-White,,False,,Black-and-White,
337,1962  (35th),To Kill a Mockingbird,Alexander Golitzen and Henry Bumstead,/wiki/To_Kill_a_Mockingbird_(film),True,,Oliver Emert,
338,1962  (35th),Days of Wine and Roses,Joseph C. Wright,/wiki/Days_of_Wine_and_Roses_(film),False,,George James Hopkins,
339,1962  (35th),The Longest Day,"Ted Haworth, Léon Barsacq and Vincent Korda",/wiki/The_Longest_Day_(film),False,,Gabriel Béchir,
340,1962  (35th),Period of Adjustment,George Davis and Edward Carfagno,/wiki/Period_of_Adjustment_(film),False,,Henry Grace and Richard Pefferle,
341,1962  (35th),The Pigeon That Took Rome,Hal Pereira and Roland Anderson,/wiki/The_Pigeon_That_Took_Rome,False,,Samuel M. Comer and Frank R. McKelvy,
342,1962  (35th),Color,Color,,False,,Color,
343,1962  (35th),Lawrence of Arabia,John Box and John Stoll,/wiki/Lawrence_of_Arabia_(film),True,,Dario Simoni,
344,1962  (35th),The Music Man,Paul Groesse,/wiki/The_Music_Man_(1962_film),False,,George James Hopkins,
345,1962  (35th),Mutiny on the Bounty,George Davis and Joseph McMillan Johnson,/wiki/Mutiny_on_the_Bounty_(1962_film),False,,Henry Grace and Hugh Hunt,
346,1962  (35th),That Touch of Mink,Alexander Golitzen and Robert Clatworthy,/wiki/That_Touch_of_Mink,False,,George Milo,
347,1962  (35th),The Wonderful World of the Brothers Grimm,George Davis and Edward Carfagno,/wiki/The_Wonderful_World_of_the_Brothers_Grimm,False,,Henry Grace and Richard Pefferle,
348,1963  (36th),Black-and-White,Black-and-White,,False,,Black-and-White,
349,1963  (36th),America America,Gene Callahan,/wiki/America_America,True,,—,
350,1963  (36th),8½,Piero Gherardi,/wiki/8%C2%BD,False,,—,
351,1963  (36th),Hud,Hal Pereira and Tambi Larsen,/wiki/Hud_(1963_film),False,,Samuel M. Comer and Robert R. Benton,
352,1963  (36th),Love with the Proper Stranger,Hal Pereira and Roland Anderson,/wiki/Love_with_the_Proper_Stranger,False,,Samuel M. Comer and Grace Gregory,
353,1963  (36th),Twilight of Honor,George Davis and Paul Groesse,/wiki/Twilight_of_Honor,False,,Henry Grace and Hugh Hunt,
354,1963  (36th),Color,Color,,False,,Color,
355,1963  (36th),Cleopatra,"John DeCuir, Jack Martin Smith, Hilyard M. Brown, Herman A. Blumenthal, Elven Webb, Maurice Pelling and Boris Juraga",/wiki/Cleopatra_(1963_film),True,,"Walter M. Scott, Paul S. Fox and Ray Moyer",
356,1963  (36th),The Cardinal,Lyle R. Wheeler,/wiki/The_Cardinal,False,,Gene Callahan,
357,1963  (36th),Come Blow Your Horn,Hal Pereira and Roland Anderson,/wiki/Come_Blow_Your_Horn_(film),False,,Samuel M. Comer and James W. Payne,
358,1963  (36th),How the West Was Won,"George Davis, William Ferrari (posthumous nomination) and Addison Hehr",/wiki/How_the_West_Was_Won_(film),False,,"Henry Grace, Don Greenwood Jr. and Jack Mills",
359,1963  (36th),Tom Jones,"Ralph W. Brinton, Jocelyn Herbert, and Ted Marshall",/wiki/Tom_Jones_(1963_film),False,,Josie MacAvin,
360,1964  (37th),Black-and-White,Black-and-White,,False,,Black-and-White,
361,1964  (37th),Zorba the Greek,Vassilis Photopoulos,/wiki/Zorba_the_Greek_(film),True,,—,
362,1964  (37th),The Americanization of Emily,"George Davis, Hans Peters and Elliot Scott",/wiki/The_Americanization_of_Emily,False,,Henry Grace and Robert R. Benton,
363,1964  (37th),"Hush...Hush, Sweet Charlotte",William Glasgow,"/wiki/Hush...Hush,_Sweet_Charlotte",False,,Raphaël Bretton,
364,1964  (37th),The Night of the Iguana,Stephen B. Grimes,/wiki/The_Night_of_the_Iguana_(film),False,,—,
365,1964  (37th),Seven Days in May,Cary Odell,/wiki/Seven_Days_in_May,False,,Edward G. Boyle,
366,1964  (37th),Color,Color,,False,,Color,
367,1964  (37th),My Fair Lady,Gene Allen and Cecil Beaton,/wiki/My_Fair_Lady_(film),True,,George James Hopkins,
368,1964  (37th),Becket,John Bryan and Maurice Carter,/wiki/Becket_(1964_film),False,,Patrick McLoughlin and Robert Cartwright,
369,1964  (37th),Mary Poppins,Carroll Clark and William H. Tuntke,/wiki/Mary_Poppins_(film),False,,Emile Kuri and Hal Gausman,
370,1964  (37th),The Unsinkable Molly Brown,George Davis and E. Preston Ames,/wiki/The_Unsinkable_Molly_Brown_(film),False,,Henry Grace and Hugh Hunt,
371,1964  (37th),What a Way to Go!,Jack Martin Smith and Ted Haworth,/wiki/What_a_Way_to_Go!,False,,Walter M. Scott and Stuart A. Reiss,
372,1965  (38th),Black-and-White,Black-and-White,,False,,Black-and-White,
373,1965  (38th),Ship of Fools,Robert Clatworthy,/wiki/Ship_of_Fools_(film),True,,Joseph Kish,
374,1965  (38th),King Rat,Robert Emmet Smith,/wiki/King_Rat_(film),False,,Frank Tuttle,
375,1965  (38th),A Patch of Blue,George Davis and Urie McCleary,/wiki/A_Patch_of_Blue,False,,Henry Grace and Charles S. Thompson,
376,1965  (38th),The Slender Thread,Hal Pereira and Jack Poplin,/wiki/The_Slender_Thread,False,,Robert R. Benton and Joseph Kish,
377,1965  (38th),The Spy Who Came In from the Cold,Hal Pereira and Tambi Larsen,/wiki/The_Spy_Who_Came_In_from_the_Cold_(film),False,,Ted Marshall and Josie MacAvin,
378,1965  (38th),Color,Color,,False,,Color,
379,1965  (38th),Doctor Zhivago,John Box and Terence Marsh,/wiki/Doctor_Zhivago_(film),True,,Dario Simoni,
380,1965  (38th),The Agony and the Ecstasy,John DeCuir and Jack Martin Smith,/wiki/The_Agony_and_the_Ecstasy_(film),False,,Dario Simoni,
381,1965  (38th),The Greatest Story Ever Told,"Richard Day, William Creber and David S. Hall (posthumous nomination)",/wiki/The_Greatest_Story_Ever_Told,False,,Ray Moyer and Fred M. MacLean and Norman Rockett,
382,1965  (38th),Inside Daisy Clover,Robert Clatworthy,/wiki/Inside_Daisy_Clover,False,,George James Hopkins,
383,1965  (38th),The Sound of Music,Boris Leven,/wiki/The_Sound_of_Music_(film),False,,Walter M. Scott and Ruby Levitt,
384,1966  (39th),Black-and-White,Black-and-White,,False,,Black-and-White,
385,1966  (39th),Who's Afraid of Virginia Woolf?,Richard Sylbert,/wiki/Who%27s_Afraid_of_Virginia_Woolf%3F_(film),True,,George James Hopkins,
386,1966  (39th),The Fortune Cookie,Robert Luthardt,/wiki/The_Fortune_Cookie,False,,Edward G. Boyle,
387,1966  (39th),The Gospel According to St. Matthew,Luigi Scaccianoce,/wiki/The_Gospel_According_to_St._Matthew_(film),False,,—,
388,1966  (39th),Is Paris Burning?,Willy Holt,/wiki/Is_Paris_Burning%3F_(film),False,,Marc Frédérix and Pierre Guffroy,
389,1966  (39th),Mister Buddwing,George Davis and Paul Groesse,/wiki/Mister_Buddwing,False,,Henry Grace and Hugh Hunt,
390,1966  (39th),Color,Color,,False,,Color,
391,1966  (39th),Fantastic Voyage,Jack Martin Smith and Dale Hennesy,/wiki/Fantastic_Voyage,True,,Walter M. Scott and Stuart A. Reiss,
392,1966  (39th),Gambit,Alexander Golitzen and George C. Webb,/wiki/Gambit_(1966_film),False,,John McCarthy Jr. and John P. Austin,
393,1966  (39th),Juliet of the Spirits,Piero Gherardi,/wiki/Juliet_of_the_Spirits,False,,—,
394,1966  (39th),The Oscar,Hal Pereira and Arthur Lonergan,/wiki/The_Oscar_(film),False,,Robert R. Benton and James W. Payne,
395,1966  (39th),The Sand Pebbles,Boris Leven,/wiki/The_Sand_Pebbles_(film),False,,"Walter M. Scott, John Sturtevant and William Kiernan",
396,1967  (40th),,,,False,,,
397,1967  (40th),Camelot,John Truscott and Edward Carrere,/wiki/Camelot_(film),True,,John W. Brown,
398,1967  (40th),Doctor Dolittle,"Mario Chiari, Jack Martin Smith and Ed Graves",/wiki/Doctor_Dolittle_(1967_film),False,,Walter M. Scott and Stuart A. Reiss,
399,1967  (40th),Guess Who's Coming to Dinner,Robert Clatworthy,/wiki/Guess_Who%27s_Coming_to_Dinner,False,,Frank Tuttle,
400,1967  (40th),The Taming of the Shrew,"Renzo Mongiardino, John DeCuir, Elven Webb and Giuseppe Mariani",/wiki/The_Taming_of_the_Shrew_(1967_film),False,,Dario Simoni and Luigi Gervasi,
401,1967  (40th),Thoroughly Modern Millie,Alexander Golitzen and George C. Webb,/wiki/Thoroughly_Modern_Millie,False,,Howard Bristol,
402,1968  (41st),,,,False,,,
403,1968  (41st),Oliver!,John Box and Terence Marsh,/wiki/Oliver!_(film),True,,Vernon Dixon and Ken Muggleston,
404,1968  (41st),2001: A Space Odyssey,"Anthony Masters, Harry Lange and Ernest Archer",/wiki/2001:_A_Space_Odyssey_(film),False,,—,
405,1968  (41st),The Shoes of the Fisherman,George Davis and Edward Carfagno,/wiki/The_Shoes_of_the_Fisherman_(movie),False,,—,
406,1968  (41st),Star!,Boris Leven,/wiki/Star!_(film),False,,Walter M. Scott and Howard Bristol,
407,1968  (41st),War and Peace,Mikhail Bogdanov and Gennady Myasnikov,/wiki/War_and_Peace_(film_series),False,,Georgi Koshelev and Vladimir Uvarov,
408,1969  (42nd),,,,False,,,
409,1969  (42nd),"Hello, Dolly!","John DeCuir, Jack Martin Smith and Herman A. Blumenthal","/wiki/Hello,_Dolly!_(film)",True,,"Walter M. Scott, George James Hopkins and Raphaël Bretton",
410,1969  (42nd),Anne of the Thousand Days,Maurice Carter and Lionel Couch,/wiki/Anne_of_the_Thousand_Days,False,,Patrick McLoughlin,
411,1969  (42nd),"Gaily, Gaily",Robert F. Boyle and George B. Chan,"/wiki/Gaily,_Gaily",False,,Edward G. Boyle and Carl Biddiscombe,
412,1969  (42nd),Sweet Charity,Alexander Golitzen and George C. Webb,/wiki/Sweet_Charity_(film),False,,Jack D. Moore,
413,1969  (42nd),"They Shoot Horses, Don't They?",Harry Horner,"/wiki/They_Shoot_Horses,_Don%27t_They%3F_(film)",False,,Frank R. McKelvy,
414,1970 (43rd),,,,False,,,
415,1970 (43rd),Patton,Urie McCleary and Gil Parrondo,/wiki/Patton_(film),True,,Antonio Mateos and Pierre-Louis Thévenet,
416,1970 (43rd),Airport,Alexander Golitzen and E. Preston Ames,/wiki/Airport_(1970_film),False,,Jack D. Moore and Mickey S. Michaels,
417,1970 (43rd),The Molly Maguires,Tambi Larsen,/wiki/The_Molly_Maguires_(film),False,,Darrell Silvera,
418,1970 (43rd),Scrooge,Terence Marsh and Robert Cartwright,/wiki/Scrooge_(1970_film),False,,Pamela Cornell,
419,1970 (43rd),Tora! Tora! Tora!,"Jack Martin Smith, Yoshirō Muraki, Richard Day and Taizô Kawashima",/wiki/Tora!_Tora!_Tora!,False,,"Walter M. Scott, Norman Rockett and Carl Biddiscombe",
420,1971  (44th),,,,False,,,
421,1971  (44th),Nicholas and Alexandra,"John Box, Ernest Archer, Jack Maxsted and Gil Parrondo",/wiki/Nicholas_and_Alexandra,True,,Vernon Dixon,
422,1971  (44th),The Andromeda Strain,Boris Leven and William H. Tuntke,/wiki/The_Andromeda_Strain_(film),False,,Ruby Levitt,
423,1971  (44th),Bedknobs and Broomsticks,John B. Mansbridge and Peter Ellenshaw,/wiki/Bedknobs_and_Broomsticks,False,,Emile Kuri and Hal Gausman,
424,1971  (44th),Fiddler on the Roof,Robert F. Boyle and Michael Stringer,/wiki/Fiddler_on_the_Roof_(film),False,,Peter Lamont,
425,1971  (44th),"Mary, Queen of Scots",Terence Marsh and Robert Cartwright,"/wiki/Mary,_Queen_of_Scots_(1971_film)",False,,Peter Howitt,
426,1972  (45th),,,,False,,,
427,1972  (45th),Cabaret,Rolf Zehetbauer and Hans Jürgen Kiebach,/wiki/Cabaret_(1972_film),True,,Herbert Strabel,
428,1972  (45th),Lady Sings the Blues,Carl Anderson,/wiki/Lady_Sings_the_Blues_(film),False,,Reg Allen,
429,1972  (45th),The Poseidon Adventure,William Creber,/wiki/The_Poseidon_Adventure_(1972_film),False,,Raphaël Bretton,
430,1972  (45th),Travels with My Aunt,"John Box, Gil Parrondo and Robert W. Laing",/wiki/Travels_with_My_Aunt_(film),False,,—,
431,1972  (45th),Young Winston,Donald M. Ashton and Geoffrey Drake,/wiki/Young_Winston,False,,"John Graysmark, William Hutchinson and Peter James",
432,1973  (46th),,,,False,,,
433,1973  (46th),The Sting,Henry Bumstead,/wiki/The_Sting,True,,James W. Payne,
434,1973  (46th),"Brother Sun, Sister Moon",Lorenzo Mongiardino and Gianni Quaranta,"/wiki/Brother_Sun,_Sister_Moon",False,,Carmelo Patrono,
435,1973  (46th),The Exorcist,Bill Malley,/wiki/The_Exorcist,False,,Jerry Wunderlich,
436,1973  (46th),Tom Sawyer,Philip M. Jefferies,/wiki/Tom_Sawyer_(1973_film),False,,Robert De Vestel,
437,1973  (46th),The Way We Were,Stephen B. Grimes,/wiki/The_Way_We_Were,False,,William Kiernan (posthumous nomination),
438,1974  (47th),,,,False,,,
439,1974  (47th),The Godfather Part II,Dean Tavoularis and Angelo P. Graham,/wiki/The_Godfather_Part_II,True,,George R. Nelson,
440,1974  (47th),Chinatown,Richard Sylbert and W. Stewart Campbell,/wiki/Chinatown_(1974_film),False,,Ruby Levitt,
441,1974  (47th),Earthquake,Alexander Golitzen and E. Preston Ames,/wiki/Earthquake_(1974_film),False,,Frank R. McKelvy,
442,1974  (47th),The Island at the Top of the World,"Peter Ellenshaw, John B. Mansbridge, Walter Tyler and Al Roelofs",/wiki/The_Island_at_the_Top_of_the_World,False,,Hal Gausman,
443,1974  (47th),The Towering Inferno,William Creber and Ward Preston,/wiki/The_Towering_Inferno,False,,Raphaël Bretton,
444,1975  (48th),,,,False,,,
445,1975  (48th),Barry Lyndon,Ken Adam and Roy Walker,/wiki/Barry_Lyndon,True,,Vernon Dixon,
446,1975  (48th),The Hindenburg,Edward Carfagno,/wiki/The_Hindenburg_(film),False,,Frank R. McKelvy,
447,1975  (48th),The Man Who Would Be King,Alexandre Trauner and Tony Inglis,/wiki/The_Man_Who_Would_Be_King_(film),False,,Peter James,
448,1975  (48th),Shampoo,Richard Sylbert and W. Stewart Campbell,/wiki/Shampoo_(film),False,,George Gaines,
449,1975  (48th),The Sunshine Boys,Albert Brenner,/wiki/The_Sunshine_Boys_(1975_film),False,,Marvin March,
450,1976  (49th),,,,False,,,
451,1976  (49th),All the President's Men,George Jenkins,/wiki/All_the_President%27s_Men_(film),True,,George Gaines,
452,1976  (49th),The Incredible Sarah,Elliot Scott,/wiki/The_Incredible_Sarah,False,,Norman Reynolds,
453,1976  (49th),The Last Tycoon,Gene Callahan and Jack T. Collis,/wiki/The_Last_Tycoon_(1976_film),False,,Jerry Wunderlich,
454,1976  (49th),Logan's Run,Dale Hennesy,/wiki/Logan%27s_Run_(film),False,,Robert De Vestel,
455,1976  (49th),The Shootist,Robert F. Boyle,/wiki/The_Shootist,False,,Arthur Jeph Parker,
456,1977  (50th),,,,False,,,
457,1977  (50th),Star Wars,"John Barry, Norman Reynolds and Leslie Dilley",/wiki/Star_Wars_(film),True,,Roger Christian,
458,1977  (50th),Airport '77,George C. Webb,/wiki/Airport_%2777,False,,Mickey S. Michaels,
459,1977  (50th),Close Encounters of the Third Kind,Joe Alves and Dan Lomino,/wiki/Close_Encounters_of_the_Third_Kind,False,,Phil Abramson,
460,1977  (50th),The Spy Who Loved Me,Ken Adam and Peter Lamont,/wiki/The_Spy_Who_Loved_Me_(film),False,,Hugh Scaife,
461,1977  (50th),The Turning Point,Albert Brenner,/wiki/The_Turning_Point_(1977_film),False,,Marvin March,
462,1978  (51st),,,,False,,,
463,1978  (51st),Heaven Can Wait,Paul Sylbert and Edwin O'Donovan,/wiki/Heaven_Can_Wait_(1978_film),True,,George Gaines,
464,1978  (51st),The Brink's Job,Dean Tavoularis and Angelo P. Graham,/wiki/The_Brink%27s_Job,False,,George R. Nelson and Bruce Kay,
465,1978  (51st),California Suite,Albert Brenner,/wiki/California_Suite_(film),False,,Marvin March,
466,1978  (51st),Interiors,Mel Bourne,/wiki/Interiors,False,,Daniel Robert,
467,1978  (51st),The Wiz,Tony Walton and Philip Rosenberg,/wiki/The_Wiz_(film),False,,Edward Stewart and Robert Drumheller,
468,1979  (52nd),,,,False,,,
469,1979  (52nd),All That Jazz,Philip Rosenberg and Tony Walton,/wiki/All_That_Jazz_(film),True,,Edward Stewart and Gary J. Brink,
470,1979  (52nd),Alien,"Michael Seymour, Leslie Dilley and Roger Christian",/wiki/Alien_(film),False,,Ian Whittaker,
471,1979  (52nd),Apocalypse Now,Dean Tavoularis and Angelo P. Graham,/wiki/Apocalypse_Now,False,,George R. Nelson,
472,1979  (52nd),The China Syndrome,George Jenkins,/wiki/The_China_Syndrome,False,,Arthur Jeph Parker,
473,1979  (52nd),Star Trek: The Motion Picture,"Harold Michelson, Joe Jennings, Leon Harris and John Vallone",/wiki/Star_Trek:_The_Motion_Picture,False,,Linda DeScenna,
474,1980 (53rd),,,,False,,,
475,1980 (53rd),Tess,Pierre Guffroy and Jack Stephens,/wiki/Tess_(1979_film),True,,—,
476,1980 (53rd),Coal Miner's Daughter,John W. Corso,/wiki/Coal_Miner%27s_Daughter_(film),False,,John M. Dwyer,
477,1980 (53rd),The Elephant Man,Stuart Craig and Robert Cartwright,/wiki/The_Elephant_Man_(film),False,,Hugh Scaife,
478,1980 (53rd),Star Wars: Episode V – The Empire Strikes Back,"Norman Reynolds, Leslie Dilley, Harry Lange and Alan Tomkins",/wiki/The_Empire_Strikes_Back,False,,Michael D. Ford,
479,1980 (53rd),Kagemusha,Yoshirō Muraki,/wiki/Kagemusha,False,,—,
480,1981 (54th),,,,False,,,
481,1981 (54th),Raiders of the Lost Ark,Norman Reynolds and Leslie Dilley,/wiki/Raiders_of_the_Lost_Ark,True,,Michael D. Ford,
482,1981 (54th),The French Lieutenant's Woman,Assheton Gorton,/wiki/The_French_Lieutenant%27s_Woman_(film),False,,Ann Mollo,
483,1981 (54th),Heaven's Gate,Tambi Larsen,/wiki/Heaven%27s_Gate_(film),False,,James L. Berkey,
484,1981 (54th),Ragtime,"John Graysmark, Patrizia von Brandenstein and Tony Reading",/wiki/Ragtime_(film),False,,"George DeTitta Sr., George DeTitta Jr. and Peter Howitt",
485,1981 (54th),Reds,Richard Sylbert,/wiki/Reds_(film),False,,Michael Seirton,
486,1982 (55th),,,,False,,,
487,1982 (55th),Gandhi,Stuart Craig and Robert W. Laing,/wiki/Gandhi_(film),True,,Michael Seirton,
488,1982 (55th),Annie,Dale Hennesy (posthumous nomination),/wiki/Annie_(1982_film),False,,Marvin March,
489,1982 (55th),Blade Runner,Lawrence G. Paull and David L. Snyder,/wiki/Blade_Runner,False,,Linda DeScenna,
490,1982 (55th),La Traviata,Franco Zeffirelli and Gianni Quaranta,/wiki/La_Traviata_(1983_film),False,,—,
491,1982 (55th),Victor/Victoria,"Rodger Maus, Tim Hutchinson and William Craig Smith",/wiki/Victor/Victoria,False,,Harry Cordwell,
492,1983 (56th),,,,False,,,
493,1983 (56th),Fanny and Alexander,Anna Asp,/wiki/Fanny_and_Alexander,True,,—,
494,1983 (56th),Return of the Jedi,"Norman Reynolds, Fred Hole and James L. Schoppe",/wiki/Return_of_the_Jedi,False,,Michael D. Ford,
495,1983 (56th),The Right Stuff,"Geoffrey Kirkland, Richard Lawrence, W. Stewart Campbell and Peter R. Romero",/wiki/The_Right_Stuff_(film),False,,Jim Poynter and George R. Nelson,
496,1983 (56th),Terms of Endearment,Polly Platt and Harold Michelson,/wiki/Terms_of_Endearment,False,,Tom Pedigo and Anthony Mondell,
497,1983 (56th),Yentl,Roy Walker and Leslie Tomkins,/wiki/Yentl_(film),False,,Tessa Davies,
498,1984 (57th),,,,False,,,
499,1984 (57th),Amadeus,Patrizia von Brandenstein and Karel Černý,/wiki/Amadeus_(film),True,,—,
500,1984 (57th),2010,Albert Brenner,/wiki/2010:_The_Year_We_Make_Contact,False,,Rick Simpson,
501,1984 (57th),The Cotton Club,Richard Sylbert,/wiki/The_Cotton_Club_(film),False,,George Gaines,
502,1984 (57th),The Natural,Mel Bourne and Angelo P. Graham,/wiki/The_Natural_(film),False,,Bruce Weintraub,
503,1984 (57th),A Passage to India,John Box,/wiki/A_Passage_to_India_(film),False,,Hugh Scaife,
504,1985 (58th),,,,False,,,
505,1985 (58th),Out of Africa,Stephen B. Grimes,/wiki/Out_of_Africa_(film),True,,Josie MacAvin,
506,1985 (58th),Brazil,Norman Garwood,/wiki/Brazil_(1985_film),False,,Maggie Gray,
507,1985 (58th),The Color Purple,J. Michael Riva and Bo Welch,/wiki/The_Color_Purple_(1985_film),False,,Linda DeScenna,
508,1985 (58th),Ran,Yoshirō Muraki and Shinobu Muraki,/wiki/Ran_(film),False,,—,
509,1985 (58th),Witness,Stan Jolley,/wiki/Witness_(1985_film),False,,John H. Anderson,
510,1986 (59th),,,,False,,,
511,1986 (59th),A Room with a View,Gianni Quaranta and Brian Ackland-Snow,/wiki/A_Room_with_a_View_(1985_film),True,,Brian Savegar and Elio Altramura,
512,1986 (59th),Aliens,Peter Lamont,/wiki/Aliens_(film),False,,Crispian Sallis,
513,1986 (59th),The Color of Money,Boris Leven,/wiki/The_Color_of_Money,False,,Karen O'Hara,
514,1986 (59th),Hannah and Her Sisters,Stuart Wurtzel,/wiki/Hannah_and_Her_Sisters,False,,Carol Joffe,
515,1986 (59th),The Mission,Stuart Craig,/wiki/The_Mission_(1986_film),False,,Jack Stephens,
516,1987 (60th),,,,False,,,
517,1987 (60th),The Last Emperor,Ferdinando Scarfiotti,/wiki/The_Last_Emperor,True,,Bruno Cesari and Osvaldo Desideri,
518,1987 (60th),Empire of the Sun,Norman Reynolds,/wiki/Empire_of_the_Sun_(film),False,,Harry Cordwell,
519,1987 (60th),Hope and Glory,Anthony Pratt,/wiki/Hope_and_Glory_(film),False,,Joanne Woollard,
520,1987 (60th),Radio Days,Santo Loquasto,/wiki/Radio_Days,False,,"Carol Joffe, Leslie Bloom and George DeTitta Jr.",
521,1987 (60th),The Untouchables,Patrizia von Brandenstein and William A. Elliott,/wiki/The_Untouchables_(film),False,,Hal Gausman,
522,1988 (61st),,,,False,,,
523,1988 (61st),Dangerous Liaisons,Stuart Craig,/wiki/Dangerous_Liaisons,True,,Gérard James,
524,1988 (61st),Beaches,Albert Brenner,/wiki/Beaches_(1988_film),False,,Garrett Lewis,
525,1988 (61st),Rain Man,Ida Random,/wiki/Rain_Man,False,,Linda DeScenna,
526,1988 (61st),Tucker: The Man and His Dream,Dean Tavoularis,/wiki/Tucker:_The_Man_and_His_Dream,False,,Armin Ganz,
527,1988 (61st),Who Framed Roger Rabbit,Elliot Scott,/wiki/Who_Framed_Roger_Rabbit,False,,Peter Howitt,
528,1989 (62nd),,,,False,,,
529,1989 (62nd),Batman,Anton Furst,/wiki/Batman_(1989_film),True,,Peter Young,
530,1989 (62nd),The Abyss,Leslie Dilley,/wiki/The_Abyss,False,,Anne Kuljian,
531,1989 (62nd),The Adventures of Baron Munchausen,Dante Ferretti,/wiki/The_Adventures_of_Baron_Munchausen,False,,Francesca Lo Schiavo,
532,1989 (62nd),Driving Miss Daisy,Bruno Rubeo,/wiki/Driving_Miss_Daisy,False,,Crispian Sallis,
533,1989 (62nd),Glory,Norman Garwood,/wiki/Glory_(1989_film),False,,Garrett Lewis,
534,1990 (63rd),,,,False,,,
535,1990 (63rd),Dick Tracy,Richard Sylbert,/wiki/Dick_Tracy_(1990_film),True,,Rick Simpson,
536,1990 (63rd),Cyrano de Bergerac,Ezio Frigerio,/wiki/Cyrano_de_Bergerac_(1990_film),False,,Jacques Rouxel,
537,1990 (63rd),Dances with Wolves,Jeffrey Beecroft,/wiki/Dances_with_Wolves,False,,Lisa Dean,
538,1990 (63rd),The Godfather Part III,Dean Tavoularis,/wiki/The_Godfather_Part_III,False,,Gary Fettis,
539,1990 (63rd),Hamlet,Dante Ferretti,/wiki/Hamlet_(1990_film),False,,Francesca Lo Schiavo,
540,1991 (64th),,,,False,,,
541,1991 (64th),Bugsy,Dennis Gassner,/wiki/Bugsy,True,,Nancy Haigh,
542,1991 (64th),Barton Fink,Dennis Gassner,/wiki/Barton_Fink,False,,Nancy Haigh,
543,1991 (64th),The Fisher King,Mel Bourne,/wiki/The_Fisher_King,False,,Cindy Carr,
544,1991 (64th),Hook,Norman Garwood,/wiki/Hook_(film),False,,Garrett Lewis,
545,1991 (64th),The Prince of Tides,Paul Sylbert,/wiki/The_Prince_of_Tides,False,,Caryl Heller,
546,1992 (65th),,,,False,,,
547,1992 (65th),Howards End,Luciana Arrighi,/wiki/Howards_End_(film),True,,Ian Whittaker,
548,1992 (65th),Bram Stoker's Dracula,Thomas E. Sanders,/wiki/Bram_Stoker%27s_Dracula_(1992_film),False,,Garrett Lewis,
549,1992 (65th),Chaplin,Stuart Craig,/wiki/Chaplin_(film),False,,Chris A. Butler,
550,1992 (65th),Toys,Ferdinando Scarfiotti,/wiki/Toys_(film),False,,Linda DeScenna,
551,1992 (65th),Unforgiven,Henry Bumstead,/wiki/Unforgiven,False,,Janice Blackie-Goodine,
552,1993 (66th),,,,False,,,
553,1993 (66th),Schindler's List,Allan Starski,/wiki/Schindler%27s_List,True,,Ewa Braun,
554,1993 (66th),Addams Family Values,Ken Adam,/wiki/Addams_Family_Values,False,,Marvin March,
555,1993 (66th),The Age of Innocence,Dante Ferretti,/wiki/The_Age_of_Innocence_(1993_film),False,,Robert J. Franco,
556,1993 (66th),Orlando,Ben Van Os and Jan Roelfs,/wiki/Orlando_(film),False,,—,
557,1993 (66th),The Remains of the Day,Luciana Arrighi,/wiki/The_Remains_of_the_Day_(film),False,,Ian Whittaker,
558,1994 (67th),,,,False,,,
559,1994 (67th),The Madness of King George,Ken Adam,/wiki/The_Madness_of_King_George,True,,Carolyn Scott,
560,1994 (67th),Bullets over Broadway,Santo Loquasto,/wiki/Bullets_over_Broadway,False,,Susan Bode,
561,1994 (67th),Forrest Gump,Rick Carter,/wiki/Forrest_Gump,False,,Nancy Haigh,
562,1994 (67th),Interview with the Vampire,Dante Ferretti,/wiki/Interview_with_the_Vampire_(film),False,,Francesca Lo Schiavo,
563,1994 (67th),Legends of the Fall,Lilly Kilvert,/wiki/Legends_of_the_Fall,False,,Dorree Cooper,
564,1995 (68th),,,,False,,,
565,1995 (68th),Restoration,Eugenio Zanetti,/wiki/Restoration_(1995_film),True,,—,
566,1995 (68th),Apollo 13,Michael Corenblith,/wiki/Apollo_13_(film),False,,Merideth Boswell,
567,1995 (68th),Babe,Roger Ford,/wiki/Babe_(film),False,,Kerrie Brown,
568,1995 (68th),A Little Princess,Bo Welch,/wiki/A_Little_Princess_(1995_film),False,,Cheryl Carasik,
569,1995 (68th),Richard III,Tony Burrough,/wiki/Richard_III_(1995_film),False,,—,
570,1996 (69th),,,,False,,,
571,1996 (69th),The English Patient,Stuart Craig,/wiki/The_English_Patient_(film),True,,Stephenie McMillan,
572,1996 (69th),The Birdcage,Bo Welch,/wiki/The_Birdcage,False,,Cheryl Carasik,
573,1996 (69th),Evita,Brian Morris,/wiki/Evita_(1996_film),False,,Philippe Turlure,
574,1996 (69th),Hamlet,Tim Harvey,/wiki/Hamlet_(1990_film),False,,—,
575,1996 (69th),Romeo + Juliet,Catherine Martin,/wiki/Romeo_%2B_Juliet,False,,Brigitte Broch,
576,1997 (70th),,,,False,,,
577,1997 (70th),Titanic,Peter Lamont,/wiki/Titanic_(1997_film),True,,Michael D. Ford,
578,1997 (70th),Gattaca,Jan Roelfs,/wiki/Gattaca,False,,Nancy Nye,
579,1997 (70th),Kundun,Dante Ferretti,/wiki/Kundun,False,,Francesca Lo Schiavo,
580,1997 (70th),L.A. Confidential,Jeannine Oppewall,/wiki/L.A._Confidential_(film),False,,Jay Hart,
581,1997 (70th),Men in Black,Bo Welch,/wiki/Men_in_Black_(1997_film),False,,Cheryl Carasik,
582,1998 (71st),,,,False,,,
583,1998 (71st),Shakespeare in Love,Martin Childs,/wiki/Shakespeare_in_Love,True,,Jill Quertier,
584,1998 (71st),Elizabeth,John Myhre,/wiki/Elizabeth_(film),False,,Peter Howitt,
585,1998 (71st),Pleasantville,Jeannine Oppewall,/wiki/Pleasantville_(film),False,,Jay Hart,
586,1998 (71st),Saving Private Ryan,Tom Sanders,/wiki/Saving_Private_Ryan,False,,Lisa Dean Kavanaugh,
587,1998 (71st),What Dreams May Come,Eugenio Zanetti,/wiki/What_Dreams_May_Come_(film),False,,Cindy Carr,
588,1999 (72nd),,,,False,,,
589,1999 (72nd),Sleepy Hollow,Rick Heinrichs,/wiki/Sleepy_Hollow_(film),True,,Peter Young,
590,1999 (72nd),Anna and the King,Luciana Arrighi,/wiki/Anna_and_the_King,False,,Ian Whittaker,
591,1999 (72nd),The Cider House Rules,David Gropman,/wiki/The_Cider_House_Rules_(film),False,,Beth Rubino,
592,1999 (72nd),The Talented Mr. Ripley,Roy Walker,/wiki/The_Talented_Mr._Ripley_(film),False,,Bruno Cesari,
593,1999 (72nd),Topsy-Turvy,Eve Stewart,/wiki/Topsy-Turvy,False,,John Bush,
594,2000 (73rd) [7],,,,False,,,
595,2000 (73rd) [7],"Crouching Tiger, Hidden Dragon",Timmy Yip,"/wiki/Crouching_Tiger,_Hidden_Dragon",True,,—,
596,2000 (73rd) [7],Gladiator,Arthur Max,/wiki/Gladiator_(2000_film),False,,Crispian Sallis,
597,2000 (73rd) [7],How the Grinch Stole Christmas,Michael Corenblith,/wiki/How_the_Grinch_Stole_Christmas_(2000_film),False,,Merideth Boswell,
598,2000 (73rd) [7],Quills,Martin Childs,/wiki/Quills_(film),False,,Jill Quertier,
599,2000 (73rd) [7],Vatel,Jean Rabasse,/wiki/Vatel_(film),False,,Françoise Benoît-Fresco,
600,2001 (74th) [8],,,,False,,,
601,2001 (74th) [8],Moulin Rouge!,Catherine Martin,/wiki/Moulin_Rouge!,True,,Brigitte Broch,
602,2001 (74th) [8],Amélie,Aline Bonetto,/wiki/Am%C3%A9lie,False,,Marie-Laure Valla,
603,2001 (74th) [8],Gosford Park,Stephen Altman,/wiki/Gosford_Park,False,,Anna Pinnock,
604,2001 (74th) [8],Harry Potter and the Sorcerer's Stone,Stuart Craig,/wiki/Harry_Potter_and_the_Philosopher%27s_Stone_(film),False,,Stephenie McMillan,
605,2001 (74th) [8],The Lord of the Rings: The Fellowship of the Ring,Grant Major,/wiki/The_Lord_of_the_Rings:_The_Fellowship_of_the_Ring,False,,Dan Hennah,
606,2002 (75th) [9],,,,False,,,
607,2002 (75th) [9],Chicago,John Myhre,/wiki/Chicago_(2002_film),True,,Gordon Sim,
608,2002 (75th) [9],Frida,Felipe Fernández del Paso,/wiki/Frida_(2002_film),False,,Hania Robledo,
609,2002 (75th) [9],Gangs of New York,Dante Ferretti,/wiki/Gangs_of_New_York,False,,Francesca Lo Schiavo,
610,2002 (75th) [9],The Lord of the Rings: The Two Towers,Grant Major,/wiki/The_Lord_of_the_Rings:_The_Two_Towers,False,,Dan Hennah and Alan Lee,
611,2002 (75th) [9],Road to Perdition,Dennis Gassner,/wiki/Road_to_Perdition,False,,Nancy Haigh,
612,2003 (76th) [10],,,,False,,,
613,2003 (76th) [10],The Lord of the Rings: The Return of the King,Grant Major,/wiki/The_Lord_of_the_Rings:_The_Return_of_the_King,True,,Dan Hennah and Alan Lee,
614,2003 (76th) [10],Girl with a Pearl Earring,Ben Van Os,/wiki/Girl_with_a_Pearl_Earring_(film),False,,Cecile Heideman,
615,2003 (76th) [10],The Last Samurai,Lilly Kilvert,/wiki/The_Last_Samurai,False,,Gretchen Rau,
616,2003 (76th) [10],Master and Commander: The Far Side of the World,William Sandell,/wiki/Master_and_Commander:_The_Far_Side_of_the_World,False,,Robert Gould,
617,2003 (76th) [10],Seabiscuit,Jeannine Oppewall,/wiki/Seabiscuit_(film),False,,Leslie Pope,
618,2004 (77th) [11],,,,False,,,
619,2004 (77th) [11],The Aviator,Dante Ferretti,/wiki/The_Aviator_(2004_film),True,,Francesca Lo Schiavo,
620,2004 (77th) [11],Finding Neverland,Gemma Jackson,/wiki/Finding_Neverland_(film),False,,Trisha Edwards,
621,2004 (77th) [11],Lemony Snicket's A Series of Unfortunate Events,Rick Heinrichs,/wiki/Lemony_Snicket%27s_A_Series_of_Unfortunate_Events,False,,Cheryl Carasik,
622,2004 (77th) [11],The Phantom of the Opera,Anthony Pratt,/wiki/The_Phantom_of_the_Opera_(2004_film),False,,Celia Bobak,
623,2004 (77th) [11],A Very Long Engagement,Aline Bonetto,/wiki/A_Very_Long_Engagement,False,,—,
624,2005 (78th) [12],,,,False,,,
625,2005 (78th) [12],Memoirs of a Geisha,John Myhre,/wiki/Memoirs_of_a_Geisha_(film),True,,Gretchen Rau,
626,2005 (78th) [12],"Good Night, and Good Luck",Jim Bissell,"/wiki/Good_Night,_and_Good_Luck",False,,Jan Pascale,
627,2005 (78th) [12],Harry Potter and the Goblet of Fire,Stuart Craig,/wiki/Harry_Potter_and_the_Goblet_of_Fire_(film),False,,Stephenie McMillan,
628,2005 (78th) [12],King Kong,Grant Major,/wiki/King_Kong_(2005_film),False,,Dan Hennah and Simon Bright,
629,2005 (78th) [12],Pride & Prejudice,Sarah Greenwood,/wiki/Pride_%26_Prejudice_(2005_film),False,,Katie Spencer,
630,2006 (79th) [13],,,,False,,,
631,2006 (79th) [13],Pan's Labyrinth,Eugenio Caballero,/wiki/Pan%27s_Labyrinth,True,,Pilar Revuelta,
632,2006 (79th) [13],Dreamgirls,John Myhre,/wiki/Dreamgirls_(film),False,,Nancy Haigh,
633,2006 (79th) [13],The Good Shepherd,Jeannine Claudia Oppewall,/wiki/The_Good_Shepherd_(film),False,,Gretchen Rau and Leslie E. Rollins,
634,2006 (79th) [13],Pirates of the Caribbean: Dead Man's Chest,Rick Heinrichs,/wiki/Pirates_of_the_Caribbean:_Dead_Man%27s_Chest,False,,Cheryl Carasik,
635,2006 (79th) [13],The Prestige,Nathan Crowley,/wiki/The_Prestige_(film),False,,Julie Ochipinti,
636,2007 (80th) [14],,,,False,,,
637,2007 (80th) [14],Sweeney Todd: The Demon Barber of Fleet Street,Dante Ferretti,/wiki/Sweeney_Todd:_The_Demon_Barber_of_Fleet_Street_(2007_film),True,,Francesca Lo Schiavo,
638,2007 (80th) [14],American Gangster,Arthur Max,/wiki/American_Gangster_(film),False,,Beth A. Rubino,
639,2007 (80th) [14],Atonement,Sarah Greenwood,/wiki/Atonement_(2007_film),False,,Katie Spencer,
640,2007 (80th) [14],The Golden Compass,Dennis Gassner,/wiki/The_Golden_Compass_(film),False,,Anna Pinnock,
641,2007 (80th) [14],There Will Be Blood,Jack Fisk,/wiki/There_Will_Be_Blood,False,,Jim Erickson,
642,2008 (81st) [15],,,,False,,,
643,2008 (81st) [15],The Curious Case of Benjamin Button,Donald Graham Burt,/wiki/The_Curious_Case_of_Benjamin_Button_(film),True,,Victor J. Zolfo,
644,2008 (81st) [15],Changeling,James J. Murakami,/wiki/Changeling_(film),False,,Gary Fettis,
645,2008 (81st) [15],The Dark Knight,Nathan Crowley,/wiki/The_Dark_Knight,False,,Peter Lando,
646,2008 (81st) [15],The Duchess,Michael Carlin,/wiki/The_Duchess_(film),False,,Rebecca Alleway,
647,2008 (81st) [15],Revolutionary Road,Kristi Zea,/wiki/Revolutionary_Road_(film),False,,Debra Schutt,
648,2009 (82nd) [16],,,,False,,,
649,2009 (82nd) [16],Avatar,Rick Carter and Robert Stromberg,/wiki/Avatar_(2009_film),True,,Kim Sinclair,
650,2009 (82nd) [16],The Imaginarium of Doctor Parnassus,Dave Warren and Anastasia Masaro,/wiki/The_Imaginarium_of_Doctor_Parnassus,False,,Caroline Smith,
651,2009 (82nd) [16],Nine,John Myhre,/wiki/Nine_(2009_live-action_film),False,,Gordon Sim,
652,2009 (82nd) [16],Sherlock Holmes,Sarah Greenwood,/wiki/Sherlock_Holmes_(2009_film),False,,Katie Spencer,
653,2009 (82nd) [16],The Young Victoria,Patrice Vermette,/wiki/The_Young_Victoria,False,,Maggie Gray,
654,2010 (83rd) [17],,,,False,,,
655,2010 (83rd) [17],Alice in Wonderland,,/wiki/Alice_in_Wonderland_(2010_film),True,,Karen O'Hara,Robert Stromberg
656,2010 (83rd) [17],Harry Potter and the Deathly Hallows – Part 1,,/wiki/Harry_Potter_and_the_Deathly_Hallows_%E2%80%93_Part_1,False,,Stephenie McMillan,Stuart Craig
657,2010 (83rd) [17],Inception,,/wiki/Inception,False,,Larry Dias and Doug Mowat,Guy Hendrix Dyas
658,2010 (83rd) [17],The King's Speech,,/wiki/The_King%27s_Speech,False,,Judy Farr,Eve Stewart
659,2010 (83rd) [17],True Grit,,/wiki/True_Grit_(2010_film),False,,Nancy Haigh,Jess Gonchor
660,2011 (84th) [18],,,,False,,,
661,2011 (84th) [18],Hugo,,/wiki/Hugo_(film),True,,Francesca Lo Schiavo,Dante Ferretti
662,2011 (84th) [18],The Artist,,/wiki/The_Artist_(film),False,,Robert Gould,Laurence Bennett
663,2011 (84th) [18],Harry Potter and the Deathly Hallows – Part 2,,/wiki/Harry_Potter_and_the_Deathly_Hallows_%E2%80%93_Part_2,False,,Stephenie McMillan,Stuart Craig
664,2011 (84th) [18],Midnight in Paris,,/wiki/Midnight_in_Paris,False,,Hélène Dubreuil,Anne Seibel
665,2011 (84th) [18],War Horse,,/wiki/War_Horse_(film),False,,Lee Sandales,Rick Carter
666,2012 (85th) [19],,,,False,,,
667,2012 (85th) [19],Lincoln,,/wiki/Lincoln_(film),True,,Jim Erickson,Rick Carter
668,2012 (85th) [19],Anna Karenina,,/wiki/Anna_Karenina_(2012_film),False,,Katie Spencer,Sarah Greenwood
669,2012 (85th) [19],The Hobbit: An Unexpected Journey,,/wiki/The_Hobbit:_An_Unexpected_Journey,False,,Ra Vincent and Simon Bright,Dan Hennah
670,2012 (85th) [19],Les Misérables,,/wiki/Les_Mis%C3%A9rables_(2012_film),False,,Anna Lynch-Robinson,Eve Stewart
671,2012 (85th) [19],Life of Pi,,/wiki/Life_of_Pi_(film),False,,Anna Pinnock,David Gropman
672,2013 (86th) [20],,,,False,,,
673,2013 (86th) [20],The Great Gatsby,,/wiki/The_Great_Gatsby_(2013_film),True,,Beverley Dunn,Catherine Martin
674,2013 (86th) [20],12 Years a Slave,,/wiki/12_Years_a_Slave_(film),False,,Alice Baker,Adam Stockhausen
675,2013 (86th) [20],American Hustle,,/wiki/American_Hustle,False,,Heather Loeffler,Judy Becker
676,2013 (86th) [20],Gravity,,/wiki/Gravity_(2013_film),False,,Rosie Goodwin and Joanne Woollard,Andy Nicholson
677,2013 (86th) [20],Her,,/wiki/Her_(film),False,,Gene Serdena,K. K. Barrett
678,2014 (87th) [21],,,,False,,,
679,2014 (87th) [21],The Grand Budapest Hotel,,/wiki/The_Grand_Budapest_Hotel,True,,Anna Pinnock,Adam Stockhausen
680,2014 (87th) [21],The Imitation Game,,/wiki/The_Imitation_Game,False,,Tatiana Macdonald,Maria Djurkovic
681,2014 (87th) [21],Interstellar,,/wiki/Interstellar_(film),False,,Gary Fettis,Nathan Crowley
682,2014 (87th) [21],Into the Woods,,/wiki/Into_the_Woods_(film),False,,Anna Pinnock,Dennis Gassner
683,2014 (87th) [21],Mr. Turner,,/wiki/Mr._Turner,False,,Charlotte Watts,Suzie Davies
684,2015 (88th) [22],,,,False,,,
685,2015 (88th) [22],Mad Max: Fury Road,,/wiki/Mad_Max:_Fury_Road,True,,Lisa Thompson,Colin Gibson
686,2015 (88th) [22],Bridge of Spies,,/wiki/Bridge_of_Spies_(film),False,,Rena DeAngelo and Bernhard Henrich,Adam Stockhausen
687,2015 (88th) [22],The Danish Girl,,/wiki/The_Danish_Girl_(film),False,,Michael Standish,Eve Stewart
688,2015 (88th) [22],The Martian,,/wiki/The_Martian_(film),False,,Celia Bobak,Arthur Max
689,2015 (88th) [22],The Revenant,,/wiki/The_Revenant_(2015_film),False,,Hamish Purdy,Jack Fisk
690,2016 (89th) [23],,,,False,,,
691,2016 (89th) [23],La La Land,,/wiki/La_La_Land,True,,Sandy Reynolds-Wasco,David Wasco
692,2016 (89th) [23],Arrival,,/wiki/Arrival_(film),False,,Paul Hotte,Patrice Vermette
693,2016 (89th) [23],Fantastic Beasts and Where to Find Them,,/wiki/Fantastic_Beasts_and_Where_to_Find_Them_(film),False,,Anna Pinnock,Stuart Craig
694,2016 (89th) [23],"Hail, Caesar!",,"/wiki/Hail,_Caesar!",False,,Nancy Haigh,Jess Gonchor
695,2016 (89th) [23],Passengers,,/wiki/Passengers_(2016_film),False,,Gene Serdena,Guy Hendrix Dyas
696,2017 (90th) [24],,,,False,,,
697,2017 (90th) [24],The Shape of Water,,/wiki/The_Shape_of_Water,True,,Shane Vieau and Jeff Melvin,Paul Denham Austerberry
698,2017 (90th) [24],Beauty and the Beast,,/wiki/Beauty_and_the_Beast_(2017_film),False,,Katie Spencer,Sarah Greenwood
699,2017 (90th) [24],Blade Runner 2049,,/wiki/Blade_Runner_2049,False,,Alessandra Querzola,Dennis Gassner
700,2017 (90th) [24],Darkest Hour,,/wiki/Darkest_Hour_(film),False,,Katie Spencer,Sarah Greenwood
701,2017 (90th) [24],Dunkirk,,/wiki/Dunkirk_(2017_film),False,,Gary Fettis,Nathan Crowley
702,2018 (91st) [25],,,,False,,,
703,2018 (91st) [25],Black Panther,,/wiki/Black_Panther_(film),True,,Jay Hart,Hannah Beachler
704,2018 (91st) [25],The Favourite,,/wiki/The_Favourite,False,,Alice Felton,Fiona Crombie
705,2018 (91st) [25],First Man,,/wiki/First_Man_(film),False,,Kathy Lucas,Nathan Crowley
706,2018 (91st) [25],Mary Poppins Returns,,/wiki/Mary_Poppins_Returns,False,,Gordon Sim,John Myhre
707,2018 (91st) [25],Roma,,/wiki/Roma_(2018_film),False,,Bárbara Enrı́quez,Eugenio Caballero
708,2019 (92nd) [26],,,,False,,,
709,2019 (92nd) [26],Once Upon a Time in Hollywood,,/wiki/Once_Upon_a_Time_in_Hollywood,True,,Nancy Haigh,Barbara Ling
710,2019 (92nd) [26],The Irishman,,/wiki/The_Irishman,False,,Regina Graves,Bob Shaw
711,2019 (92nd) [26],Jojo Rabbit,,/wiki/Jojo_Rabbit,False,,Nora Sopková,Ra Vincent
712,2019 (92nd) [26],1917,,/wiki/1917_(2019_film),False,,Lee Sandales,Dennis Gassner
713,2019 (92nd) [26],Parasite,,/wiki/Parasite_(2019_film),False,,Cho Won-woo,Lee Ha-jun
714,2020 (93rd) [27],,,,False,,,
715,2020 (93rd) [27],Mank,,/wiki/Mank,True,,Jan Pascale,Donald Graham Burt
716,2020 (93rd) [27],The Father,,/wiki/The_Father_(2020_film),False,,Cathy Featherstone,Peter Francis
717,2020 (93rd) [27],Ma Rainey's Black Bottom,,/wiki/Ma_Rainey%27s_Black_Bottom_(film),False,,Karen O'Hara and Diana Stoughton,Mark Ricker
718,2020 (93rd) [27],News of the World,,/wiki/News_of_the_World_(film),False,,Elizabeth Keenan,David Crank
719,2020 (93rd) [27],Tenet,,/wiki/Tenet_(film),False,,Kathy Lucas,Nathan Crowley
720,2021 (94th) [28],,,,False,,,
721,2021 (94th) [28],Dune,,/wiki/Dune_(2021_film),True,,Zsuzsanna Sipos,Patrice Vermette
722,2021 (94th) [28],Nightmare Alley,,/wiki/Nightmare_Alley_(2021_film),False,,Shane Vieau,Tamara Deverell
723,2021 (94th) [28],The Power of the Dog,,/wiki/The_Power_of_the_Dog_(film),False,,Amber Richards,Grant Major
724,2021 (94th) [28],The Tragedy of Macbeth,,/wiki/The_Tragedy_of_Macbeth_(2021_film),False,,Nancy Haigh,Stefan Dechant
725,2021 (94th) [28],West Side Story,,/wiki/West_Side_Story_(2021_film),False,,Rena DeAngelo,Adam Stockhausen
726,2022 (95th) [29],,,,False,,,
727,2022 (95th) [29],All Quiet on the Western Front,,/wiki/All_Quiet_on_the_Western_Front_(2022_film),True,,Ernestine Hipper,Christian M. Goldbeck
728,2022 (95th) [29],Avatar: The Way of Water,,/wiki/Avatar:_The_Way_of_Water,False,,Vanessa Cole,Dylan Cole and Ben Procter
729,2022 (95th) [29],Babylon,,/wiki/Babylon_(2022_film),False,,Anthony Carlino,Florencia Martin
730,2022 (95th) [29],Elvis,,/wiki/Elvis_(2022_film),False,,Bev Dunn,Catherine Martin and Karen Murphy
731,2022 (95th) [29],The Fabelmans,,/wiki/The_Fabelmans,False,,Karen O'Hara,Rick Carter
732,2023 (96th) [30],,,,False,,,
733,2023 (96th) [30],Barbie,,/wiki/Barbie_(film),False,,Katie Spencer,Sarah Greenwood
734,2023 (96th) [30],Killers of the Flower Moon,,/wiki/Killers_of_the_Flower_Moon_(film),False,,Adam Willis,Jack Fisk
735,2023 (96th) [30],Napoleon,,/wiki/Napoleon_(2023_film),False,,Elli Griff,Arthur Max
736,2023 (96th) [30],Oppenheimer,,/wiki/Oppenheimer_(film),False,,Claire Kaufman,Ruth De Jong
737,2023 (96th) [30],Poor Things,,/wiki/Poor_Things_(film),False,,Zsuzsa Mihalek,James Price and Shona Heath
