,Year,Film,Nominees,Source Material,FilmLink,Won,Record,Writer,Age,Ref.
0,1927/28 (1st) [note 1],7th Heaven,Benjamin Glazer,The play Seventh Heaven by Austin Strong,/wiki/7th_Heaven_(1927_film),True,,,,
1,1927/28 (1st) [note 1],Glorious Betsy,Anthony Coldeway,The play by Rida Johnson Young,/wiki/Glorious_Betsy,False,,,,
2,1927/28 (1st) [note 1],The Jazz Singer,Alfred A. Cohn,"The play & short story ""The Day of Atonement"" by Samson Raphaelson",/wiki/The_Jazz_Singer,False,,,,
3,1928/29 (2nd) [note 2],The Patriot,Hanns Kräly,"The novel by Alfred Neumann, play by Ashley Dukes & novel Paul I by Dmitry Merezhkovsky",/wiki/The_Patriot_(1928_film),True,,,,
4,1928/29 (2nd) [note 2],The Cop,Elliott J. Clawson,– (original),/wiki/The_Cop_(1928_film),False,,,,
5,1928/29 (2nd) [note 2],In Old Arizona,Tom Barry,"The short story ""The Caballero's Way"" by O. Henry",/wiki/In_Old_Arizona,False,,,,
6,1928/29 (2nd) [note 2],The Last of Mrs. Cheyney,Hanns Kräly,The play by Frederick Lonsdale,/wiki/The_Last_of_Mrs._Cheyney_(1929_film),False,,,,
7,1928/29 (2nd) [note 2],The Leatherneck,Elliott J. Clawson,– (original),/wiki/The_Leatherneck,False,,,,
8,1928/29 (2nd) [note 2],Our Dancing Daughters,Josephine Lovett,– (original),/wiki/Our_Dancing_Daughters,False,,,,
9,1928/29 (2nd) [note 2],Sal of Singapore,Elliott J. Clawson,The novel The Sentimentalists by Dale Collins,/wiki/Sal_of_Singapore,False,,,,
10,1928/29 (2nd) [note 2],Skyscraper,Elliott J. Clawson,A story by Dudley Murphy,/wiki/Skyscraper_(1928_film),False,,,,
11,1928/29 (2nd) [note 2],The Valiant,Tom Barry,The play by Holworthy Hall & Robert Middlemass,/wiki/The_Valiant_(1929_film),False,,,,
12,1928/29 (2nd) [note 2],A Woman of Affairs,Bess Meredyth,The novel The Green Hat by Michael Arlen,/wiki/A_Woman_of_Affairs,False,,,,
13,1928/29 (2nd) [note 2],Wonder of Women,Bess Meredyth,The novel The Wife of Steffen Tromholt by Hermann Sudermann,/wiki/Wonder_of_Women,False,,,,
14,1929/30 (3rd) [note 3],The Big House,Frances Marion,– (original),/wiki/The_Big_House_(1930_film),True,,,,
15,1929/30 (3rd) [note 3],All Quiet on the Western Front,Screenplay: George Abbott; Adaptation: Maxwell Anderson & Del Andrews; Dialogue: Anderson,The novel by Erich Maria Remarque,/wiki/All_Quiet_on_the_Western_Front_(1930_film),False,,,,
16,1929/30 (3rd) [note 3],Disraeli,Julien Josephson,The play by Louis N. Parker,/wiki/Disraeli_(1929_film),False,,,,
17,1929/30 (3rd) [note 3],The Divorcee,John Meehan,The novel Ex-Wife by Ursula Parrott,/wiki/The_Divorcee,False,,,,
18,1929/30 (3rd) [note 3],Street of Chance,Howard Estabrook,A story by Oliver H.P. Garrett,/wiki/Street_of_Chance_(1930_film),False,,,,
19,1930/31 (4th) [note 1],Cimarron,Howard Estabrook,The novel by Edna Ferber,/wiki/Cimarron_(1931_film),True,,,,
20,1930/31 (4th) [note 1],The Criminal Code,Seton I. Miller & Fred Niblo Jr.,The play by Martin Flavin,/wiki/The_Criminal_Code,False,,,,
21,1930/31 (4th) [note 1],Holiday,Horace Jackson,The play by Philip Barry,/wiki/Holiday_(1930_film),False,,,,
22,1930/31 (4th) [note 1],Little Caesar,Screenplay: Francis Edward Faragoh; Continuity: Robert N. Lee,The novel by W. R. Burnett,/wiki/Little_Caesar_(film),False,,,,
23,1930/31 (4th) [note 1],Skippy,Joseph L. Mankiewicz & Sam Mintz,The comic strip by Percy Crosby,/wiki/Skippy_(film),False,,,,
24,1931/32 (5th) [note 1],Bad Girl,Edwin J. Burke,The novel by Viña Delmar and play by Delmar and Brian Marlowe,/wiki/Bad_Girl_(1931_film),True,,,,
25,1931/32 (5th) [note 1],Arrowsmith,Sidney Howard,The novel by Sinclair Lewis,/wiki/Arrowsmith_(film),False,,,,
26,1931/32 (5th) [note 1],Dr. Jekyll and Mr. Hyde,Percy Heath & Samuel Hoffenstein,The novella Strange Case of Dr Jekyll and Mr Hyde by Robert Louis Stevenson,/wiki/Dr._Jekyll_and_Mr._Hyde_(1931_film),False,,,,
27,1932/33 (6th) [note 1][note 4],Little Women,Victor Heerman & Sarah Y. Mason,The novel by Louisa May Alcott,/wiki/Little_Women_(1933_film),True,,,,
28,1932/33 (6th) [note 1][note 4],Lady for a Day,Robert Riskin,"The short story ""Madame La Gimp"" by Damon Runyon",/wiki/Lady_for_a_Day,False,,,,
29,1932/33 (6th) [note 1][note 4],State Fair,Paul Green & Sonya Levien,The novel by Phil Stong,/wiki/State_Fair_(1933_film),False,,,,
30,1934 (7th) [note 1][note 5],It Happened One Night,Robert Riskin,"The short story ""Night Bus"" by Samuel Hopkins Adams",/wiki/It_Happened_One_Night,True,,,,
31,1934 (7th) [note 1][note 5],The Thin Man,Frances Goodrich & Albert Hackett,The novel by Dashiell Hammett,/wiki/The_Thin_Man_(film),False,,,,
32,1934 (7th) [note 1][note 5],Viva Villa!,Ben Hecht,"The book Viva Villa! A Recovery of the Real Pancho Villa, Peon, Bandit, Soldier, Patriot by Edgecumb Pinchon & O. B. Stade",/wiki/Viva_Villa!,False,,,,
33,1935 (8th)[note 6] [note 7][note 8],The Informer,Dudley Nichols[note 9][9],The novel by Liam O'Flaherty,/wiki/The_Informer_(1935_film),True,,,,
34,1935 (8th)[note 6] [note 7][note 8],The Lives of a Bengal Lancer,"Screenplay: Achmed Abdullah, John L. Balderston & Waldemar Young; Adaptation: Grover Jones & William Slavens McNutt",The memoir by Francis Yeats-Brown,/wiki/The_Lives_of_a_Bengal_Lancer_(film),False,,,,
35,1935 (8th)[note 6] [note 7][note 8],Mutiny on the Bounty,"Jules Furthman, Talbot Jennings & Carey Wilson",The novel by James Norman Hall & Charles Nordhoff,/wiki/Mutiny_on_the_Bounty_(1935_film),False,,,,
36,1936 (9th),The Story of Louis Pasteur,Pierre Collings & Sheridan Gibney,(original),/wiki/The_Story_of_Louis_Pasteur,True,,,,
37,1936 (9th),After the Thin Man,Frances Goodrich & Albert Hackett,The novel The Thin Man by Dashiell Hammett,/wiki/After_the_Thin_Man,False,,,,
38,1936 (9th),Dodsworth,Sidney Howard,The play by Howard & novel by Sinclair Lewis,/wiki/Dodsworth_(film),False,,,,
39,1936 (9th),Mr. Deeds Goes to Town,Robert Riskin,"The short story ""Opera Hat"" by Bud Kelland",/wiki/Mr._Deeds_Goes_to_Town,False,,,,
40,1936 (9th),My Man Godfrey,Eric S. Hatch & Morrie Ryskind,The novel 1101 Park Avenue by Hatch,/wiki/My_Man_Godfrey,False,,,,
41,1937 (10th),The Life of Emile Zola,"Heinz Herald, Geza Herczeg & Norman Reilly Raine",The book Zola and His Time by Matthew Josephson,/wiki/The_Life_of_Emile_Zola,True,,,,
42,1937 (10th),The Awful Truth,Viña Delmar,The play by Arthur Richman,/wiki/The_Awful_Truth,False,,,,
43,1937 (10th),Captains Courageous,"Marc Connelly, Dale Van Every & John Lee Mahin",The novel Captain Courageous: A Story of the Grand Banks by Rudyard Kipling,/wiki/Captains_Courageous_(1937_film),False,,,,
44,1937 (10th),Stage Door,Morrie Ryskind & Anthony Veiller,The play by Edna Ferber & George S. Kaufman,/wiki/Stage_Door,False,,,,
45,1937 (10th),A Star Is Born,"Alan Campbell, Robert Carson & Dorothy Parker",A story by William A. Wellman & Carson,/wiki/A_Star_Is_Born_(1937_film),False,,,,
46,1938 (11th),Pygmalion,"Screenplay & Dialogue: George Bernard Shaw; Adaptation: Ian Dalrymple, Cecil Arthur Lewis & W. P. Lipscomb",The play by Shaw,/wiki/Pygmalion_(1938_film),True,,,,
47,1938 (11th),Boys Town,John Meehan & Dore Schary,A story by Schary & Eleanore Griffin,/wiki/Boys_Town_(film),False,,,,
48,1938 (11th),The Citadel,"Dalrymple, Betty Hill & Spig Wead",The novel by A. J. Cronin,/wiki/The_Citadel_(1938_film),False,,,,
49,1938 (11th),Four Daughters,Lenore Coffee & Julius J. Epstein,"The short story ""Sister Act"" by Fannie Hurst",/wiki/Four_Daughters,False,,,,
50,1938 (11th),You Can't Take It with You,Robert Riskin,The play by George S. Kaufman & Moss Hart,/wiki/You_Can%27t_Take_It_with_You_(film),False,,,,
51,1939 (12th),Gone with the Wind,Sidney Howard (p.r.),The novel by Margaret Mitchell,/wiki/Gone_with_the_Wind_(film),True,,,,
52,1939 (12th),"Goodbye, Mr. Chips","Holt Marvell, R. C. Sherriff & Claudine West",The novella by James Hilton,"/wiki/Goodbye,_Mr._Chips_(1939_film)",False,,,,
53,1939 (12th),Mr. Smith Goes to Washington,Sidney Buchman,A story by Lewis R. Foster,/wiki/Mr._Smith_Goes_to_Washington,False,,,,
54,1939 (12th),Ninotchka,"Charles Brackett, Walter Reisch & Billy Wilder",A story by Melchior Lengyel,/wiki/Ninotchka,False,,,,
55,1939 (12th),Wuthering Heights,Ben Hecht & Charles MacArthur,The novel by Emily Brontë,/wiki/Wuthering_Heights_(1939_film),False,,,,
56,1940 (13th),The Philadelphia Story,Donald Ogden Stewart,The play by Philip Barry,/wiki/The_Philadelphia_Story_(film),True,,,,
57,1940 (13th),The Grapes of Wrath,Nunnally Johnson,The novel by John Steinbeck,/wiki/The_Grapes_of_Wrath_(film),False,,,,
58,1940 (13th),Kitty Foyle,Dalton Trumbo,The novel by Christopher Morley,/wiki/Kitty_Foyle_(film),False,,,,
59,1940 (13th),The Long Voyage Home,Dudley Nichols,"The plays The Moon of the Caribees, In the Zone, Bound East for Cardiff & The Long Voyage Home by Eugene O'Neill",/wiki/The_Long_Voyage_Home,False,,,,
60,1940 (13th),Rebecca,Joan Harrison & Robert E. Sherwood,The novel by Daphne du Maurier,/wiki/Rebecca_(1940_film),False,,,,
61,1941 (14th),Here Comes Mr. Jordan,Sidney Buchman & Seton I. Miller,The play Heaven Can Wait by Harry Segall,/wiki/Here_Comes_Mr._Jordan,True,,,,
62,1941 (14th),Hold Back the Dawn,Charles Brackett & Billy Wilder,The novel by Ketti Frings,/wiki/Hold_Back_the_Dawn,False,,,,
63,1941 (14th),How Green Was My Valley,Philip Dunne,The novel by Richard Llewellyn,/wiki/How_Green_Was_My_Valley_(film),False,,,,
64,1941 (14th),The Little Foxes,Lillian Hellman,The play by Hellman,/wiki/The_Little_Foxes_(film),False,,,,
65,1941 (14th),The Maltese Falcon,John Huston,The novel by Dashiell Hammett,/wiki/The_Maltese_Falcon_(1941_film),False,,,,
66,1942 (15th),Mrs. Miniver,"George Froeschel, James Hilton, Claudine West & Arthur Wimperis",The character Mrs. Miniver from the articles by Jan Struther,/wiki/Mrs._Miniver,True,,,,
67,1942 (15th),49th Parallel,Rodney Ackland & Emeric Pressburger,A story by Pressburger,/wiki/49th_Parallel_(film),False,,,,
68,1942 (15th),The Pride of the Yankees,Herman J. Mankiewicz & Jo Swerling,A story by Paul Gallico,/wiki/The_Pride_of_the_Yankees,False,,,,
69,1942 (15th),Random Harvest,"Froeschel, West & Wimperis",The novel by Hilton,/wiki/Random_Harvest_(film),False,,,,
70,1942 (15th),The Talk of the Town,Sidney Buchman & Irwin Shaw,A story by Sidney Harmon,/wiki/The_Talk_of_the_Town_(1942_film),False,,,,
71,1943 (16th),Casablanca,"Philip G. Epstein, Julius J. Epstein & Howard Koch",The play Everybody Comes to Rick's by Joan Alison & Murray Burnett,/wiki/Casablanca_(film),True,,,,
72,1943 (16th),Holy Matrimony,Nunnally Johnson,The novel Buried Alive by Arnold Bennett,/wiki/Holy_Matrimony_(1943_film),False,,,,
73,1943 (16th),The More the Merrier,"Richard Flournoy, Lewis R. Foster, Frank Ross & Robert W. Russell",A story by Ross & Russell,/wiki/The_More_the_Merrier,False,,,,
74,1943 (16th),The Song of Bernadette,George Seaton,The novel by Franz Werfel,/wiki/The_Song_of_Bernadette_(film),False,,,,
75,1943 (16th),Watch on the Rhine,Dashiell Hammett,The play by Lillian Hellman,/wiki/Watch_on_the_Rhine,False,,,,
76,1944 (17th),Going My Way,Frank Butler & Frank Cavett,A story by Leo McCarey,/wiki/Going_My_Way,True,,,,
77,1944 (17th),Double Indemnity,Raymond Chandler & Billy Wilder,The novel Double Indemnity in Three of a Kind by James M. Cain,/wiki/Double_Indemnity,False,,,,
78,1944 (17th),Gaslight,"John L. Balderston, Walter Reisch & John Van Druten",The play Gas Light by Patrick Hamilton,/wiki/Gaslight_(1944_film),False,,,,
79,1944 (17th),Laura,"Jay Dratler, Samuel Hoffenstein & Elizabeth Reinhardt",The novel by Vera Caspary,/wiki/Laura_(1944_film),False,,,,
80,1944 (17th),Meet Me in St. Louis,Irving Brecher & Fred F. Finklehoffe,The novel by Sally Benson,/wiki/Meet_Me_in_St._Louis,False,,,,
81,1945 (18th) [10],The Lost Weekend,Charles Brackett & Billy Wilder,The novel by Charles R. Jackson,/wiki/The_Lost_Weekend_(film),True,,,,
82,1945 (18th) [10],G. I. Joe,"Leopold Atlas, Guy Endore & Philip Stevenson",The memoirs Brave Men & Here Is Your War by Ernie Pyle,/wiki/The_Story_of_G.I._Joe,False,,,,
83,1945 (18th) [10],Mildred Pierce,Ranald MacDougall,The novel by James M. Cain,/wiki/Mildred_Pierce_(film),False,,,,
84,1945 (18th) [10],Pride of the Marines,Albert Maltz,"The book Al Schmid, Marine by Roger Butterfield",/wiki/Pride_of_the_Marines,False,,,,
85,1945 (18th) [10],A Tree Grows in Brooklyn,Frank Davis & Tess Slesinger (p.n.),The novel by Betty Smith,/wiki/A_Tree_Grows_in_Brooklyn_(1945_film),False,,,,
86,1946 (19th),The Best Years of Our Lives,Robert E. Sherwood,The novella Glory for Me by MacKinlay Kantor,/wiki/The_Best_Years_of_Our_Lives,True,,,,
87,1946 (19th),Anna and the King of Siam,Sally Benson & Talbot Jennings,The novel by Margaret Landon,/wiki/Anna_and_the_King_of_Siam_(film),False,,,,
88,1946 (19th),Brief Encounter,"Anthony Havelock-Allan, David Lean & Ronald Neame",The play Still Life by Noël Coward,/wiki/Brief_Encounter,False,,,,
89,1946 (19th),The Killers,Anthony Veiller,The short story by Ernest Hemingway,/wiki/The_Killers_(1946_film),False,,,,
90,1946 (19th),"Rome, Open City",Sergio Amidei & Federico Fellini,A story by Amidei & Alberto Consiglio,"/wiki/Rome,_Open_City",False,,,,
91,1947 (20th),Miracle on 34th Street,George Seaton,A story by Valentine Davies,/wiki/Miracle_on_34th_Street,True,,,,
92,1947 (20th),Boomerang,Richard Murphy,"The article ""The Perfect Case"" by Anthony Abbot",/wiki/Boomerang_(1947_film),False,,,,
93,1947 (20th),Crossfire,John Paxton,The novel The Brick Foxhole by Richard Brooks,/wiki/Crossfire_(film),False,,,,
94,1947 (20th),Gentleman's Agreement,Moss Hart,The novel by Laura Z. Hobson,/wiki/Gentleman%27s_Agreement,False,,,,
95,1947 (20th),Great Expectations,"David Lean, Anthony Havelock-Allan, & Ronald Neame",The novel by Charles Dickens,/wiki/Great_Expectations_(1946_film),False,,,,
96,1948 (21st),The Treasure of the Sierra Madre,John Huston,The novel by B. Traven,/wiki/The_Treasure_of_the_Sierra_Madre_(film),True,,,,
97,1948 (21st),A Foreign Affair,"Charles Brackett, Richard L. Breen & Billy Wilder",A story by David Shaw,/wiki/A_Foreign_Affair,False,,,,
98,1948 (21st),Johnny Belinda,Allen Vincent & Irma von Cube,The play by Elmer Blaney Harris,/wiki/Johnny_Belinda_(1948_film),False,,,,
99,1948 (21st),The Search,Richard Schweizer & David Wechsler [de],– (original screenplay),/wiki/The_Search,False,,,,
100,1948 (21st),The Snake Pit,Millen Brand & Frank Partos,The novel by Mary Jane Ward,/wiki/The_Snake_Pit,False,,,,
101,1949 (22nd),A Letter to Three Wives,Joseph L. Mankiewicz,The novel by John Klempner,/wiki/A_Letter_to_Three_Wives,True,,,,
102,1949 (22nd),All the King's Men,Robert Rossen,The novel by Robert Penn Warren,/wiki/All_the_King%27s_Men_(1949_film),False,,,,
103,1949 (22nd),The Bicycle Thief,Cesare Zavattini,The novel by Luigi Bartolini,/wiki/Bicycle_Thieves,False,,,,
104,1949 (22nd),Champion,Carl Foreman,The short story by Ring Lardner,/wiki/Champion_(1949_film),False,,,,
105,1949 (22nd),The Fallen Idol,Graham Greene,"The short story ""The Basement Room"" by Greene",/wiki/The_Fallen_Idol_(film),False,,,,
106,1950 (23rd),All About Eve,Joseph L. Mankiewicz,"The short story ""The Wisdom of Eve"" by Mary Orr",/wiki/All_About_Eve,True,,,,
107,1950 (23rd),The Asphalt Jungle,John Huston & Ben Maddow,The novel by W. R. Burnett,/wiki/The_Asphalt_Jungle,False,,,,
108,1950 (23rd),Born Yesterday,Albert Mannheimer,The play by Garson Kanin,/wiki/Born_Yesterday_(1950_film),False,,,,
109,1950 (23rd),Broken Arrow,Albert Maltz[note 10],The novel Blood Brother by Elliott Arnold,/wiki/Broken_Arrow_(1950_film),False,,,,
110,1950 (23rd),Father of the Bride,Frances Goodrich & Albert Hackett,The novel by E. Streeter,/wiki/Father_of_the_Bride_(1950_film),False,,,,
111,1951 (24th),A Place in the Sun,Harry Brown & Michael Wilson,The novel An American Tragedy by Theodore Dreiser & play by Patrick Kearney,/wiki/A_Place_in_the_Sun_(1951_film),True,,,,
112,1951 (24th),The African Queen,James Agee & John Huston,The novel by C. S. Forester,/wiki/The_African_Queen_(film),False,,,,
113,1951 (24th),Detective Story,Robert Wyler & Philip Yordan,The play by Sidney Kingsley,/wiki/Detective_Story_(1951_film),False,,,,
114,1951 (24th),La Ronde,Jacques Natanson & Max Ophüls,The play by Arthur Schnitzler,/wiki/La_Ronde_(1950_film),False,,,,
115,1951 (24th),A Streetcar Named Desire,Tennessee Williams,The play by Williams,/wiki/A_Streetcar_Named_Desire_(1951_film),False,,,,
116,1952 (25th),The Bad and the Beautiful,Charles Schnee,A story by George Bradshaw,/wiki/The_Bad_and_the_Beautiful,True,,,,
117,1952 (25th),5 Fingers,Michael Wilson,The novel Operation Cicero by Ludwig Carl Moyzisch,/wiki/5_Fingers,False,,,,
118,1952 (25th),High Noon,Carl Foreman,"The short story ""The Tin Star"" by John W. Cunningham",/wiki/High_Noon,False,,,,
119,1952 (25th),The Man in the White Suit,"John Dighton, Alexander Mackendrick & Roger MacDougall",A story by MacDougall,/wiki/The_Man_in_the_White_Suit,False,,,,
120,1952 (25th),The Quiet Man,Frank Nugent,The short story by Maurice Walsh,/wiki/The_Quiet_Man,False,,,,
121,1953 (26th),From Here to Eternity,Daniel Taradash,The novel by James Jones,/wiki/From_Here_to_Eternity,True,,,,
122,1953 (26th),The Cruel Sea,Eric Ambler,The novel by Nicholas Monsarrat,/wiki/The_Cruel_Sea_(1953_film),False,,,,
123,1953 (26th),Lili,Helen Deutsch,"The short story ""The Man Who Hated People"" by Paul Gallico",/wiki/Lili_(1953_film),False,,,,
124,1953 (26th),Roman Holiday,John Dighton & Ian McLellan Hunter,A story by Dalton Trumbo (front: Ian McLellan Hunter),/wiki/Roman_Holiday,False,,,,
125,1953 (26th),Shane,A. B. Guthrie Jr.,The novel by Jack Schaefer,/wiki/Shane_(film),False,,,,
126,1954 (27th),The Country Girl,George Seaton,The play by Clifford Odets,/wiki/The_Country_Girl_(1954_film),True,,,,
127,1954 (27th),The Caine Mutiny,Stanley Roberts,The novel by Herman Wouk,/wiki/The_Caine_Mutiny_(film),False,,,,
128,1954 (27th),Rear Window,John Michael Hayes,"The short story ""It Had to Be Murder"" by Cornell Woolrich",/wiki/Rear_Window,False,,,,
129,1954 (27th),Sabrina,"Ernest Lehman, Samuel A. Taylor & Billy Wilder",The play Sabrina Fair by Taylor,/wiki/Sabrina_(1954_film),False,,,,
130,1954 (27th),Seven Brides for Seven Brothers,"Frances Goodrich, Albert Hackett & Dorothy Kingsley","The short story ""The Sobbin' Women"" by Stephen Vincent Benét",/wiki/Seven_Brides_for_Seven_Brothers,False,,,,
131,1955 (28th),Marty,Paddy Chayefsky,The television play on The Philco Television Playhouse by Chayefsky,/wiki/Marty_(film),True,,,,
132,1955 (28th),Bad Day at Black Rock,Millard Kaufman,"The short story ""Bad Time at Honda"" by Howard Breslin",/wiki/Bad_Day_at_Black_Rock,False,,,,
133,1955 (28th),Blackboard Jungle,Richard Brooks,The novel by Evan Hunter,/wiki/Blackboard_Jungle,False,,,,
134,1955 (28th),East of Eden,Paul Osborn,The novel by John Steinbeck,/wiki/East_of_Eden_(film),False,,,,
135,1955 (28th),Love Me or Leave Me,Daniel Fuchs & Isobel Lennart,A story by Fuchs,/wiki/Love_Me_or_Leave_Me_(film),False,,,,
136,1956 (29th),Around the World in 80 Days,"John Farrow, S. J. Perelman & James Poe",The novel by Jules Verne,/wiki/Around_the_World_in_80_Days_(1956_film),True,,,,
137,1956 (29th),Baby Doll,Tennessee Williams,"The plays 27 Wagons Full of Cotton & The Long Stay Cut Short, or The Unsatisfactory Supper by Williams",/wiki/Baby_Doll,False,,,,
138,1956 (29th),Friendly Persuasion,Michael Wilson[note 11],The novel by Jessamyn West,/wiki/Friendly_Persuasion_(1956_film),False,,,,
139,1956 (29th),Giant,Fred Guiol & Ivan Moffat,The novel by Edna Ferber,/wiki/Giant_(1956_film),False,,,,
140,1956 (29th),Lust for Life,Norman Corwin,The novel by Irving Stone,/wiki/Lust_for_Life_(1956_film),False,,,,
141,1957 (30th),The Bridge on the River Kwai,"Pierre Boulle, Carl Foreman, & Michael Wilson[note 12]",The novel The Bridge over the River Kwai by Boulle,/wiki/The_Bridge_on_the_River_Kwai,True,,,,
142,1957 (30th),12 Angry Men,Reginald Rose,The teleplay on Westinghouse Studio One and play by Rose,/wiki/12_Angry_Men_(1957_film),False,,,,
143,1957 (30th),"Heaven Knows, Mr. Allison",John Huston & John Lee Mahin,The novel by Charles Shaw,"/wiki/Heaven_Knows,_Mr._Allison",False,,,,
144,1957 (30th),Peyton Place,John Michael Hayes,The novel by Grace Metalious,/wiki/Peyton_Place_(film),False,,,,
145,1957 (30th),Sayonara,Paul Osborn,The novel by James A. Michener,/wiki/Sayonara,False,,,,
146,1958 (31st),Gigi,Alan Jay Lerner,The novella by Colette,/wiki/Gigi_(1958_film),True,,,,
147,1958 (31st),Cat on a Hot Tin Roof,Richard Brooks & James Poe,"The play & short story ""Three Players of a Summer Game"" by Tennessee Williams",/wiki/Cat_on_a_Hot_Tin_Roof_(1958_film),False,,,,
148,1958 (31st),The Horse's Mouth,Alec Guinness,The novel by Joyce Cary,/wiki/The_Horse%27s_Mouth_(film),False,,,,
149,1958 (31st),I Want to Live!,Nelson Gidding & Don Mankiewicz,Articles by Edward S. Montgomery & letters by Barbara Graham,/wiki/I_Want_to_Live!,False,,,,
150,1958 (31st),Separate Tables,John Gay & Terence Rattigan,The plays by Rattigan,/wiki/Separate_Tables_(film),False,,,,
151,1959 (32nd),Room at the Top,Neil Paterson,The novel by John Braine,/wiki/Room_at_the_Top_(1959_film),True,,,,
152,1959 (32nd),Anatomy of a Murder,Wendell Mayes,The novel by John D. Voelker,/wiki/Anatomy_of_a_Murder,False,,,,
153,1959 (32nd),Ben-Hur,Karl Tunberg,The novel Ben-Hur: A Tale of the Christ by Lew Wallace,/wiki/Ben-Hur_(1959_film),False,,,,
154,1959 (32nd),The Nun's Story,Robert Anderson,The novel by Kathryn Hulme,/wiki/The_Nun%27s_Story_(film),False,,,,
155,1959 (32nd),Some Like It Hot,I. A. L. Diamond & Billy Wilder,"The 1935 French film Fanfare of Love written by Max Bronnet, Michael Logan, Pierre Prévert, René Pujol and Robert Thoeren & the 1951 German remake Fanfares of Love written by Logan, Thoeren and Heinz Pauck",/wiki/Some_Like_It_Hot,False,,,,
156,1960 (33rd),Elmer Gantry,Richard Brooks,The novel by Sinclair Lewis,/wiki/Elmer_Gantry_(film),True,,,,
157,1960 (33rd),Inherit the Wind,Harold Jacob Smith & Nedrick Young[note 13],The play by Jerome Lawrence & Robert E. Lee,/wiki/Inherit_the_Wind_(1960_film),False,,,,
158,1960 (33rd),Sons and Lovers,T. E. B. Clarke & Gavin Lambert,The novel by D. H. Lawrence,/wiki/Sons_and_Lovers_(film),False,,,,
159,1960 (33rd),The Sundowners,Isobel Lennart,The novel by Jon Cleary,/wiki/The_Sundowners_(1960_film),False,,,,
160,1960 (33rd),Tunes of Glory,James Kennaway,The novel by Kennaway,/wiki/Tunes_of_Glory,False,,,,
161,1961 (34th),Judgment at Nuremberg,Abby Mann,The television play on Playhouse 90 by Mann,/wiki/Judgment_at_Nuremberg,True,,,,
162,1961 (34th),Breakfast at Tiffany's,George Axelrod,The novella by Truman Capote,/wiki/Breakfast_at_Tiffany%27s_(film),False,,,,
163,1961 (34th),The Guns of Navarone,Carl Foreman,The novel by Alistair MacLean,/wiki/The_Guns_of_Navarone_(film),False,,,,
164,1961 (34th),The Hustler,Sidney Carroll & Robert Rossen,The novel by Walter Tevis,/wiki/The_Hustler,False,,,,
165,1961 (34th),West Side Story,Ernest Lehman,The musical by Arthur Laurents,/wiki/West_Side_Story_(1961_film),False,,,,
166,1962 (35th),To Kill a Mockingbird,Horton Foote,The novel by Harper Lee,/wiki/To_Kill_a_Mockingbird_(film),True,,,,
167,1962 (35th),David and Lisa,Eleanor Perry,The novella Lisa and David by Theodore Isaac Rubin,/wiki/David_and_Lisa,False,,,,
168,1962 (35th),Lawrence of Arabia,Robert Bolt & Michael Wilson[note 14],The memoir Seven Pillars of Wisdom by T. E. Lawrence,/wiki/Lawrence_of_Arabia_(film),False,,,,
169,1962 (35th),Lolita,Vladimir Nabokov,The novel by Nabokov,/wiki/Lolita_(1962_film),False,,,,
170,1962 (35th),The Miracle Worker,William Gibson,The play & television play on Playhouse 90 by Gibson,/wiki/The_Miracle_Worker_(1962_film),False,,,,
171,1963 (36th),Tom Jones,John Osborne,"The novel The History of Tom Jones, a Foundling by Henry Fielding",/wiki/Tom_Jones_(1963_film),True,,,,
172,1963 (36th),"Captain Newman, M.D.","Richard L. Breen, Henry & Phoebe Ephron",The novel by Leo Rosten,"/wiki/Captain_Newman,_M.D.",False,,,,
173,1963 (36th),Hud,Harriet Frank Jr. & Irving Ravetch,"The novel Horseman, Pass By by Larry McMurtry",/wiki/Hud_(1963_film),False,,,,
174,1963 (36th),Lilies of the Field,James Poe,The novel by William Edmund Barrett,/wiki/Lilies_of_the_Field_(1963_film),False,,,,
175,1963 (36th),Sundays and Cybele,Scenario: Serge Bourguignon & Antoine Tudal; Dialogue: Bourguignon,The novel Les dimanches de Ville d'Avray by Bernard Eschassériaux,/wiki/Sundays_and_Cybele,False,,,,
176,1964 (37th),Becket,Edward Anhalt,The play by Jean Anouilh,/wiki/Becket_(1964_film),True,,,,
177,1964 (37th),Dr. Strangelove or: How I Learned to Stop Worrying and Love the Bomb,"Stanley Kubrick, Peter George & Terry Southern",The novel Red Alert by George,/wiki/Dr._Strangelove,False,,,,
178,1964 (37th),Mary Poppins,Don DaGradi & Bill Walsh,The novel series by P. L. Travers,/wiki/Mary_Poppins_(film),False,,,,
179,1964 (37th),My Fair Lady,Alan Jay Lerner,The musical by Lerner,/wiki/My_Fair_Lady_(film),False,,,,
180,1964 (37th),Zorba the Greek,Michael Cacoyannis,The novel by Nikos Kazantzakis,/wiki/Zorba_the_Greek_(film),False,,,,
181,1965 (38th),Doctor Zhivago,Robert Bolt,The novel by Boris Pasternak,/wiki/Doctor_Zhivago_(film),True,,,,
182,1965 (38th),Cat Ballou,Walter Newman & Frank Pierson,The novel The Ballad of Cat Ballou by Roy Chanslor,/wiki/Cat_Ballou,False,,,,
183,1965 (38th),The Collector,John Kohn & Stanley Mann,The novel by John Fowles,/wiki/The_Collector_(1965_film),False,,,,
184,1965 (38th),Ship of Fools,Abby Mann,The novel by Katherine Anne Porter,/wiki/Ship_of_Fools_(film),False,,,,
185,1965 (38th),A Thousand Clowns,Herb Gardner,The play by Gardner,/wiki/A_Thousand_Clowns,False,,,,
186,1966 (39th),A Man for All Seasons,Robert Bolt,The play by Bolt,/wiki/A_Man_for_All_Seasons_(1966_film),True,,,,
187,1966 (39th),Alfie,Bill Naughton,The play by Naughton,/wiki/Alfie_(1966_film),False,,,,
188,1966 (39th),The Professionals,Richard Brooks,The novel A Mule for the Marquesa by Frank O'Rourke,/wiki/The_Professionals_(1966_film),False,,,,
189,1966 (39th),"The Russians Are Coming, the Russians Are Coming",William Rose,The novel The Off-Islanders by Nathaniel Benchley,"/wiki/The_Russians_Are_Coming,_the_Russians_Are_Coming",False,,,,
190,1966 (39th),Who's Afraid of Virginia Woolf?,Ernest Lehman,The play by Edward Albee,/wiki/Who%27s_Afraid_of_Virginia_Woolf%3F_(film),False,,,,
191,1967 (40th),In the Heat of the Night,Stirling Silliphant,The novel by John Ball,/wiki/In_the_Heat_of_the_Night_(film),True,,,,
192,1967 (40th),Cool Hand Luke,Donn Pearce & Frank Pierson,The novel by Pearce,/wiki/Cool_Hand_Luke,False,,,,
193,1967 (40th),The Graduate,Buck Henry & Calder Willingham,The novella by Charles Webb,/wiki/The_Graduate,False,,,,
194,1967 (40th),In Cold Blood,Richard Brooks,The book by Truman Capote,/wiki/In_Cold_Blood_(film),False,,,,
195,1967 (40th),Ulysses,Fred Haines & Joseph Strick,The novel by James Joyce,/wiki/Ulysses_(1967_film),False,,,,
196,1968 (41st),The Lion in Winter,James Goldman,The play by Goldman,/wiki/The_Lion_in_Winter_(1968_film),True,,,,
197,1968 (41st),The Odd Couple,Neil Simon,The play by Simon,/wiki/The_Odd_Couple_(film),False,,,,
198,1968 (41st),Oliver!,Vernon Harris,The musical by Lionel Bart,/wiki/Oliver!_(film),False,,,,
199,1968 (41st),"Rachel, Rachel",Stewart Stern,The novel A Jest of God by Margaret Laurence,"/wiki/Rachel,_Rachel",False,,,,
200,1968 (41st),Rosemary's Baby,Roman Polanski,The novel by Ira Levin,/wiki/Rosemary%27s_Baby_(film),False,,,,
201,1969 (42nd),Midnight Cowboy,Waldo Salt,The novel by James Leo Herlihy,/wiki/Midnight_Cowboy,True,,,,
202,1969 (42nd),Anne of the Thousand Days,Screenplay: Bridget Boland & John Hale; Adaptation: Richard Sokolove,The play by Maxwell Anderson,/wiki/Anne_of_the_Thousand_Days,False,,,,
203,1969 (42nd),"Goodbye, Columbus",Arnold Schulman,The novella by Philip Roth,"/wiki/Goodbye,_Columbus_(film)",False,,,,
204,1969 (42nd),"They Shoot Horses, Don't They?",James Poe & Robert E. Thompson,The novel by Horace McCoy,"/wiki/They_Shoot_Horses,_Don%27t_They%3F_(film)",False,,,,
205,1969 (42nd),Z,Costa-Gavras & Jorge Semprún,The novel by Vassilis Vassilikos,/wiki/Z_(1969_film),False,,,,
206,1970 (43rd),M*A*S*H,Ring Lardner Jr.,The novel MASH: A Novel About Three Army Doctors by Richard Hooker,/wiki/MASH_(film),True,,,,
207,1970 (43rd),Airport,George Seaton,The novel by Arthur Hailey,/wiki/Airport_(1970_film),False,,,,
208,1970 (43rd),I Never Sang for My Father,Robert Anderson,The play by Anderson,/wiki/I_Never_Sang_for_My_Father,False,,,,
209,1970 (43rd),Lovers and Other Strangers,"Joseph Bologna, David Zelag Goodman & Renée Taylor",The play by Bologna & Taylor,/wiki/Lovers_and_Other_Strangers,False,,,,
210,1970 (43rd),Women in Love,Larry Kramer,The novel by D. H. Lawrence,/wiki/Women_in_Love_(film),False,,,,
211,1971 (44th),The French Connection,Ernest Tidyman,The book The French Connection: The World's Most Crucial Narcotics Investigation by Robin Moore,/wiki/The_French_Connection_(film),True,,,,
212,1971 (44th),A Clockwork Orange,Stanley Kubrick,The novel by Anthony Burgess,/wiki/A_Clockwork_Orange_(film),False,,,,
213,1971 (44th),The Conformist,Bernardo Bertolucci,The novel by Alberto Moravia,/wiki/The_Conformist_(1970_film),False,,,,
214,1971 (44th),The Garden of the Finzi-Continis,Vittorio Bonicelli & Ugo Pirro,The novel by Giorgio Bassani,/wiki/The_Garden_of_the_Finzi-Continis_(film),False,,,,
215,1971 (44th),The Last Picture Show,Peter Bogdanovich & Larry McMurtry,The novel by McMurtry,/wiki/The_Last_Picture_Show,False,,,,
216,1972 (45th),The Godfather,Francis Ford Coppola & Mario Puzo,The novel by Puzo,/wiki/The_Godfather,True,,,,
217,1972 (45th),Cabaret,Jay Presson Allen,The musical by Joe Masteroff,/wiki/Cabaret_(1972_film),False,,,,
218,1972 (45th),The Emigrants,Bengt Forslund & Jan Troell,The novels The Emigrants & Unto a Good Land by Vilhelm Moberg,/wiki/The_Emigrants_(film),False,,,,
219,1972 (45th),Pete 'n' Tillie,Julius J. Epstein,The novella Witch's Milk by Peter De Vries,/wiki/Pete_%27n%27_Tillie,False,,,,
220,1972 (45th),Sounder,Lonne Elder III,The novel by William H. Armstrong,/wiki/Sounder_(film),False,,,,
221,1973 (46th),The Exorcist,William Peter Blatty,The novel by Blatty,/wiki/The_Exorcist,True,,,,
222,1973 (46th),The Last Detail,Robert Towne,The novel by Darryl Ponicsan,/wiki/The_Last_Detail,False,,,,
223,1973 (46th),The Paper Chase,James Bridges,The novel by John Jay Osborn Jr.,/wiki/The_Paper_Chase_(film),False,,,,
224,1973 (46th),Paper Moon,Alvin Sargent,The novel Addie Pray by Joe David Brown,/wiki/Paper_Moon_(film),False,,,,
225,1973 (46th),Serpico,Waldo Salt & Norman Wexler,The book Serpico: The Cop Who Defied the System by Peter Maas,/wiki/Serpico,False,,,,
226,1974 (47th),The Godfather Part II,Francis Ford Coppola & Mario Puzo,The novel The Godfather by Puzo,/wiki/The_Godfather_Part_II,True,,,,
227,1974 (47th),The Apprenticeship of Duddy Kravitz,Screenplay: Mordecai Richler; Adaptation: Lionel Chetwynd,The novel by Richler,/wiki/The_Apprenticeship_of_Duddy_Kravitz_(film),False,,,,
228,1974 (47th),Lenny,Julian Barry,The play by Barry,/wiki/Lenny_(film),False,,,,
229,1974 (47th),Murder on the Orient Express,Paul Dehn,The novel by Agatha Christie,/wiki/Murder_on_the_Orient_Express_(1974_film),False,,,,
230,1974 (47th),Young Frankenstein,Mel Brooks & Gene Wilder,"The novel Frankenstein; or, The Modern Prometheus by Mary Shelley",/wiki/Young_Frankenstein,False,,,,
231,1975 (48th),One Flew Over the Cuckoo's Nest,Bo Goldman & Lawrence Hauben,The novel by Ken Kesey,/wiki/One_Flew_Over_the_Cuckoo%27s_Nest_(film),True,,,,
232,1975 (48th),Barry Lyndon,Stanley Kubrick,The novel The Luck of Barry Lyndon by William Makepeace Thackeray,/wiki/Barry_Lyndon,False,,,,
233,1975 (48th),The Man Who Would Be King,Gladys Hill & John Huston,The short story by Rudyard Kipling,/wiki/The_Man_Who_Would_Be_King_(film),False,,,,
234,1975 (48th),Profumo di donna,Ruggero Maccari & Dino Risi,The novel Il buio e il mare by Giovanni Arpino,/wiki/Scent_of_a_Woman_(1974_film),False,,,,
235,1975 (48th),The Sunshine Boys,Neil Simon,The play by Simon,/wiki/The_Sunshine_Boys_(1975_film),False,,,,
236,1976 (49th),All the President's Men,William Goldman,The memoir by Carl Bernstein & Bob Woodward,/wiki/All_the_President%27s_Men_(film),True,,,,
237,1976 (49th),Bound for Glory,Robert Getchell,The memoir by Woody Guthrie,/wiki/Bound_for_Glory_(1976_film),False,,,,
238,1976 (49th),Fellini's Casanova,Federico Fellini & Bernardino Zapponi,The memoir History of My Life by Giacomo Casanova,/wiki/Fellini%27s_Casanova,False,,,,
239,1976 (49th),The Seven-Per-Cent Solution,Nicholas Meyer,"The novel The Seven-Per-Cent Solution: Being a Reprint from the Reminiscences of John H. Watson, M.D. by Meyer",/wiki/The_Seven-Per-Cent_Solution_(film),False,,,,
240,1976 (49th),Voyage of the Damned,David Butler & Steve Shagan,The book by Gordon Thomas & Max Morgan-Witts,/wiki/Voyage_of_the_Damned,False,,,,
241,1977 (50th),Julia,Alvin Sargent,The memoir Pentimento: A Book of Portraits by Lillian Hellman,/wiki/Julia_(1977_film),True,,,,
242,1977 (50th),Equus,Peter Shaffer,The play by Shaffer,/wiki/Equus_(film),False,,,,
243,1977 (50th),I Never Promised You a Rose Garden,Lewis John Carlino & Gavin Lambert,The novel by Joanne Greenberg,/wiki/I_Never_Promised_You_a_Rose_Garden_(film),False,,,,
244,1977 (50th),"Oh, God!",Larry Gelbart,The novel by Avery Corman,"/wiki/Oh,_God!_(film)",False,,,,
245,1977 (50th),That Obscure Object of Desire,Scenario: Luis Buñuel; Collaboration: Jean-Claude Carrière,The novel The Woman and the Puppet by Pierre Louÿs,/wiki/That_Obscure_Object_of_Desire,False,,,,
246,1978 (51st),Midnight Express,Oliver Stone,The memoir by Billy Hayes & William Hoffer,/wiki/Midnight_Express_(film),True,,,,
247,1978 (51st),Bloodbrothers,Walter Newman,The novel by Richard Price,/wiki/Bloodbrothers_(1978_film),False,,,,
248,1978 (51st),California Suite,Neil Simon,The play by Simon,/wiki/California_Suite_(film),False,,,,
249,1978 (51st),Heaven Can Wait,Warren Beatty & Elaine May,The play by Harry Segall,/wiki/Heaven_Can_Wait_(1978_film),False,,,,
250,1978 (51st),"Same Time, Next Year",Bernard Slade,The play by Slade,"/wiki/Same_Time,_Next_Year_(film)",False,,,,
251,1979 (52nd),Kramer vs. Kramer,Robert Benton,The novel by Avery Corman,/wiki/Kramer_vs._Kramer,True,,,,
252,1979 (52nd),Apocalypse Now,Francis Ford Coppola & John Milius,The novel Heart of Darkness by Joseph Conrad,/wiki/Apocalypse_Now,False,,,,
253,1979 (52nd),La Cage aux Folles,"Marcello Danon, Édouard Molinaro, Jean Poiret & Francis Veber",The play by Poiret,/wiki/La_Cage_aux_Folles_(film),False,,,,
254,1979 (52nd),A Little Romance,Allan Burns,The novel E=mc2 Mon Amour by Patrick Cauvin,/wiki/A_Little_Romance,False,,,,
255,1979 (52nd),Norma Rae,Harriet Frank Jr. & Irving Ravetch,"The book Crystal Lee, a Woman of Inheritance by Hank Leiferman",/wiki/Norma_Rae,False,,,,
256,1980 (53rd),Ordinary People,Alvin Sargent,The novel by Judith Guest,/wiki/Ordinary_People,True,,,,
257,1980 (53rd),Breaker Morant,"Bruce Beresford, Jonathan Hardy & David Stevens",The play Breaker Morant: A Play in Two Acts by Kenneth G. Ross,/wiki/Breaker_Morant_(film),False,,,,
258,1980 (53rd),Coal Miner's Daughter,Thomas Rickman,The memoir Loretta Lynn: Coal Miner's Daughter by Loretta Lynn & George Vecsey,/wiki/Coal_Miner%27s_Daughter_(film),False,,,,
259,1980 (53rd),The Elephant Man,"Eric Bergren, Christopher De Vore & David Lynch",The memoir The Elephant Man and Other Reminiscences by Frederick Treves & book The Elephant Man: A Study in Human Dignity by Ashley Montagu,/wiki/The_Elephant_Man_(film),False,,,,
260,1980 (53rd),The Stunt Man,Screenplay: Lawrence B. Marcus; Adaptation: Richard Rush,The novel by Paul Brodeur,/wiki/The_Stunt_Man,False,,,,
261,1981 (54th),On Golden Pond,Ernest Thompson,The play by Thompson,/wiki/On_Golden_Pond_(1981_film),True,,,,
262,1981 (54th),The French Lieutenant's Woman,Harold Pinter,The novel by John Fowles,/wiki/The_French_Lieutenant%27s_Woman_(film),False,,,,
263,1981 (54th),Pennies from Heaven,Dennis Potter,The television series by Potter,/wiki/Pennies_from_Heaven_(1981_film),False,,,,
264,1981 (54th),Prince of the City,Jay Presson Allen & Sidney Lumet,The book Prince of the City: The True Story of a Cop Who Knew Too Much by Robert Daley,/wiki/Prince_of_the_City,False,,,,
265,1981 (54th),Ragtime,Michael Weller,The novel by E. L. Doctorow,/wiki/Ragtime_(film),False,,,,
266,1982 (55th),Missing,Costa-Gavras & Donald E. Stewart,The book The Execution of Charles Horman: An American Sacrifice by Thomas Hauser,/wiki/Missing_(1982_film),True,,,,
267,1982 (55th),Das Boot,Wolfgang Petersen,The novel by Lothar-Günther Buchheim,/wiki/Das_Boot,False,,,,
268,1982 (55th),Sophie's Choice,Alan J. Pakula,The novel by William Styron,/wiki/Sophie%27s_Choice_(film),False,,,,
269,1982 (55th),The Verdict,David Mamet,The novel by Barry Reed,/wiki/The_Verdict,False,,,,
270,1982 (55th),Victor/Victoria,Blake Edwards,The film Victor and Victoria by Reinhold Schünzel,/wiki/Victor/Victoria,False,,,,
271,1983 (56th),Terms of Endearment,James L. Brooks,The novel by Larry McMurtry,/wiki/Terms_of_Endearment,True,,,,
272,1983 (56th),Betrayal,Harold Pinter,The play by Pinter,/wiki/Betrayal_(1983_film),False,,,,
273,1983 (56th),The Dresser,Ronald Harwood,The play by Harwood,/wiki/The_Dresser_(1983_film),False,,,,
274,1983 (56th),Educating Rita,Willy Russell,The play by Russell,/wiki/Educating_Rita_(film),False,,,,
275,1983 (56th),"Reuben, Reuben",Julius J. Epstein,The play Spofford by Herman Shumlin & novel by Peter De Vries,"/wiki/Reuben,_Reuben",False,,,,
276,1984 (57th),Amadeus,Peter Shaffer,The play by Shaffer,/wiki/Amadeus_(film),True,,,,
277,1984 (57th),"Greystoke: The Legend of Tarzan, Lord of the Apes",Michael Austin & Robert Towne[note 15][11],The novel Tarzan of the Apes by Edgar Rice Burroughs,"/wiki/Greystoke:_The_Legend_of_Tarzan,_Lord_of_the_Apes",False,,,,
278,1984 (57th),The Killing Fields,Bruce Robinson,"The article ""The Death and Life of Dith Pran: A Story of Cambodia"" by Sydney Schanberg",/wiki/The_Killing_Fields_(film),False,,,,
279,1984 (57th),A Passage to India,David Lean,The novel by E. M. Forster,/wiki/A_Passage_to_India_(film),False,,,,
280,1984 (57th),A Soldier's Story,Charles Fuller,The play A Soldier's Play by Fuller,/wiki/A_Soldier%27s_Story,False,,,,
281,1985 (58th),Out of Africa,Kurt Luedtke,The memoir by Karen Blixen & books Silence Will Speak: A Study of the Life of Denys Finch Hatton and His Relationship With Karen Blixen by Errol Trzebinski & Isak Dinesen: The Life of a Storyteller by Judith Thurman,/wiki/Out_of_Africa_(film),True,,,,
282,1985 (58th),The Color Purple,Menno Meyjes,The novel by Alice Walker,/wiki/The_Color_Purple_(1985_film),False,,,,
283,1985 (58th),Kiss of the Spider Woman,Leonard Schrader,The novel by Manuel Puig,/wiki/Kiss_of_the_Spider_Woman_(film),False,,,,
284,1985 (58th),Prizzi's Honor,Richard Condon & Janet Roach,The novel by Condon,/wiki/Prizzi%27s_Honor,False,,,,
285,1985 (58th),The Trip to Bountiful,Horton Foote,The play & television film by Foote,/wiki/The_Trip_to_Bountiful,False,,,,
286,1986 (59th),A Room with a View,Ruth Prawer Jhabvala,The novel by E. M. Forster,/wiki/A_Room_with_a_View_(1985_film),True,,,,
287,1986 (59th),Children of a Lesser God,Hesper Anderson & Mark Medoff,The play by Medoff,/wiki/Children_of_a_Lesser_God_(film),False,,,,
288,1986 (59th),The Color of Money,Richard Price,The novel by Walter Tevis,/wiki/The_Color_of_Money,False,,,,
289,1986 (59th),Crimes of the Heart,Beth Henley,The play by Henley,/wiki/Crimes_of_the_Heart_(film),False,,,,
290,1986 (59th),Stand by Me,Bruce A. Evans & Raynold Gideon,The novella The Body by Stephen King,/wiki/Stand_by_Me_(film),False,,,,
291,1987 (60th),The Last Emperor,Bernardo Bertolucci & Mark Peploe,The memoir From Emperor to Citizen: The Autobiography of Aisin-Gioro Pu Yi by Puyi,/wiki/The_Last_Emperor,True,,,,
292,1987 (60th),The Dead,Tony Huston,The short story by James Joyce,/wiki/The_Dead_(1987_film),False,,,,
293,1987 (60th),Fatal Attraction,James Dearden,The television film Diversion by Dearden,/wiki/Fatal_Attraction,False,,,,
294,1987 (60th),Full Metal Jacket,"Gustav Hasford, Michael Herr & Stanley Kubrick",The novel The Short-Timers by Hasford,/wiki/Full_Metal_Jacket,False,,,,
295,1987 (60th),My Life as a Dog,"Per Berglund, Brasse Brännström, Lasse Hallström & Reidar Jönsson",The novel Mitt liv som hund by Jönsson,/wiki/My_Life_as_a_Dog,False,,,,
296,1988 (61st),Dangerous Liaisons,Christopher Hampton,The play Les Liaisons Dangereuses by Hampton & novel by Pierre Choderlos de Laclos,/wiki/Dangerous_Liaisons,True,,,,
297,1988 (61st),The Accidental Tourist,Frank Galati & Lawrence Kasdan,The novel by Anne Tyler,/wiki/The_Accidental_Tourist_(film),False,,,,
298,1988 (61st),Gorillas in the Mist,Screenplay: Anna Hamilton Phelan; Story: Tab Murphy & Phelon,The article by Harold Hayes,/wiki/Gorillas_in_the_Mist,False,,,,
299,1988 (61st),Little Dorrit,Christine Edzard,The novel by Charles Dickens,/wiki/Little_Dorrit_(1987_film),False,,,,
300,1988 (61st),The Unbearable Lightness of Being,Jean-Claude Carrière & Philip Kaufman,The novel by Milan Kundera,/wiki/The_Unbearable_Lightness_of_Being_(film),False,,,,
301,1989 (62nd),Driving Miss Daisy,Alfred Uhry,The play by Uhry,/wiki/Driving_Miss_Daisy,True,,,,
302,1989 (62nd),Born on the Fourth of July,Ron Kovic & Oliver Stone,The memoir by Kovic,/wiki/Born_on_the_Fourth_of_July_(film),False,,,,
303,1989 (62nd),"Enemies, A Love Story",Paul Mazursky & Roger L. Simon,The novel by Isaac Bashevis Singer,"/wiki/Enemies,_A_Love_Story_(film)",False,,,,
304,1989 (62nd),Field of Dreams,Phil Alden Robinson,The novel Shoeless Joe by W. P. Kinsella,/wiki/Field_of_Dreams,False,,,,
305,1989 (62nd),My Left Foot,Shane Connaughton & Jim Sheridan,The memoir by Christy Brown,/wiki/My_Left_Foot,False,,,,
306,1990 (63rd),Dances with Wolves,Michael Blake,The novel by Blake,/wiki/Dances_with_Wolves,True,,,,
307,1990 (63rd),Awakenings,Steven Zaillian,The memoir by Oliver Sacks,/wiki/Awakenings,False,,,,
308,1990 (63rd),Goodfellas,Nicholas Pileggi & Martin Scorsese,The book Wiseguy: Life in a Mafia Family by Pileggi,/wiki/Goodfellas,False,,,,
309,1990 (63rd),The Grifters,Donald E. Westlake,The novel by Jim Thompson,/wiki/The_Grifters_(film),False,,,,
310,1990 (63rd),Reversal of Fortune,Nicholas Kazan,The memoir Reversal of Fortune: Inside the von Bülow Case by Alan Dershowitz,/wiki/Reversal_of_Fortune,False,,,,
311,1991 (64th),The Silence of the Lambs,Ted Tally,The novel by Thomas Harris,/wiki/The_Silence_of_the_Lambs_(film),True,,,,
312,1991 (64th),Europa Europa,Agnieszka Holland,The memoir I Was Hitler Youth Salomon by Solomon Perel,/wiki/Europa_Europa,False,,,,
313,1991 (64th),Fried Green Tomatoes,Fannie Flagg & Carol Sobieski (p.n.),The novel Fried Green Tomatoes at the Whistle Stop Cafe by Flagg,/wiki/Fried_Green_Tomatoes,False,,,,
314,1991 (64th),JFK,Zachary Sklar & Oliver Stone,The memoir On the Trail of the Assassins by Jim Garrison & book Crossfire: The Plot That Killed Kennedy by Jim Marrs,/wiki/JFK_(film),False,,,,
315,1991 (64th),The Prince of Tides,Pat Conroy & Becky Johnston,The novel by Conroy,/wiki/The_Prince_of_Tides,False,,,,
316,1992 (65th),Howards End,Ruth Prawer Jhabvala,The novel by E. M. Forster,/wiki/Howards_End_(film),True,,,,
317,1992 (65th),Enchanted April,Peter Barnes,The novel by Elizabeth von Arnim,/wiki/Enchanted_April_(1991_film),False,,,,
318,1992 (65th),The Player,Michael Tolkin,The novel by Tolkin,/wiki/The_Player_(1992_film),False,,,,
319,1992 (65th),A River Runs Through It,Richard Friedenberg,The novella by Norman Maclean,/wiki/A_River_Runs_Through_It_(film),False,,,,
320,1992 (65th),Scent of a Woman,Bo Goldman,The novel Il buio e il miele by Giovanni Arpino & film by Ruggero Maccari & Dino Risi,/wiki/Scent_of_a_Woman_(1992_film),False,,,,
321,1993 (66th),Schindler's List,Steven Zaillian,The novel Schindler's Ark by Thomas Keneally,/wiki/Schindler%27s_List,True,,,,
322,1993 (66th),The Age of Innocence,Jay Cocks & Martin Scorsese,The novel by Edith Wharton,/wiki/The_Age_of_Innocence_(1993_film),False,,,,
323,1993 (66th),In the Name of the Father,Terry George & Jim Sheridan,The memoir Proved Innocent: The Story of Gerry Conlon of the Guildford Four by Gerry Conlon,/wiki/In_the_Name_of_the_Father_(film),False,,,,
324,1993 (66th),The Remains of the Day,Ruth Prawer Jhabvala,The novel by Kazuo Ishiguro,/wiki/The_Remains_of_the_Day_(film),False,,,,
325,1993 (66th),Shadowlands,William Nicholson,The play & television film by Nicholson,/wiki/Shadowlands_(1993_film),False,,,,
326,1994 (67th),Forrest Gump,Eric Roth,The novel by Winston Groom,/wiki/Forrest_Gump,True,,,,
327,1994 (67th),The Madness of King George,Alan Bennett,The play The Madness of George III by Bennett,/wiki/The_Madness_of_King_George,False,,,,
328,1994 (67th),Nobody's Fool,Robert Benton,The novel by Richard Russo,/wiki/Nobody%27s_Fool_(1994_film),False,,,,
329,1994 (67th),Quiz Show,Paul Attanasio,The book Remembering America: A Voice from the Sixties by Richard N. Goodwin,/wiki/Quiz_Show_(film),False,,,,
330,1994 (67th),The Shawshank Redemption,Frank Darabont,"The novella ""Rita Hayworth and Shawshank Redemption"" by Stephen King",/wiki/The_Shawshank_Redemption,False,,,,
331,1995 (68th),Sense and Sensibility,Emma Thompson,The novel by Jane Austen,/wiki/Sense_and_Sensibility_(film),True,,,,
332,1995 (68th),Apollo 13,William Broyles Jr. & Al Reinert,The memoir Lost Moon: The Perilous Voyage of Apollo 13 by Jeffrey Kluger & Jim Lovell,/wiki/Apollo_13_(film),False,,,,
333,1995 (68th),Babe,George Miller & Chris Noonan,The novel The Sheep-Pig by Dick King-Smith,/wiki/Babe_(film),False,,,,
334,1995 (68th),Leaving Las Vegas,Mike Figgis,The novel by John O'Brien,/wiki/Leaving_Las_Vegas,False,,,,
335,1995 (68th),Il Postino: The Postman,"Screenplay: Anna Pavignano, Michael Radford, Furio & Giacomo Scarpelli & Massimo Troisi (p.n.); Story: F. & G. Scarpelli",The novel Ardiente Paciencia by Antonio Skármeta,/wiki/Il_Postino:_The_Postman,False,,,,
336,1996 (69th),Sling Blade,Billy Bob Thornton,The short film Some Folks Call It a Sling Blade written by Thornton,/wiki/Sling_Blade_(film),True,,,,
337,1996 (69th),The Crucible,Arthur Miller,The play by Miller,/wiki/The_Crucible_(1996_film),False,,,,
338,1996 (69th),The English Patient,Anthony Minghella,The novel by Michael Ondaatje,/wiki/The_English_Patient_(film),False,,,,
339,1996 (69th),Hamlet,Kenneth Branagh,"The play The Tragedy of Hamlet, Prince of Denmark by William Shakespeare",/wiki/Hamlet_(1996_film),False,,,,
340,1996 (69th),Trainspotting,John Hodge,The novel by Irvine Welsh,/wiki/Trainspotting_(film),False,,,,
341,1997 (70th),L.A. Confidential,Curtis Hanson & Brian Helgeland,The novel by James Ellroy,/wiki/L.A._Confidential_(film),True,,,,
342,1997 (70th),Donnie Brasco,Paul Attanasio,The memoir Donnie Brasco: My Undercover Life in the Mafia by Joseph D. Pistone & Richard Woodley,/wiki/Donnie_Brasco_(film),False,,,,
343,1997 (70th),The Sweet Hereafter,Atom Egoyan,The novel by Russell Banks,/wiki/The_Sweet_Hereafter_(film),False,,,,
344,1997 (70th),Wag the Dog,Hilary Henkin & David Mamet,The novel American Hero by Larry Beinhart,/wiki/Wag_the_Dog,False,,,,
345,1997 (70th),The Wings of the Dove,Hossein Amini,The novel by Henry James,/wiki/The_Wings_of_the_Dove_(1997_film),False,,,,
346,1998 (71st),Gods and Monsters,Bill Condon,The novel Father of Frankenstein by Christopher Bram,/wiki/Gods_and_Monsters_(film),True,,,,
347,1998 (71st),Out of Sight,Scott Frank,The novel by Elmore Leonard,/wiki/Out_of_Sight,False,,,,
348,1998 (71st),Primary Colors,Elaine May,The novel Primary Colors: A Novel of Politics by Joe Klein,/wiki/Primary_Colors_(film),False,,,,
349,1998 (71st),A Simple Plan,Scott Smith,The novel by Smith,/wiki/A_Simple_Plan_(film),False,,,,
350,1998 (71st),The Thin Red Line,Terrence Malick,The novel by James Jones,/wiki/The_Thin_Red_Line_(1998_film),False,,,,
351,1999 (72nd),The Cider House Rules,John Irving,The novel by Irving,/wiki/The_Cider_House_Rules_(film),True,,,,
352,1999 (72nd),Election,Alexander Payne & Jim Taylor,The novel by Tom Perrotta,/wiki/Election_(1999_film),False,,,,
353,1999 (72nd),The Green Mile,Frank Darabont,The novel by Stephen King,/wiki/The_Green_Mile_(film),False,,,,
354,1999 (72nd),The Insider,Michael Mann & Eric Roth,"The article ""The Man Who Knew Too Much"" by Marie Brenner",/wiki/The_Insider_(film),False,,,,
355,1999 (72nd),The Talented Mr. Ripley,Anthony Minghella,The novel by Patricia Highsmith,/wiki/The_Talented_Mr._Ripley_(film),False,,,,
356,2000 (73rd),Traffic,Stephen Gaghan,The television series Traffik by Simon Moore,/wiki/Traffic_(2000_film),True,,,,
357,2000 (73rd),Chocolat,Robert Nelson Jacobs,The novel by Joanne Harris,/wiki/Chocolat_(2000_film),False,,,,
358,2000 (73rd),"Crouching Tiger, Hidden Dragon","Wang Hui-ling, James Schamus & Kuo Jung Tsai",The novel by Wang Dulu,"/wiki/Crouching_Tiger,_Hidden_Dragon",False,,,,
359,2000 (73rd),"O Brother, Where Art Thou?",Joel and Ethan Coen,The epic poem the Odyssey by Homer,"/wiki/O_Brother,_Where_Art_Thou%3F",False,,,,
360,2000 (73rd),Wonder Boys,Steve Kloves,The novel by Michael Chabon,/wiki/Wonder_Boys_(film),False,,,,
361,2001 (74th),A Beautiful Mind,Akiva Goldsman,The book by Sylvia Nasar,/wiki/A_Beautiful_Mind_(film),True,,,,
362,2001 (74th),Ghost World,Daniel Clowes & Terry Zwigoff,The graphic novel by Clowes,/wiki/Ghost_World_(film),False,,,,
363,2001 (74th),In the Bedroom,Rob Festinger & Todd Field,"The short story ""Killings"" by Andre Dubus",/wiki/In_the_Bedroom,False,,,,
364,2001 (74th),The Lord of the Rings: The Fellowship of the Ring,"Philippa Boyens, Peter Jackson & Fran Walsh",The novel The Fellowship of the Ring by J. R. R. Tolkien,/wiki/The_Lord_of_the_Rings:_The_Fellowship_of_the_Ring,False,,,,
365,2001 (74th),Shrek,"Ted Elliott, Roger S. H. Schulman, Joe Stillman & Terry Rossio",The picture book by William Steig,/wiki/Shrek,False,,,,
366,2002 (75th),The Pianist,Ronald Harwood,The memoir by Władysław Szpilman,/wiki/The_Pianist_(2002_film),True,,,,
367,2002 (75th),About a Boy,"Peter Hedges, Chris & Paul Weitz",The novel by Nick Hornby,/wiki/About_a_Boy_(film),False,,,,
368,2002 (75th),Adaptation,Charlie & Donald Kaufman[note 16][11],The book The Orchid Thief by Susan Orlean,/wiki/Adaptation_(film),False,,,,
369,2002 (75th),Chicago,Bill Condon,The musical by Fred Ebb & Bob Fosse,/wiki/Chicago_(2002_film),False,,,,
370,2002 (75th),The Hours,David Hare,The novel by Michael Cunningham,/wiki/The_Hours_(film),False,,,,
371,2003 (76th),The Lord of the Rings: The Return of the King,"Philippa Boyens, Peter Jackson & Fran Walsh",The novel The Return of the King by J. R. R. Tolkien,/wiki/The_Lord_of_the_Rings:_The_Return_of_the_King,True,,,,
372,2003 (76th),American Splendor,Shari Springer Berman & Robert Pulcini,The comic books by Harvey Pekar & graphic novel Our Cancer Year by Pekar & Joyce Brabner,/wiki/American_Splendor_(film),False,,,,
373,2003 (76th),City of God,Bráulio Mantovani,The novel by Paulo Lins,/wiki/City_of_God_(2002_film),False,,,,
374,2003 (76th),Mystic River,Brian Helgeland,The novel by Dennis Lehane,/wiki/Mystic_River_(film),False,,,,
375,2003 (76th),Seabiscuit,Gary Ross,The book Seabiscuit: An American Legend by Laura Hillenbrand,/wiki/Seabiscuit_(film),False,,,,
376,2004 (77th),Sideways,Alexander Payne & Jim Taylor,The novel by Rex Pickett,/wiki/Sideways,True,,,,
377,2004 (77th),Before Sunset,"Screenplay: Julie Delpy, Ethan Hawke & Richard Linklater; Story: Kim Krizan & Linklater",Characters from the film Before Sunrise by Krizan & Linklater,/wiki/Before_Sunset,False,,,,
378,2004 (77th),Finding Neverland,David Magee,The play The Man Who Was Peter Pan by Allan Knee,/wiki/Finding_Neverland_(film),False,,,,
379,2004 (77th),Million Dollar Baby,Paul Haggis,The short story collection Rope Burns: Stories from the Corner by F.X. Toole,/wiki/Million_Dollar_Baby,False,,,,
380,2004 (77th),The Motorcycle Diaries,José Rivera,The memoirs Traveling with Che Guevara: The Making of a Revolutionary by Alberto Granado & The Motorcycle Diaries by Che Guevara,/wiki/The_Motorcycle_Diaries_(film),False,,,,
381,2005 (78th),Brokeback Mountain,Larry McMurtry & Diana Ossana,The short story by Annie Proulx,/wiki/Brokeback_Mountain,True,,,,
382,2005 (78th),Capote,Dan Futterman,The book by Gerald Clarke,/wiki/Capote_(film),False,,,,
383,2005 (78th),The Constant Gardener,Jeffrey Caine,The novel by John le Carré,/wiki/The_Constant_Gardener_(film),False,,,,
384,2005 (78th),A History of Violence,Josh Olson,The graphic novel by Vince Locke & John Wagner,/wiki/A_History_of_Violence,False,,,,
385,2005 (78th),Munich,Tony Kushner & Eric Roth,The book Vengeance by George Jonas,/wiki/Munich_(2005_film),False,,,,
386,2006 (79th),The Departed,William Monahan,The film Infernal Affairs written by Felix Chong & Alan Mak,/wiki/The_Departed,True,,,,
387,2006 (79th),Borat: Cultural Learnings of America for Make Benefit Glorious Nation of Kazakhstan,"Screenplay: Sacha Baron Cohen, Peter Baynham, Anthony Hines & Dan Mazer; Story: Baron Cohen, Baynham, Hines & Todd Phillips",The character Borat Sagdiyev from the television series Da Ali G Show by Baron Cohen,/wiki/Borat,False,,,,
388,2006 (79th),Children of Men,"David Arata, Alfonso Cuarón, Mark Fergus, Hawk Ostby & Timothy J. Sexton",The novel by P. D. James,/wiki/Children_of_Men,False,,,,
389,2006 (79th),Little Children,Todd Field & Tom Perrotta,The novel by Perrotta,/wiki/Little_Children_(film),False,,,,
390,2006 (79th),Notes on a Scandal,Patrick Marber,The novel by Zoë Heller,/wiki/Notes_on_a_Scandal_(film),False,,,,
391,2007 (80th),No Country for Old Men,Coen Brothers,The novel by Cormac McCarthy,/wiki/No_Country_for_Old_Men,True,,,,
392,2007 (80th),Atonement,Christopher Hampton,The novel by Ian McEwan,/wiki/Atonement_(2007_film),False,,,,
393,2007 (80th),Away from Her,Sarah Polley,"The short story ""The Bear Came Over the Mountain"" by Alice Munro",/wiki/Away_from_Her,False,,,,
394,2007 (80th),The Diving Bell and the Butterfly,Ronald Harwood,The memoir by Jean-Dominique Bauby,/wiki/The_Diving_Bell_and_the_Butterfly_(film),False,,,,
395,2007 (80th),There Will Be Blood,Paul Thomas Anderson,The novel Oil! by Upton Sinclair,/wiki/There_Will_Be_Blood,False,,,,
396,2008 (81st),Slumdog Millionaire,Simon Beaufoy,The novel Q & A by Vikas Swarup,/wiki/Slumdog_Millionaire,True,,,,
397,2008 (81st),The Curious Case of Benjamin Button,Screenplay: Eric Roth; Story: Roth & Robin Swicord,The short story by F. Scott Fitzgerald,/wiki/The_Curious_Case_of_Benjamin_Button_(film),False,,,,
398,2008 (81st),Doubt,John Patrick Shanley,The play Doubt: A Parable by Shanley,/wiki/Doubt_(2008_film),False,,,,
399,2008 (81st),Frost/Nixon,Peter Morgan,The play by Morgan,/wiki/Frost/Nixon_(film),False,,,,
400,2008 (81st),The Reader,David Hare,The novel by Bernhard Schlink,/wiki/The_Reader_(2008_film),False,,,,
401,2009 (82nd),Precious,Geoffrey S. Fletcher,The novel Push by Sapphire,/wiki/Precious_(film),True,,,,
402,2009 (82nd),District 9,Neill Blomkamp & Terri Tatchell,The short film Alive in Joburg by Blomkamp,/wiki/District_9,False,,,,
403,2009 (82nd),An Education,Nick Hornby,The memoir by Lynn Barber,/wiki/An_Education,False,,,,
404,2009 (82nd),In the Loop,"Jesse Armstrong, Simon Blackwell, Armando Iannucci & Tony Roche",The character Malcolm Tucker from the television series The Thick of It by Iannucci,/wiki/In_the_Loop,False,,,,
405,2009 (82nd),Up in the Air,Jason Reitman & Sheldon Turner,The novel by Walter Kirn,/wiki/Up_in_the_Air_(2009_film),False,,,,
406,2010 (83rd),The Social Network,Aaron Sorkin,"The book The Accidental Billionaires: The Founding of Facebook, a Tale of Sex, Money, Genius, and Betrayal by Ben Mezrich",/wiki/The_Social_Network,True,,,,
407,2010 (83rd),127 Hours,Simon Beaufoy & Danny Boyle,The memoir Between a Rock and a Hard Place by Aron Ralston,/wiki/127_Hours,False,,,,
408,2010 (83rd),Toy Story 3,"Screenplay: Michael Arndt; Story: John Lasseter, Andrew Stanton & Lee Unkrich","Characters from the film Toy Story by Pete Docter, Lasseter, Joe Ranft, & Stanton",/wiki/Toy_Story_3,False,,,,
409,2010 (83rd),True Grit,Coen Brothers,The novel by Charles Portis,/wiki/True_Grit_(2010_film),False,,,,
410,2010 (83rd),Winter's Bone,Debra Granik & Anne Rosellini,The novel by Daniel Woodrell,/wiki/Winter%27s_Bone,False,,,,
411,2011 (84th),The Descendants,"Nat Faxon, Alexander Payne & Jim Rash",The novel by Kaui Hart Hemmings,/wiki/The_Descendants,True,,,,
412,2011 (84th),Hugo,John Logan,The novel The Invention of Hugo Cabret by Brian Selznick,/wiki/Hugo_(film),False,,,,
413,2011 (84th),The Ides of March,"George Clooney, Grant Heslov & Beau Willimon",The play Farragut North by Willimon,/wiki/The_Ides_of_March_(2011_film),False,,,,
414,2011 (84th),Moneyball,Screenplay: Aaron Sorkin & Steven Zaillian; Story: Stan Chervin,The book Moneyball: The Art of Winning an Unfair Game by Michael Lewis,/wiki/Moneyball_(film),False,,,,
415,2011 (84th),Tinker Tailor Soldier Spy,Bridget O'Connor (p.n.) & Peter Straughan,The novel by John le Carré,/wiki/Tinker_Tailor_Soldier_Spy_(film),False,,,,
416,2012 (85th),Argo,Chris Terrio,"The memoir The Master of Disguise by Tony Mendez & article ""The Great Escape: How the CIA Used a Fake Sci-Fi Flick to Rescue Americans from Tehran"" by Joshuah Bearman",/wiki/Argo_(2012_film),True,,,,
417,2012 (85th),Beasts of the Southern Wild,Lucy Alibar & Benh Zeitlin,The play Juicy and Delicious by Alibar,/wiki/Beasts_of_the_Southern_Wild,False,,,,
418,2012 (85th),Life of Pi,David Magee,The novel by Yann Martel,/wiki/Life_of_Pi_(film),False,,,,
419,2012 (85th),Lincoln,Tony Kushner,The book Team of Rivals: The Political Genius of Abraham Lincoln by Doris Kearns Goodwin,/wiki/Lincoln_(film),False,,,,
420,2012 (85th),Silver Linings Playbook,David O. Russell,The novel by Matthew Quick,/wiki/Silver_Linings_Playbook,False,,,,
421,2013 (86th),12 Years a Slave,John Ridley,The memoir by Solomon Northup,/wiki/12_Years_a_Slave_(film),True,,,,
422,2013 (86th),Before Midnight,"Julie Delpy, Ethan Hawke & Richard Linklater",Characters from the film Before Sunrise by Kim Krizan & Linklater,/wiki/Before_Midnight_(2013_film),False,,,,
423,2013 (86th),Captain Phillips,Billy Ray,"The memoir A Captain's Duty: Somali Pirates, Navy SEALs, and Dangerous Days at Sea by Richard Phillips & Stephan Talty",/wiki/Captain_Phillips_(film),False,,,,
424,2013 (86th),Philomena,Steve Coogan & Jeff Pope,The book The Lost Child of Philomena Lee by Martin Sixsmith,/wiki/Philomena_(film),False,,,,
425,2013 (86th),The Wolf of Wall Street,Terence Winter,The memoir by Jordan Belfort,/wiki/The_Wolf_of_Wall_Street_(2013_film),False,,,,
426,2014 (87th),The Imitation Game,Graham Moore,The book Alan Turing: The Enigma by Andrew Hodges,/wiki/The_Imitation_Game,True,,,,
427,2014 (87th),American Sniper,Jason Hall,"The memoir American Sniper: The Autobiography of the Most Lethal Sniper in U.S. Military History by Jim DeFelice, Chris Kyle & Scott McEwan",/wiki/American_Sniper,False,,,,
428,2014 (87th),Inherent Vice,Paul Thomas Anderson,The novel by Thomas Pynchon,/wiki/Inherent_Vice_(film),False,,,,
429,2014 (87th),The Theory of Everything,Anthony McCarten,The memoir Travelling to Infinity: My Life with Stephen by Jane Hawking,/wiki/The_Theory_of_Everything_(2014_film),False,,,,
430,2014 (87th),Whiplash,Damien Chazelle,The short film by Chazelle,/wiki/Whiplash_(2014_film),False,,,,
431,2015 (88th),The Big Short,Charles Randolph & Adam McKay,The book The Big Short: Inside the Doomsday Machine by Michael Lewis,/wiki/The_Big_Short_(film),True,,,,
432,2015 (88th),Brooklyn,Nick Hornby,The novel by Colm Tóibín,/wiki/Brooklyn_(film),False,,,,
433,2015 (88th),Carol,Phyllis Nagy,The novel The Price of Salt by Patricia Highsmith,/wiki/Carol_(film),False,,,,
434,2015 (88th),The Martian,Drew Goddard,The novel by Andy Weir,/wiki/The_Martian_(film),False,,,,
435,2015 (88th),Room,Emma Donoghue,The novel by Donoghue,/wiki/Room_(2015_film),False,,,,
436,2016 (89th) [12],Moonlight,Screenplay: Barry Jenkins; Story: Tarell Alvin McCraney,The unpublished play In Moonlight Black Boys Look Blue by McCraney,/wiki/Moonlight_(2016_film),True,,,,
437,2016 (89th) [12],Arrival,Eric Heisserer,"The novella ""Story of Your Life"" by Ted Chiang",/wiki/Arrival_(film),False,,,,
438,2016 (89th) [12],Fences,August Wilson (p.n.),The play by Wilson,/wiki/Fences_(film),False,,,,
439,2016 (89th) [12],Hidden Figures,Theodore Melfi & Allison Schroeder,The book Hidden Figures: The American Dream and the Untold Story of the Black Women Who Helped Win the Space Race by Margot Lee Shetterly,/wiki/Hidden_Figures,False,,,,
440,2016 (89th) [12],Lion,Luke Davies,The memoir A Long Way Home by Saroo Brierley & Larry Buttrose,/wiki/Lion_(2016_film),False,,,,
441,2017 (90th) [13],Call Me by Your Name,James Ivory,The novel by André Aciman,/wiki/Call_Me_by_Your_Name_(film),True,,,,
442,2017 (90th) [13],The Disaster Artist,Scott Neustadter & Michael H. Weber,"The memoir The Disaster Artist: My Life Inside The Room, the Greatest Bad Movie Ever Made by Greg Sestero & Tom Bissell",/wiki/The_Disaster_Artist_(film),False,,,,
443,2017 (90th) [13],Logan,"Screenplay: Scott Frank, Michael Green & James Mangold; Story: Mangold",The character Wolverine from the comic books by John Romita Sr. & Len Wein,/wiki/Logan_(film),False,,,,
444,2017 (90th) [13],Molly's Game,Aaron Sorkin,The memoir by Molly Bloom,/wiki/Molly%27s_Game,False,,,,
445,2017 (90th) [13],Mudbound,Dee Rees & Virgil Williams,The novel by Hillary Jordan,/wiki/Mudbound_(film),False,,,,
446,2018 (91st) [14],BlacKkKlansman,"Spike Lee, David Rabinowitz, Charlie Wachtel & Kevin Willmott",The memoir Black Klansman by Ron Stallworth,/wiki/BlacKkKlansman,True,,,,
447,2018 (91st) [14],The Ballad of Buster Scruggs,Coen Brothers,"The short stories ""All Gold Canyon"" by Jack London & ""The Gal Who Got Rattled"" by Stewart Edward White",/wiki/The_Ballad_of_Buster_Scruggs,False,,,,
448,2018 (91st) [14],Can You Ever Forgive Me?,Nicole Holofcener & Jeff Whitty,The memoir by Lee Israel,/wiki/Can_You_Ever_Forgive_Me%3F,False,,,,
449,2018 (91st) [14],If Beale Street Could Talk,Barry Jenkins,The novel by James Baldwin,/wiki/If_Beale_Street_Could_Talk_(film),False,,,,
450,2018 (91st) [14],A Star Is Born,"Bradley Cooper, Will Fetters & Eric Roth","The 1954 film by Moss Hart, 1976 film by Joan Didion, John Gregory Dunne & Frank Pierson & 1937 film by Robert Carson & William A. Wellman",/wiki/A_Star_Is_Born_(2018_film),False,,,,
451,2019 (92nd) [15],Jojo Rabbit,Taika Waititi,The novel Caging Skies by Christine Leunens,/wiki/Jojo_Rabbit,True,,,,
452,2019 (92nd) [15],The Irishman,Steven Zaillian,"The memoir I Heard You Paint Houses: Frank ""The Irishman"" Sheeran and Closing the Case on Jimmy Hoffa by Charles Brandt",/wiki/The_Irishman,False,,,,
453,2019 (92nd) [15],Joker,Todd Phillips & Scott Silver,"The character from the comic books by Bill Finger, Bob Kane & Jerry Robinson",/wiki/Joker_(2019_film),False,,,,
454,2019 (92nd) [15],Little Women,Greta Gerwig,The novel by Louisa May Alcott,/wiki/Little_Women_(2019_film),False,,,,
455,2019 (92nd) [15],The Two Popes,Anthony McCarten,The play The Pope by McCarten,/wiki/The_Two_Popes,False,,,,
456,2020/21 (93rd) [16],The Father,Christopher Hampton & Florian Zeller,The play by Zeller,/wiki/The_Father_(2020_film),True,,,,
457,2020/21 (93rd) [16],Borat Subsequent Moviefilm,"Screenplay: Sacha Baron Cohen, Peter Baynham, Jena Friedman, Anthony Hines, Lee Kern, Dan Mazer, Erica Rivinoja & Dan Swimer; Story: Baron Cohen, Hines, Nina Pedrad & Swimer",The character Borat Sagdiyev from the television series Da Ali G Show by Baron Cohen,/wiki/Borat_Subsequent_Moviefilm,False,,,,
458,2020/21 (93rd) [16],Nomadland,Chloé Zhao,The book Nomadland: Surviving America in the Twenty-First Century by Jessica Bruder,/wiki/Nomadland,False,,,,
459,2020/21 (93rd) [16],One Night in Miami...,Kemp Powers,The play by Powers,/wiki/One_Night_in_Miami...,False,,,,
460,2020/21 (93rd) [16],The White Tiger,Ramin Bahrani,The novel by Arvind Adiga,/wiki/The_White_Tiger_(2021_film),False,,,,
461,2021 (94th) [17],CODA,Sian Heder,"The film La Famille Bélier by Victoria Bedos, Thomas Bidegain, Stanislas Carré de Malberg & Éric Lartigau",/wiki/CODA_(2021_film),True,,,,
462,2021 (94th) [17],Drive My Car,Ryusuke Hamaguchi & Takamasa Oe,The short story by Haruki Murakami,/wiki/Drive_My_Car_(film),False,,,,
463,2021 (94th) [17],Dune,"Eric Roth, Jon Spaihts & Denis Villeneuve",The novel by Frank Herbert,/wiki/Dune_(2021_film),False,,,,
464,2021 (94th) [17],The Lost Daughter,Maggie Gyllenhaal,The novel by Elena Ferrante,/wiki/The_Lost_Daughter_(film),False,,,,
465,2021 (94th) [17],The Power of the Dog,Jane Campion,The novel by Thomas Savage,/wiki/The_Power_of_the_Dog_(film),False,,,,
466,2022 (95th),Women Talking,Sarah Polley,The novel by Miriam Toews,/wiki/Women_Talking_(film),True,,,,
467,2022 (95th),All Quiet on the Western Front,"Edward Berger, Lesley Paterson & Ian Stokell",The novel by Erich Maria Remarque,/wiki/All_Quiet_on_the_Western_Front_(2022_film),False,,,,
468,2022 (95th),Glass Onion: A Knives Out Mystery,Rian Johnson,The character Benoit Blanc from the film Knives Out by Johnson,/wiki/Glass_Onion:_A_Knives_Out_Mystery,False,,,,
469,2022 (95th),Living,Kazuo Ishiguro,"The film Ikiru by Shinobu Hashimoto, Akira Kurosawa & Hideo Oguni",/wiki/Living_(2022_film),False,,,,
470,2022 (95th),Top Gun: Maverick,"Screenplay: Ehren Kruger, Christopher McQuarrie & Eric Warren Singer; Story: Peter Craig & Justin Marks",Characters from the film Top Gun by Jim Cash & Jack Epps Jr.,/wiki/Top_Gun:_Maverick,False,,,,
471,2023 (96th),American Fiction,Cord Jefferson,The novel Erasure by Percival Everett,/wiki/American_Fiction_(film),False,,,,
472,2023 (96th),Barbie,Noah Baumbach & Greta Gerwig,The characters created by Ruth Handler,/wiki/Barbie_(film),False,,,,
473,2023 (96th),Oppenheimer,Christopher Nolan,The book American Prometheus: The Triumph and Tragedy of J. Robert Oppenheimer by Kai Bird & Martin J. Sherwin,/wiki/Oppenheimer_(film),False,,,,
474,2023 (96th),Poor Things,Tony McNamara,"The novel Poor Things: Episodes from the Early Life of Archibald McCandless M.D., Scottish Public Health Officer by Alisdair Gray",/wiki/Poor_Things_(film),False,,,,
475,2023 (96th),The Zone of Interest,Jonathan Glazer,The novel by Martin Amis,/wiki/The_Zone_of_Interest_(film),False,,,,
476,,Call Me by Your Name,,,/wiki/Call_Me_by_Your_Name_(film),False,Oldest winner,James Ivory,89.0,[18]
477,,Call Me by Your Name,,,/wiki/Call_Me_by_Your_Name_(film),False,Oldest nominee,James Ivory,89.0,[19]
478,,BlacKkKlansman,,,/wiki/BlacKkKlansman,False,Youngest winner,Charlie Wachtel,32.0,[20]
479,,Skippy,,,/wiki/Skippy_(film),False,Youngest nominee,Joseph L. Mankiewicz,22.0,
