,Year,Actress,Role(s),Film,Ref.,FilmLink,Won,Record,Age (in years)
0,1936 (9th),Gale Sondergaard ‡,Faith Paleologus,Anthony Adverse,[9],/wiki/Anthony_Adverse,True,,
1,1936 (9th),Beulah Bondi,Rachel Jackson,The Gorgeous Hussy,[9],/wiki/The_Gorgeous_Hussy,False,,
2,1936 (9th),Alice Brady,Angelica Bullock,My Man Godfrey,[9],/wiki/My_Man_Godfrey,False,,
3,1936 (9th),Bonita Granville,Mary Tilford,These Three,[9],/wiki/These_Three,False,,
4,1936 (9th),Maria Ouspenskaya,Baroness Von Obersdorf,Dodsworth,[9],/wiki/Dodsworth_(film),False,,
5,1937 (10th),Alice Brady ‡,Molly O'Leary,In Old Chicago,[10],/wiki/In_Old_Chicago,True,,
6,1937 (10th),Andrea Leeds,Kay Hamilton,Stage Door,[10],/wiki/Stage_Door,False,,
7,1937 (10th),Anne Shirley,Laurel 'Lollie' Dallas,Stella Dallas,[10],/wiki/Stella_Dallas_(1937_film),False,,
8,1937 (10th),Claire Trevor,Francey,Dead End,[10],/wiki/Dead_End_(1937_film),False,,
9,1937 (10th),May Whitty,Mrs. Bramson,Night Must Fall,[10],/wiki/Night_Must_Fall_(1937_film),False,,
10,1938 (11th),Fay Bainter ‡,Aunt Belle Massey,Jezebel,[11],/wiki/Jezebel_(1938_film),True,,
11,1938 (11th),Beulah Bondi,Mary Wilkins,Of Human Hearts,[11],/wiki/Of_Human_Hearts,False,,
12,1938 (11th),Billie Burke,Emily Kilbourne,Merrily We Live,[11],/wiki/Merrily_We_Live,False,,
13,1938 (11th),Spring Byington,Penelope 'Penny' Sycamore,You Can't Take It with You,[11],/wiki/You_Can%27t_Take_It_with_You_(film),False,,
14,1938 (11th),Miliza Korjus,Carla Donner,The Great Waltz,[11],/wiki/The_Great_Waltz_(1938_film),False,,
15,1939 (12th),Hattie McDaniel ‡,'Mammy',Gone with the Wind,[12],/wiki/Gone_with_the_Wind_(film),True,,
16,1939 (12th),Olivia de Havilland,Melanie Hamilton,Gone with the Wind,[12],/wiki/Gone_with_the_Wind_(film),True,,
17,1939 (12th),Geraldine Fitzgerald,Isabella Linton,Wuthering Heights,[12],/wiki/Wuthering_Heights_(1939_film),False,,
18,1939 (12th),Edna May Oliver,Mrs. Sarah McKlennar,Drums Along the Mohawk,[12],/wiki/Drums_Along_the_Mohawk,False,,
19,1939 (12th),Maria Ouspenskaya,Grandmother Janou,Love Affair,[12],/wiki/Love_Affair_(1939_film),False,,
20,1940 (13th),Jane Darwell ‡,'Ma' Joad,The Grapes of Wrath,[13],/wiki/The_Grapes_of_Wrath_(film),True,,
21,1940 (13th),Judith Anderson,Mrs. Danvers,Rebecca,[13],/wiki/Rebecca_(1940_film),False,,
22,1940 (13th),Ruth Hussey,Elizabeth 'Liz' Imbrie,The Philadelphia Story,[13],/wiki/The_Philadelphia_Story_(film),False,,
23,1940 (13th),Barbara O'Neil,Duchess Françoise de Choiseul-Praslin,"All This, and Heaven Too",[13],"/wiki/All_This,_and_Heaven_Too",False,,
24,1940 (13th),Marjorie Rambeau,Mamie Adams,Primrose Path,[13],/wiki/Primrose_Path_(1940_film),False,,
25,1941 (14th),Mary Astor ‡,Sandra Kovak,The Great Lie,[14],/wiki/The_Great_Lie,True,,
26,1941 (14th),Sara Allgood,Beth Morgan,How Green Was My Valley,[14],/wiki/How_Green_Was_My_Valley_(film),False,,
27,1941 (14th),Patricia Collinge,Birdie Hubbard,The Little Foxes,[14],/wiki/The_Little_Foxes_(film),False,,
28,1941 (14th),Teresa Wright,Alexandra 'Zannie' Giddens,The Little Foxes,[14],/wiki/The_Little_Foxes_(film),False,,
29,1941 (14th),Margaret Wycherly,Mama Mary York,Sergeant York,[14],/wiki/Sergeant_York_(film),False,,
30,1942 (15th),Teresa Wright ‡,Carol Beldon,Mrs. Miniver,[15],/wiki/Mrs._Miniver,True,,
31,1942 (15th),Gladys Cooper,Mrs. Vale,"Now, Voyager",[15],"/wiki/Now,_Voyager",False,,
32,1942 (15th),Agnes Moorehead,Fanny Minafer,The Magnificent Ambersons,[15],/wiki/The_Magnificent_Ambersons_(film),False,,
33,1942 (15th),Susan Peters,Kitty Chilcet,Random Harvest,[15],/wiki/Random_Harvest_(film),False,,
34,1942 (15th),May Whitty,Lady Beldon,Mrs. Miniver,[15],/wiki/Mrs._Miniver,True,,
35,1943 (16th),Katina Paxinou ‡,Pilar,For Whom the Bell Tolls,[16],/wiki/For_Whom_the_Bell_Tolls_(film),True,,
36,1943 (16th),Gladys Cooper,Sister Marie-Thérèse Vauzou,The Song of Bernadette,[16],/wiki/The_Song_of_Bernadette_(film),False,,
37,1943 (16th),Paulette Goddard,Joan O'Doul,So Proudly We Hail!,[16],/wiki/So_Proudly_We_Hail!,False,,
38,1943 (16th),Anne Revere,Louise (Casteròt) Soubirous,The Song of Bernadette,[16],/wiki/The_Song_of_Bernadette_(film),False,,
39,1943 (16th),Lucile Watson,Fanny Farrelly,Watch on the Rhine,[16],/wiki/Watch_on_the_Rhine,False,,
40,1944 (17th),Ethel Barrymore ‡,'Ma' Mott,None but the Lonely Heart,[17],/wiki/None_but_the_Lonely_Heart_(film),True,,
41,1944 (17th),Jennifer Jones,Jane Deborah Hilton,Since You Went Away,[17],/wiki/Since_You_Went_Away,False,,
42,1944 (17th),Angela Lansbury,Nancy Oliver,Gaslight,[17],/wiki/Gaslight_(1944_film),False,,
43,1944 (17th),Aline MacMahon,Mrs. Tan,Dragon Seed,[17],/wiki/Dragon_Seed_(film),False,,
44,1944 (17th),Agnes Moorehead,Baroness Aspasia Conti,Mrs. Parkington,[17],/wiki/Mrs._Parkington,False,,
45,1945 (18th),Anne Revere ‡,Mrs. Araminty Brown,National Velvet,[18],/wiki/National_Velvet_(film),True,,
46,1945 (18th),Eve Arden,Ida Corwin,Mildred Pierce,[18],/wiki/Mildred_Pierce_(film),False,,
47,1945 (18th),Ann Blyth,Veda Pierce-Forrester,Mildred Pierce,[18],/wiki/Mildred_Pierce_(film),False,,
48,1945 (18th),Angela Lansbury,Sibyl Vane,The Picture of Dorian Gray,[18],/wiki/The_Picture_of_Dorian_Gray_(1945_film),False,,
49,1945 (18th),Joan Lorring,Bessie Watty,The Corn Is Green,[18],/wiki/The_Corn_Is_Green_(1945_film),False,,
50,1946 (19th),Anne Baxter ‡,Sophie MacDonald,The Razor's Edge,[19],/wiki/The_Razor%27s_Edge_(1946_film),True,,
51,1946 (19th),Ethel Barrymore,Mrs. Warren,The Spiral Staircase,[19],/wiki/The_Spiral_Staircase_(1946_film),False,,
52,1946 (19th),Lillian Gish,Laura Belle McCanles,Duel in the Sun,[19],/wiki/Duel_in_the_Sun_(film),False,,
53,1946 (19th),Flora Robson,Angelique Buiton,Saratoga Trunk,[19],/wiki/Saratoga_Trunk,False,,
54,1946 (19th),Gale Sondergaard,Lady Thiang,Anna and the King of Siam,[19],/wiki/Anna_and_the_King_of_Siam_(film),False,,
55,1947 (20th),Celeste Holm ‡,Anne Dettrey,Gentleman's Agreement,[20],/wiki/Gentleman%27s_Agreement,True,,
56,1947 (20th),Ethel Barrymore,Lady Sophie Horfield,The Paradine Case,[20],/wiki/The_Paradine_Case,False,,
57,1947 (20th),Gloria Grahame,Ginny Tremaine,Crossfire,[20],/wiki/Crossfire_(film),False,,
58,1947 (20th),Marjorie Main,Phoebe 'Ma' Kettle,The Egg and I,[20],/wiki/The_Egg_and_I_(film),False,,
59,1947 (20th),Anne Revere,Mrs. Green,Gentleman's Agreement,[20],/wiki/Gentleman%27s_Agreement,True,,
60,1948 (21st),Claire Trevor ‡,Gaye Dawn,Key Largo,[21],/wiki/Key_Largo_(film),True,,
61,1948 (21st),Barbara Bel Geddes,Katrin Hanson,I Remember Mama,[21],/wiki/I_Remember_Mama_(film),False,,
62,1948 (21st),Ellen Corby,Aunt Trina Thorkelson,I Remember Mama,[21],/wiki/I_Remember_Mama_(film),False,,
63,1948 (21st),Agnes Moorehead,Aggie MacDonald,Johnny Belinda,[21],/wiki/Johnny_Belinda_(1948_film),False,,
64,1948 (21st),Jean Simmons,Ophelia,Hamlet,[21],/wiki/Hamlet_(1948_film),False,,
65,1949 (22nd),Mercedes McCambridge ‡,Sadie Burke,All the King's Men,[22],/wiki/All_the_King%27s_Men_(1949_film),True,,
66,1949 (22nd),Ethel Barrymore,Miss Em,Pinky,[22],/wiki/Pinky_(film),False,,
67,1949 (22nd),Celeste Holm,Sister Scholastica,Come to the Stable,[22],/wiki/Come_to_the_Stable,False,,
68,1949 (22nd),Elsa Lanchester,Amelia Potts,Come to the Stable,[22],/wiki/Come_to_the_Stable,False,,
69,1949 (22nd),Ethel Waters,Dicey Johnson,Pinky,[22],/wiki/Pinky_(film),False,,
70,1950 (23rd),Josephine Hull ‡,Veta Louise Simmons,Harvey,[23],/wiki/Harvey_(1950_film),True,,
71,1950 (23rd),Hope Emerson,Evelyn Harper,Caged,[23],/wiki/Caged_(1950_film),False,,
72,1950 (23rd),Celeste Holm,Karen Richards,All About Eve,[23],/wiki/All_About_Eve,False,,
73,1950 (23rd),Nancy Olson,Betty Schaefer,Sunset Boulevard,[23],/wiki/Sunset_Boulevard_(film),False,,
74,1950 (23rd),Thelma Ritter,Birdie Coonan,All About Eve,[23],/wiki/All_About_Eve,False,,
75,1951 (24th),Kim Hunter ‡,Stella Kowalski,A Streetcar Named Desire,[24],/wiki/A_Streetcar_Named_Desire_(1951_film),True,,
76,1951 (24th),Joan Blondell,Annie Rawlins,The Blue Veil,[24],/wiki/The_Blue_Veil_(1951_film),False,,
77,1951 (24th),Mildred Dunnock,Linda Loman,Death of a Salesman,[24],/wiki/Death_of_a_Salesman_(1951_film),False,,
78,1951 (24th),Lee Grant,'Shoplifter',Detective Story,[24],/wiki/Detective_Story_(1951_film),False,,
79,1951 (24th),Thelma Ritter,Ellen McNulty,The Mating Season,[24],/wiki/The_Mating_Season_(film),False,,
80,1952 (25th),Gloria Grahame ‡,Rosemary Bartlow,The Bad and the Beautiful,[25],/wiki/The_Bad_and_the_Beautiful,True,,
81,1952 (25th),Jean Hagen,Lina Lamont,Singin' in the Rain,[25],/wiki/Singin%27_in_the_Rain,False,,
82,1952 (25th),Colette Marchand,Marie Charlet,Moulin Rouge,[25],/wiki/Moulin_Rouge_(1952_film),False,,
83,1952 (25th),Terry Moore,Marie Buckholder,"Come Back, Little Sheba",[25],"/wiki/Come_Back,_Little_Sheba_(1952_film)",False,,
84,1952 (25th),Thelma Ritter,Clancy,With a Song in My Heart,[25],/wiki/With_a_Song_in_My_Heart_(film),False,,
85,1953 (26th),Donna Reed ‡,Alma Burke / Lorene,From Here to Eternity,[26],/wiki/From_Here_to_Eternity,True,,
86,1953 (26th),Grace Kelly,Linda Nordley,Mogambo,[26],/wiki/Mogambo,False,,
87,1953 (26th),Geraldine Page,Angie Lowe,Hondo,[26],/wiki/Hondo_(film),False,,
88,1953 (26th),Marjorie Rambeau,Mrs. Stewart,Torch Song,[26],/wiki/Torch_Song_(1953_film),False,,
89,1953 (26th),Thelma Ritter,Moe Williams,Pickup on South Street,[26],/wiki/Pickup_on_South_Street,False,,
90,1954 (27th),Eva Marie Saint ‡,Edie Doyle,On the Waterfront,[27],/wiki/On_the_Waterfront,True,,
91,1954 (27th),Nina Foch,Erica Martin,Executive Suite,[27],/wiki/Executive_Suite,False,,
92,1954 (27th),Katy Jurado,Señora Devereaux,Broken Lance,[27],/wiki/Broken_Lance,False,,
93,1954 (27th),Jan Sterling,Sally McKee,The High and the Mighty,[27],/wiki/The_High_and_the_Mighty_(film),False,,
94,1954 (27th),Claire Trevor,May Holst,The High and the Mighty,[27],/wiki/The_High_and_the_Mighty_(film),False,,
95,1955 (28th),Jo Van Fleet ‡,Cathy Ames / Kate Trask (Albey),East of Eden,[28],/wiki/East_of_Eden_(film),True,,
96,1955 (28th),Betsy Blair,Clara Snyder,Marty,[28],/wiki/Marty_(film),False,,
97,1955 (28th),Peggy Lee,Rose Hopkins,Pete Kelly's Blues,[28],/wiki/Pete_Kelly%27s_Blues_(film),False,,
98,1955 (28th),Marisa Pavan,Rosa Delle Rose,The Rose Tattoo,[28],/wiki/The_Rose_Tattoo_(film),False,,
99,1955 (28th),Natalie Wood,Judy,Rebel Without a Cause,[28],/wiki/Rebel_Without_a_Cause,False,,
100,1956 (29th),Dorothy Malone ‡,Marylee Hadley,Written on the Wind,[29],/wiki/Written_on_the_Wind,True,,
101,1956 (29th),Mildred Dunnock,Aunt Rose Comfort,Baby Doll,[29],/wiki/Baby_Doll,False,,
102,1956 (29th),Eileen Heckart,Hortense Daigle,The Bad Seed,[29],/wiki/The_Bad_Seed_(1956_film),False,,
103,1956 (29th),Mercedes McCambridge,Luz Benedict,Giant,[29],/wiki/Giant_(1956_film),False,,
104,1956 (29th),Patty McCormack,Rhoda Penmark,The Bad Seed,[29],/wiki/The_Bad_Seed_(1956_film),False,,
105,1957 (30th),Miyoshi Umeki ‡,Katsumi Kelly,Sayonara,[30],/wiki/Sayonara,True,,
106,1957 (30th),Carolyn Jones,'The Existentialist',The Bachelor Party,[30],/wiki/The_Bachelor_Party,False,,
107,1957 (30th),Elsa Lanchester,Miss Plimsoll,Witness for the Prosecution,[30],/wiki/Witness_for_the_Prosecution_(1957_film),False,,
108,1957 (30th),Hope Lange,Selena Cross,Peyton Place,[30],/wiki/Peyton_Place_(film),False,,
109,1957 (30th),Diane Varsi,Allison MacKenzie,Peyton Place,[30],/wiki/Peyton_Place_(film),False,,
110,1958 (31st),Wendy Hiller ‡,Miss Pat Cooper,Separate Tables,[31],/wiki/Separate_Tables_(film),True,,
111,1958 (31st),Peggy Cass,Agnes Gooch,Auntie Mame,[31],/wiki/Auntie_Mame_(film),False,,
112,1958 (31st),Martha Hyer,Gwen French,Some Came Running,[31],/wiki/Some_Came_Running_(film),False,,
113,1958 (31st),Maureen Stapleton,Fay Doyle,Lonelyhearts,[31],/wiki/Lonelyhearts,False,,
114,1958 (31st),Cara Williams,Billy's Mother,The Defiant Ones,[31],/wiki/The_Defiant_Ones,False,,
115,1959 (32nd),Shelley Winters ‡,Petronella van Daan,The Diary of Anne Frank,[32],/wiki/The_Diary_of_Anne_Frank_(1959_film),True,,
116,1959 (32nd),Hermione Baddeley,Elspeth,Room at the Top,[32],/wiki/Room_at_the_Top_(1959_film),False,,
117,1959 (32nd),Susan Kohner,Sarah Jane Johnson,Imitation of Life,[32],/wiki/Imitation_of_Life_(1959_film),False,,
118,1959 (32nd),Juanita Moore,Annie Johnson,Imitation of Life,[32],/wiki/Imitation_of_Life_(1959_film),False,,
119,1959 (32nd),Thelma Ritter,Alma,Pillow Talk,[32],/wiki/Pillow_Talk_(film),False,,
120,1960 (33rd),Shirley Jones ‡,Lulu Bains,Elmer Gantry,[33],/wiki/Elmer_Gantry_(film),True,,
121,1960 (33rd),Glynis Johns,Mrs. Firth,The Sundowners,[33],/wiki/The_Sundowners_(1960_film),False,,
122,1960 (33rd),Shirley Knight,Reenie Flood,The Dark at the Top of the Stairs,[33],/wiki/The_Dark_at_the_Top_of_the_Stairs_(film),False,,
123,1960 (33rd),Janet Leigh,Marion Crane,Psycho,[33],/wiki/Psycho_(1960_film),False,,
124,1960 (33rd),Mary Ure,Clara Dawes,Sons and Lovers,[33],/wiki/Sons_and_Lovers_(film),False,,
125,1961 (34th),Rita Moreno ‡,Anita,West Side Story,[34],/wiki/West_Side_Story_(1961_film),True,,
126,1961 (34th),Fay Bainter,Mrs. Amelia Tilford,The Children's Hour,[34],/wiki/The_Children%27s_Hour_(film),False,,
127,1961 (34th),Judy Garland,Irene Hoffmann-Wallner,Judgment at Nuremberg,[34],/wiki/Judgment_at_Nuremberg,False,,
128,1961 (34th),Lotte Lenya,Contessa Magda Terribili-Gonzales,The Roman Spring of Mrs. Stone,[34],/wiki/The_Roman_Spring_of_Mrs._Stone,False,,
129,1961 (34th),Una Merkel,Mrs. Winemiller,Summer and Smoke,[34],/wiki/Summer_and_Smoke_(film),False,,
130,1962 (35th),Patty Duke ‡,Helen Keller,The Miracle Worker,[35],/wiki/The_Miracle_Worker_(1962_film),True,,
131,1962 (35th),Mary Badham,Jean Louise 'Scout' Finch,To Kill a Mockingbird,[35],/wiki/To_Kill_a_Mockingbird_(film),False,,
132,1962 (35th),Shirley Knight,Heavenly Finley,Sweet Bird of Youth,[35],/wiki/Sweet_Bird_of_Youth_(1962_film),False,,
133,1962 (35th),Angela Lansbury,Eleanor Iselin,The Manchurian Candidate,[35],/wiki/The_Manchurian_Candidate_(1962_film),False,,
134,1962 (35th),Thelma Ritter,Elizabeth (McCartney) Stroud,Birdman of Alcatraz,[35],/wiki/Birdman_of_Alcatraz_(film),False,,
135,1963 (36th),Margaret Rutherford ‡,The Duchess of Brighton,The V.I.P.s,[36],/wiki/The_V.I.P.s_(film),True,,
136,1963 (36th),Diane Cilento,Molly Seagrim,Tom Jones,[36],/wiki/Tom_Jones_(1963_film),False,,
137,1963 (36th),Edith Evans,Miss Western,Tom Jones,[36],/wiki/Tom_Jones_(1963_film),False,,
138,1963 (36th),Joyce Redman,Mrs. Waters / Jenny Jones,Tom Jones,[36],/wiki/Tom_Jones_(1963_film),False,,
139,1963 (36th),Lilia Skala,Mother Maria Marthe,Lilies of the Field,[36],/wiki/Lilies_of_the_Field_(1963_film),False,,
140,1964 (37th),Lila Kedrova ‡,Madame Hortense,Zorba the Greek,[37],/wiki/Zorba_the_Greek_(film),True,,
141,1964 (37th),Gladys Cooper,Mrs. Higgins,My Fair Lady,[37],/wiki/My_Fair_Lady_(film),False,,
142,1964 (37th),Edith Evans,Mrs. St. Maugham,The Chalk Garden,[37],/wiki/The_Chalk_Garden_(film),False,,
143,1964 (37th),Grayson Hall,Judith Fellowes,The Night of the Iguana,[37],/wiki/The_Night_of_the_Iguana_(film),False,,
144,1964 (37th),Agnes Moorehead,Velma Cruther,"Hush...Hush, Sweet Charlotte",[37],"/wiki/Hush...Hush,_Sweet_Charlotte",False,,
145,1965 (38th),Shelley Winters ‡,Rose-Ann D'Arcey,A Patch of Blue,[38],/wiki/A_Patch_of_Blue,True,,
146,1965 (38th),Ruth Gordon,Lucile Clover – 'The Dealer',Inside Daisy Clover,[38],/wiki/Inside_Daisy_Clover,False,,
147,1965 (38th),Joyce Redman,Emilia,Othello,[38],/wiki/Othello_(1965_British_film),False,,
148,1965 (38th),Maggie Smith,Desdemona,Othello,[38],/wiki/Othello_(1965_British_film),False,,
149,1965 (38th),Peggy Wood,The Mother Abbess,The Sound of Music,[38],/wiki/The_Sound_of_Music_(film),False,,
150,1966 (39th),Sandy Dennis ‡,Honey,Who's Afraid of Virginia Woolf?,[39],/wiki/Who%27s_Afraid_of_Virginia_Woolf%3F_(film),True,,
151,1966 (39th),Wendy Hiller,Dame Alice More,A Man for All Seasons,[39],/wiki/A_Man_for_All_Seasons_(1966_film),False,,
152,1966 (39th),Jocelyne LaGarde,"Ali'i Nui, Malama Kanakoa",Hawaii,[39],/wiki/Hawaii_(1966_film),False,,
153,1966 (39th),Vivien Merchant,Lily Clamacraft,Alfie,[39],/wiki/Alfie_(1966_film),False,,
154,1966 (39th),Geraldine Page,Margery Chanticleer,You're a Big Boy Now,[39],/wiki/You%27re_a_Big_Boy_Now,False,,
155,1967 (40th),Estelle Parsons ‡,Blanche Barrow,Bonnie and Clyde,[40],/wiki/Bonnie_and_Clyde_(film),True,,
156,1967 (40th),Carol Channing,Muzzy Van Hossmere,Thoroughly Modern Millie,[40],/wiki/Thoroughly_Modern_Millie,False,,
157,1967 (40th),Mildred Natwick,Ethel Banks,Barefoot in the Park,[40],/wiki/Barefoot_in_the_Park_(film),False,,
158,1967 (40th),Beah Richards,Mary Prentice,Guess Who's Coming to Dinner,[40],/wiki/Guess_Who%27s_Coming_to_Dinner,False,,
159,1967 (40th),Katharine Ross,Elaine Robinson,The Graduate,[40],/wiki/The_Graduate,False,,
160,1968 (41st),Ruth Gordon ‡,Minnie Castevet,Rosemary's Baby,[41],/wiki/Rosemary%27s_Baby_(film),True,,
161,1968 (41st),Lynn Carlin,Maria Forst,Faces,[41],/wiki/Faces_(1968_film),False,,
162,1968 (41st),Sondra Locke,Margaret 'Mick' Kelly,The Heart Is a Lonely Hunter,[41],/wiki/The_Heart_Is_a_Lonely_Hunter_(film),False,,
163,1968 (41st),Kay Medford,Rose Brice,Funny Girl,[41],/wiki/Funny_Girl_(film),False,,
164,1968 (41st),Estelle Parsons,Calla Mackie,"Rachel, Rachel",[41],"/wiki/Rachel,_Rachel",False,,
165,1969 (42nd),Goldie Hawn ‡,Toni Simmons,Cactus Flower,[42],/wiki/Cactus_Flower_(film),True,,
166,1969 (42nd),Catherine Burns,Rhoda,Last Summer,[42],/wiki/Last_Summer_(1969_film),False,,
167,1969 (42nd),Dyan Cannon,Alice Henderson,Bob & Carol & Ted & Alice,[42],/wiki/Bob_%26_Carol_%26_Ted_%26_Alice,False,,
168,1969 (42nd),Sylvia Miles,Cass,Midnight Cowboy,[42],/wiki/Midnight_Cowboy,False,,
169,1969 (42nd),Susannah York,Alice LeBlanc,"They Shoot Horses, Don't They?",[42],"/wiki/They_Shoot_Horses,_Don%27t_They%3F_(film)",False,,
170,1970 (43rd),Helen Hayes ‡,Ada Quonsett,Airport,[43],/wiki/Airport_(1970_film),True,,
171,1970 (43rd),Karen Black,Rayette Dipesto,Five Easy Pieces,[43],/wiki/Five_Easy_Pieces,False,,
172,1970 (43rd),Lee Grant,Joyce Enders,The Landlord,[43],/wiki/The_Landlord,False,,
173,1970 (43rd),Sally Kellerman,Major Margaret 'Hot Lips' Houlihan,M*A*S*H,[43],/wiki/M*A*S*H_(film),False,,
174,1970 (43rd),Maureen Stapleton,Inez Guerrero,Airport,[43],/wiki/Airport_(1970_film),True,,
175,1971 (44th),Cloris Leachman ‡,Ruth Popper,The Last Picture Show,[44],/wiki/The_Last_Picture_Show,True,,
176,1971 (44th),Ann-Margret,Bobbie,Carnal Knowledge,[44],/wiki/Carnal_Knowledge_(film),False,,
177,1971 (44th),Ellen Burstyn,Lois Farrow,The Last Picture Show,[44],/wiki/The_Last_Picture_Show,True,,
178,1971 (44th),Barbara Harris,Allison Densmore,Who Is Harry Kellerman and Why Is He Saying Those Terrible Things About Me?,[44],/wiki/Who_Is_Harry_Kellerman_and_Why_Is_He_Saying_Those_Terrible_Things_About_Me%3F,False,,
179,1971 (44th),Margaret Leighton,Mrs. Madeleine Maudsley,The Go-Between,[44],/wiki/The_Go-Between_(1971_film),False,,
180,1972 (45th),Eileen Heckart ‡,Mrs. Baker,Butterflies Are Free,[45],/wiki/Butterflies_Are_Free,True,,
181,1972 (45th),Jeannie Berlin,Lila Kolodny,The Heartbreak Kid,[45],/wiki/The_Heartbreak_Kid_(1972_film),False,,
182,1972 (45th),Geraldine Page,Gertrude Wilson,Pete 'n' Tillie,[45],/wiki/Pete_%27n%27_Tillie,False,,
183,1972 (45th),Susan Tyrrell,Oma Lee Greer,Fat City,[45],/wiki/Fat_City_(film),False,,
184,1972 (45th),Shelley Winters,Belle Rosen,The Poseidon Adventure,[45],/wiki/The_Poseidon_Adventure_(1972_film),False,,
185,1973 (46th),Tatum O'Neal ‡,Addie Loggins,Paper Moon,[46],/wiki/Paper_Moon_(film),True,,
186,1973 (46th),Linda Blair,Regan MacNeil,The Exorcist,[46],/wiki/The_Exorcist,False,,
187,1973 (46th),Candy Clark,Debbie Dunham,American Graffiti,[46],/wiki/American_Graffiti,False,,
188,1973 (46th),Madeline Kahn,Trixie Delight,Paper Moon,[46],/wiki/Paper_Moon_(film),True,,
189,1973 (46th),Sylvia Sidney,Mrs. Pritchett,"Summer Wishes, Winter Dreams",[46],"/wiki/Summer_Wishes,_Winter_Dreams",False,,
190,1974 (47th),Ingrid Bergman ‡,Greta Ohlsson,Murder on the Orient Express,[47],/wiki/Murder_on_the_Orient_Express_(1974_film),True,,
191,1974 (47th),Valentina Cortese,Séverine,Day for Night,[47],/wiki/Day_for_Night_(film),False,,
192,1974 (47th),Madeline Kahn,Lili von Shtüpp,Blazing Saddles,[47],/wiki/Blazing_Saddles,False,,
193,1974 (47th),Diane Ladd,Florence Jean 'Flo' Castleberry,Alice Doesn't Live Here Anymore,[47],/wiki/Alice_Doesn%27t_Live_Here_Anymore,False,,
194,1974 (47th),Talia Shire,Connie Corleone,The Godfather Part II,[47],/wiki/The_Godfather_Part_II,False,,
195,1975 (48th),Lee Grant ‡,Felicia Karpf,Shampoo,[48],/wiki/Shampoo_(film),True,,
196,1975 (48th),Ronee Blakley,Barbara Jean,Nashville,[48],/wiki/Nashville_(film),False,,
197,1975 (48th),Sylvia Miles,Jessie Halstead Florian,"Farewell, My Lovely",[48],"/wiki/Farewell,_My_Lovely_(1975_film)",False,,
198,1975 (48th),Lily Tomlin,Linnea Reese,Nashville,[48],/wiki/Nashville_(film),False,,
199,1975 (48th),Brenda Vaccaro,Linda Riggs,Once Is Not Enough,[48],/wiki/Once_Is_Not_Enough_(film),False,,
200,1976 (49th),Beatrice Straight ‡,Louise Schumacher,Network,[49],/wiki/Network_(1976_film),True,,
201,1976 (49th),Jane Alexander,Judy Hoback – 'The Bookkeeper',All the President's Men,[49],/wiki/All_the_President%27s_Men_(film),False,,
202,1976 (49th),Jodie Foster,Iris 'Easy' Steensma,Taxi Driver,[49],/wiki/Taxi_Driver,False,,
203,1976 (49th),Lee Grant,Lili Rosen,Voyage of the Damned,[49],/wiki/Voyage_of_the_Damned,False,,
204,1976 (49th),Piper Laurie,Margaret White,Carrie,[49],/wiki/Carrie_(1976_film),False,,
205,1977 (50th),Vanessa Redgrave ‡,Julia,Julia,[50],/wiki/Julia_(1977_film),True,,
206,1977 (50th),Leslie Browne,Emilia Rodgers,The Turning Point,[50],/wiki/The_Turning_Point_(1977_film),False,,
207,1977 (50th),Quinn Cummings,Lucy McFadden,The Goodbye Girl,[50],/wiki/The_Goodbye_Girl,False,,
208,1977 (50th),Melinda Dillon,Jillian Guiler,Close Encounters of the Third Kind,[50],/wiki/Close_Encounters_of_the_Third_Kind,False,,
209,1977 (50th),Tuesday Weld,Katherine Dunn,Looking for Mr. Goodbar,[50],/wiki/Looking_for_Mr._Goodbar_(film),False,,
210,1978 (51st),Maggie Smith ‡,Diana Barrie,California Suite,[51],/wiki/California_Suite_(film),True,,
211,1978 (51st),Dyan Cannon,Julia Farnsworth,Heaven Can Wait,[51],/wiki/Heaven_Can_Wait_(1978_film),False,,
212,1978 (51st),Penelope Milford,Vi Munson,Coming Home,[51],/wiki/Coming_Home_(1978_film),False,,
213,1978 (51st),Maureen Stapleton,Pearl,Interiors,[51],/wiki/Interiors,False,,
214,1978 (51st),Meryl Streep,Linda,The Deer Hunter,[51],/wiki/The_Deer_Hunter,False,,
215,1979 (52nd),Meryl Streep ‡,Joanna (Stern) Kramer,Kramer vs. Kramer,[52],/wiki/Kramer_vs._Kramer,True,,
216,1979 (52nd),Jane Alexander,Margaret Phelps,Kramer vs. Kramer,[52],/wiki/Kramer_vs._Kramer,True,,
217,1979 (52nd),Barbara Barrie,Evelyn Stohler,Breaking Away,[52],/wiki/Breaking_Away,False,,
218,1979 (52nd),Candice Bergen,Jessica Potter,Starting Over,[52],/wiki/Starting_Over_(1979_film),False,,
219,1979 (52nd),Mariel Hemingway,Tracy,Manhattan,[52],/wiki/Manhattan_(1979_film),False,,
220,1980 (53rd),Mary Steenburgen ‡,Lynda West-Dummar,Melvin and Howard,[53],/wiki/Melvin_and_Howard,True,,
221,1980 (53rd),Eileen Brennan,Capt. Doreen Lewis,Private Benjamin,[53],/wiki/Private_Benjamin_(1980_film),False,,
222,1980 (53rd),Eva Le Gallienne,Pearl Harper,Resurrection,[53],/wiki/Resurrection_(1980_film),False,,
223,1980 (53rd),Cathy Moriarty,Vikki LaMotta,Raging Bull,[53],/wiki/Raging_Bull,False,,
224,1980 (53rd),Diana Scarwid,Louise,Inside Moves,[53],/wiki/Inside_Moves,False,,
225,1981 (54th),Maureen Stapleton ‡,Emma Goldman,Reds,[54],/wiki/Reds_(film),True,,
226,1981 (54th),Melinda Dillon,Teresa Perrone,Absence of Malice,[54],/wiki/Absence_of_Malice,False,,
227,1981 (54th),Jane Fonda,Chelsea Thayer-Wayne,On Golden Pond,[54],/wiki/On_Golden_Pond_(1981_film),False,,
228,1981 (54th),Joan Hackett,Toby Landau,Only When I Laugh,[54],/wiki/Only_When_I_Laugh_(film),False,,
229,1981 (54th),Elizabeth McGovern,Evelyn Nesbit,Ragtime,[54],/wiki/Ragtime_(film),False,,
230,1982 (55th),Jessica Lange ‡,Julie Nichols,Tootsie,[55],/wiki/Tootsie,True,,
231,1982 (55th),Glenn Close,Jenny Fields,The World According to Garp,[55],/wiki/The_World_According_to_Garp_(film),False,,
232,1982 (55th),Teri Garr,Sandy Lester,Tootsie,[55],/wiki/Tootsie,True,,
233,1982 (55th),Kim Stanley,Lillian Farmer,Frances,[55],/wiki/Frances_(film),False,,
234,1982 (55th),Lesley Ann Warren,Norma Cassidy,Victor/Victoria,[55],/wiki/Victor/Victoria,False,,
235,1983 (56th),Linda Hunt ‡,Billy Kwan,The Year of Living Dangerously,[56],/wiki/The_Year_of_Living_Dangerously_(film),True,,
236,1983 (56th),Cher,Dolly Pelliker,Silkwood,[56],/wiki/Silkwood,False,,
237,1983 (56th),Glenn Close,Dr. Sarah Cooper,The Big Chill,[56],/wiki/The_Big_Chill_(film),False,,
238,1983 (56th),Amy Irving,Hadass Vishkower,Yentl,[56],/wiki/Yentl_(film),False,,
239,1983 (56th),Alfre Woodard,Beatrice 'GeeChee',Cross Creek,[56],/wiki/Cross_Creek_(film),False,,
240,1984 (57th),Peggy Ashcroft ‡,Mrs. Moore,A Passage to India,[57],/wiki/A_Passage_to_India_(film),True,,
241,1984 (57th),Glenn Close,Iris Gaines,The Natural,[57],/wiki/The_Natural_(film),False,,
242,1984 (57th),Lindsay Crouse,Margaret Lomax,Places in the Heart,[57],/wiki/Places_in_the_Heart,False,,
243,1984 (57th),Christine Lahti,Hazel Zanussi,Swing Shift,[57],/wiki/Swing_Shift_(film),False,,
244,1984 (57th),Geraldine Page,Mrs. Ritter,The Pope of Greenwich Village,[57],/wiki/The_Pope_of_Greenwich_Village,False,,
245,1985 (58th),Anjelica Huston ‡,MaeRose Prizzi,Prizzi's Honor,[58],/wiki/Prizzi%27s_Honor,True,,
246,1985 (58th),Margaret Avery,'Shug' Avery,The Color Purple,[58],/wiki/The_Color_Purple_(1985_film),False,,
247,1985 (58th),Amy Madigan,Sunny Mackenzie-Sobel,Twice in a Lifetime,[58],/wiki/Twice_in_a_Lifetime_(film),False,,
248,1985 (58th),Meg Tilly,Sister Agnes Devereaux,Agnes of God,[58],/wiki/Agnes_of_God_(film),False,,
249,1985 (58th),Oprah Winfrey,Sofia Johnson,The Color Purple,[58],/wiki/The_Color_Purple_(1985_film),False,,
250,1986 (59th),Dianne Wiest ‡,Holly,Hannah and Her Sisters,[59],/wiki/Hannah_and_Her_Sisters,True,,
251,1986 (59th),Tess Harper,Chick Boyle,Crimes of the Heart,[59],/wiki/Crimes_of_the_Heart_(film),False,,
252,1986 (59th),Piper Laurie,Mrs. Norman,Children of a Lesser God,[59],/wiki/Children_of_a_Lesser_God_(film),False,,
253,1986 (59th),Mary Elizabeth Mastrantonio,Carmen,The Color of Money,[59],/wiki/The_Color_of_Money,False,,
254,1986 (59th),Maggie Smith,Charlotte Bartlett,A Room with a View,[59],/wiki/A_Room_with_a_View_(1985_film),False,,
255,1987 (60th),Olympia Dukakis ‡,Rose Castorini,Moonstruck,[60],/wiki/Moonstruck,True,,
256,1987 (60th),Norma Aleandro,Florencia Sánchez Morales,Gaby: A True Story,[60],/wiki/Gaby:_A_True_Story,False,,
257,1987 (60th),Anne Archer,Beth Gallagher,Fatal Attraction,[60],/wiki/Fatal_Attraction,False,,
258,1987 (60th),Anne Ramsey,'Momma' Lift,Throw Momma from the Train,[60],/wiki/Throw_Momma_from_the_Train,False,,
259,1987 (60th),Ann Sothern,Letitia 'Tisha' Benson-Doughty,The Whales of August,[60],/wiki/The_Whales_of_August,False,,
260,1988 (61st),Geena Davis ‡,Muriel Pritchett,The Accidental Tourist,[61],/wiki/The_Accidental_Tourist_(film),True,,
261,1988 (61st),Joan Cusack,'Cyn',Working Girl,[61],/wiki/Working_Girl,False,,
262,1988 (61st),Frances McDormand,Mrs. Pell,Mississippi Burning,[61],/wiki/Mississippi_Burning,False,,
263,1988 (61st),Michelle Pfeiffer,Madame Marie de Tourvel,Dangerous Liaisons,[61],/wiki/Dangerous_Liaisons,False,,
264,1988 (61st),Sigourney Weaver,Katharine Parker,Working Girl,[61],/wiki/Working_Girl,False,,
265,1989 (62nd),Brenda Fricker ‡,Bridget Fagan Brown,My Left Foot,[62],/wiki/My_Left_Foot,True,,
266,1989 (62nd),Anjelica Huston,Tamara Luria-Broder,"Enemies, A Love Story",[62],"/wiki/Enemies,_A_Love_Story_(film)",False,,
267,1989 (62nd),Lena Olin,Masha Bloch-Tortshiner,"Enemies, A Love Story",[62],"/wiki/Enemies,_A_Love_Story_(film)",False,,
268,1989 (62nd),Julia Roberts,Shelby Eatenton-Latcherie,Steel Magnolias,[62],/wiki/Steel_Magnolias,False,,
269,1989 (62nd),Dianne Wiest,Helen Buckman,Parenthood,[62],/wiki/Parenthood_(film),False,,
270,1990 (63rd),Whoopi Goldberg ‡,Oda Mae Brown,Ghost,[63],/wiki/Ghost_(1990_film),True,,
271,1990 (63rd),Annette Bening,Myra Langtry,The Grifters,[63],/wiki/The_Grifters_(film),False,,
272,1990 (63rd),Lorraine Bracco,Karen Hill,GoodFellas,[63],/wiki/Goodfellas,False,,
273,1990 (63rd),Diane Ladd,Marietta Fortune,Wild at Heart,[63],/wiki/Wild_at_Heart_(film),False,,
274,1990 (63rd),Mary McDonnell,Stands With A Fist,Dances with Wolves,[63],/wiki/Dances_with_Wolves,False,,
275,1991 (64th),Mercedes Ruehl ‡,Anne Napolitano,The Fisher King,[64],/wiki/The_Fisher_King,True,,
276,1991 (64th),Diane Ladd,Mrs. Hillyer,Rambling Rose,[64],/wiki/Rambling_Rose_(film),False,,
277,1991 (64th),Juliette Lewis,Danielle Bowden,Cape Fear,[64],/wiki/Cape_Fear_(1991_film),False,,
278,1991 (64th),Kate Nelligan,Lila Wingo-Newbury,The Prince of Tides,[64],/wiki/The_Prince_of_Tides,False,,
279,1991 (64th),Jessica Tandy,Virginia 'Ninny' Threadgoode,Fried Green Tomatoes,[64],/wiki/Fried_Green_Tomatoes,False,,
280,1992 (65th),Marisa Tomei ‡,Mona Lisa Vito,My Cousin Vinny,[65],/wiki/My_Cousin_Vinny,True,,
281,1992 (65th),Judy Davis,Sally Simmons,Husbands and Wives,[65],/wiki/Husbands_and_Wives,False,,
282,1992 (65th),Joan Plowright,Mrs. Fisher,Enchanted April,[65],/wiki/Enchanted_April_(1991_film),False,,
283,1992 (65th),Vanessa Redgrave,Mrs. Ruth Wilcox,Howards End,[65],/wiki/Howards_End_(film),False,,
284,1992 (65th),Miranda Richardson,Ingrid Thompson-Fleming,Damage,[65],/wiki/Damage_(1992_film),False,,
285,1993 (66th),Anna Paquin ‡,Flora McGrath,The Piano,[66],/wiki/The_Piano,True,,
286,1993 (66th),Holly Hunter,Tammy Hemphill,The Firm,[66],/wiki/The_Firm_(1993_film),False,,
287,1993 (66th),Rosie Perez,Carla Rodrigo,Fearless,[66],/wiki/Fearless_(1993_film),False,,
288,1993 (66th),Winona Ryder,May Welland-Archer,The Age of Innocence,[66],/wiki/The_Age_of_Innocence_(1993_film),False,,
289,1993 (66th),Emma Thompson,Gareth Peirce,In the Name of the Father,[66],/wiki/In_the_Name_of_the_Father_(film),False,,
290,1994 (67th),Dianne Wiest ‡,Helen Sinclair,Bullets Over Broadway,[67],/wiki/Bullets_Over_Broadway,True,,
291,1994 (67th),Rosemary Harris,Rose Esther Haigh-Wood,Tom & Viv,[67],/wiki/Tom_%26_Viv,False,,
292,1994 (67th),Helen Mirren,Queen Charlotte of Hanover,The Madness of King George,[67],/wiki/The_Madness_of_King_George,False,,
293,1994 (67th),Uma Thurman,Mia Wallace,Pulp Fiction,[67],/wiki/Pulp_Fiction,False,,
294,1994 (67th),Jennifer Tilly,Olive Neal,Bullets Over Broadway,[67],/wiki/Bullets_Over_Broadway,True,,
295,1995 (68th),Mira Sorvino ‡,Leslie Ash / Linda,Mighty Aphrodite,[68],/wiki/Mighty_Aphrodite,True,,
296,1995 (68th),Joan Allen,First Lady Thelma 'Pat' Nixon,Nixon,[68],/wiki/Nixon_(film),False,,
297,1995 (68th),Kathleen Quinlan,Marilyn Lovell,Apollo 13,[68],/wiki/Apollo_13_(film),False,,
298,1995 (68th),Mare Winningham,Georgia Flood,Georgia,[68],/wiki/Georgia_(1995_film),False,,
299,1995 (68th),Kate Winslet,Marianne Dashwood,Sense and Sensibility,[68],/wiki/Sense_and_Sensibility_(film),False,,
300,1996 (69th),Juliette Binoche ‡,Hana,The English Patient,[69],/wiki/The_English_Patient_(film),True,,
301,1996 (69th),Joan Allen,Elizabeth Proctor,The Crucible,[69],/wiki/The_Crucible_(1996_film),False,,
302,1996 (69th),Lauren Bacall,Hannah Morgan,The Mirror Has Two Faces,[69],/wiki/The_Mirror_Has_Two_Faces,False,,
303,1996 (69th),Barbara Hershey,Madame Serena Merle,The Portrait of a Lady,[69],/wiki/The_Portrait_of_a_Lady_(film),False,,
304,1996 (69th),Marianne Jean-Baptiste,Hortense Cumberbatch,Secrets & Lies,[69],/wiki/Secrets_%26_Lies_(film),False,,
305,1997 (70th),Kim Basinger ‡,Lynn Bracken,L.A. Confidential,[70],/wiki/L.A._Confidential_(film),True,,
306,1997 (70th),Joan Cusack,Emily Montgomery,In & Out,[70],/wiki/In_%26_Out_(film),False,,
307,1997 (70th),Minnie Driver,Skylar,Good Will Hunting,[70],/wiki/Good_Will_Hunting,False,,
308,1997 (70th),Julianne Moore,Maggie / Amber Waves,Boogie Nights,[70],/wiki/Boogie_Nights,False,,
309,1997 (70th),Gloria Stuart,Rose Dawson-Calvert,Titanic,[70],/wiki/Titanic_(1997_film),False,,
310,1998 (71st),Judi Dench ‡,Queen Elizabeth I,Shakespeare in Love,[71],/wiki/Shakespeare_in_Love,True,,
311,1998 (71st),Kathy Bates,Libby Holden,Primary Colors,[71],/wiki/Primary_Colors_(film),False,,
312,1998 (71st),Brenda Blethyn,Mari Hoff,Little Voice,[71],/wiki/Little_Voice_(film),False,,
313,1998 (71st),Rachel Griffiths,Hilary du Pré,Hilary and Jackie,[71],/wiki/Hilary_and_Jackie,False,,
314,1998 (71st),Lynn Redgrave,Hanna,Gods and Monsters,[71],/wiki/Gods_and_Monsters_(film),False,,
315,1999 (72nd),Angelina Jolie ‡,Lisa Rowe,"Girl, Interrupted",[72],"/wiki/Girl,_Interrupted_(film)",True,,
316,1999 (72nd),Toni Collette,Lynn Sear,The Sixth Sense,[72],/wiki/The_Sixth_Sense,False,,
317,1999 (72nd),Catherine Keener,Maxine Lund,Being John Malkovich,[72],/wiki/Being_John_Malkovich,False,,
318,1999 (72nd),Samantha Morton,Hattie,Sweet and Lowdown,[72],/wiki/Sweet_and_Lowdown,False,,
319,1999 (72nd),Chloë Sevigny,Lana Tisdel,Boys Don't Cry,[72],/wiki/Boys_Don%27t_Cry_(1999_film),False,,
320,2000 (73rd),Marcia Gay Harden ‡,Lee Krasner,Pollock,[73],/wiki/Pollock_(film),True,,
321,2000 (73rd),Judi Dench,Armande Voizin,Chocolat,[73],/wiki/Chocolat_(2000_film),False,,
322,2000 (73rd),Kate Hudson,Penny Lane,Almost Famous,[73],/wiki/Almost_Famous,False,,
323,2000 (73rd),Frances McDormand,Elaine Miller,Almost Famous,[73],/wiki/Almost_Famous,False,,
324,2000 (73rd),Julie Walters,Sandra Wilkinson,Billy Elliot,[73],/wiki/Billy_Elliot,False,,
325,2001 (74th),Jennifer Connelly ‡,Alicia (Lardé) Nash,A Beautiful Mind,[74],/wiki/A_Beautiful_Mind_(film),True,,
326,2001 (74th),Helen Mirren,Mrs. Wilson,Gosford Park,[74],/wiki/Gosford_Park,False,,
327,2001 (74th),Maggie Smith,Dowager Countess Constance Trentham,Gosford Park,[74],/wiki/Gosford_Park,False,,
328,2001 (74th),Marisa Tomei,Natalie Strout,In the Bedroom,[74],/wiki/In_the_Bedroom,False,,
329,2001 (74th),Kate Winslet,Iris Murdoch,Iris,[74],/wiki/Iris_(2001_film),False,,
330,2002 (75th),Catherine Zeta-Jones ‡,Velma Kelly,Chicago,[75],/wiki/Chicago_(2002_film),True,,
331,2002 (75th),Kathy Bates,Roberta Hertzel,About Schmidt,[75],/wiki/About_Schmidt,False,,
332,2002 (75th),Julianne Moore,Laura Brown,The Hours,[75],/wiki/The_Hours_(film),False,,
333,2002 (75th),Queen Latifah,Matron 'Mama' Morton,Chicago,[75],/wiki/Chicago_(2002_film),True,,
334,2002 (75th),Meryl Streep,Susan Orlean,Adaptation.,[75],/wiki/Adaptation_(film),False,,
335,2003 (76th),Renée Zellweger ‡,Ruby Thewes,Cold Mountain,[76],/wiki/Cold_Mountain_(film),True,,
336,2003 (76th),Shohreh Aghdashloo,Nadereh Behrani,House of Sand and Fog,[76],/wiki/House_of_Sand_and_Fog_(film),False,,
337,2003 (76th),Patricia Clarkson,Joy Burns,Pieces of April,[76],/wiki/Pieces_of_April,False,,
338,2003 (76th),Marcia Gay Harden,Celeste Boyle,Mystic River,[76],/wiki/Mystic_River_(film),False,,
339,2003 (76th),Holly Hunter,Melanie Freeland,Thirteen,[76],/wiki/Thirteen_(2003_film),False,,
340,2004 (77th),Cate Blanchett ‡,Katharine Hepburn,The Aviator,[77],/wiki/The_Aviator_(2004_film),True,,
341,2004 (77th),Laura Linney,Clara McMillen,Kinsey,[77],/wiki/Kinsey_(film),False,,
342,2004 (77th),Virginia Madsen,Maya Randall,Sideways,[77],/wiki/Sideways,False,,
343,2004 (77th),Sophie Okonedo,Tatiana Rusesabagina,Hotel Rwanda,[77],/wiki/Hotel_Rwanda,False,,
344,2004 (77th),Natalie Portman,Jane Jones / 'Alice Ayres',Closer,[77],/wiki/Closer_(2004_film),False,,
345,2005 (78th),Rachel Weisz ‡,Tessa Quayle,The Constant Gardener,[78],/wiki/The_Constant_Gardener_(film),True,,
346,2005 (78th),Amy Adams,Ashley Johnsten,Junebug,[78],/wiki/Junebug_(film),False,,
347,2005 (78th),Catherine Keener,Harper Lee,Capote,[78],/wiki/Capote_(film),False,,
348,2005 (78th),Frances McDormand,Glory Dodge,North Country,[78],/wiki/North_Country_(film),False,,
349,2005 (78th),Michelle Williams,Alma Beers,Brokeback Mountain,[78],/wiki/Brokeback_Mountain,False,,
350,2006 (79th),Jennifer Hudson ‡,Effie White,Dreamgirls,[79],/wiki/Dreamgirls_(film),True,,
351,2006 (79th),Adriana Barraza,Amelia Hernández,Babel,[79],/wiki/Babel_(film),False,,
352,2006 (79th),Cate Blanchett,Bathsheba 'Sheba' Hart,Notes on a Scandal,[79],/wiki/Notes_on_a_Scandal_(film),False,,
353,2006 (79th),Abigail Breslin,Olive Hoover,Little Miss Sunshine,[79],/wiki/Little_Miss_Sunshine,False,,
354,2006 (79th),Rinko Kikuchi,Chieko Wataya,Babel,[79],/wiki/Babel_(film),False,,
355,2007 (80th),Tilda Swinton ‡,Karen Crowder,Michael Clayton,[80],/wiki/Michael_Clayton_(film),True,,
356,2007 (80th),Cate Blanchett,Jude Quinn,I'm Not There,[80],/wiki/I%27m_Not_There,False,,
357,2007 (80th),Ruby Dee,Mahalee Lucas,American Gangster,[80],/wiki/American_Gangster_(film),False,,
358,2007 (80th),Saoirse Ronan,Briony Tallis,Atonement,[80],/wiki/Atonement_(2007_film),False,,
359,2007 (80th),Amy Ryan,Helene McCready,Gone Baby Gone,[80],/wiki/Gone_Baby_Gone,False,,
360,2008 (81st),Penélope Cruz ‡,María Elena,Vicky Cristina Barcelona,[81],/wiki/Vicky_Cristina_Barcelona,True,,
361,2008 (81st),Amy Adams,Sister Marita James,Doubt,[81],/wiki/Doubt_(2008_film),False,,
362,2008 (81st),Viola Davis,Mrs. Miller,Doubt,[81],/wiki/Doubt_(2008_film),False,,
363,2008 (81st),Taraji P. Henson,'Queenie',The Curious Case of Benjamin Button,[81],/wiki/The_Curious_Case_of_Benjamin_Button_(film),False,,
364,2008 (81st),Marisa Tomei,Pam / 'Cassidy',The Wrestler,[81],/wiki/The_Wrestler_(2008_film),False,,
365,2009 (82nd),Mo'Nique ‡,Mary Lee Johnston,Precious,[82],/wiki/Precious_(film),True,,
366,2009 (82nd),Penélope Cruz,Carla Albanese,Nine,[82],/wiki/Nine_(2009_live-action_film),False,,
367,2009 (82nd),Vera Farmiga,Alex Goran,Up in the Air,[82],/wiki/Up_in_the_Air_(2009_film),False,,
368,2009 (82nd),Maggie Gyllenhaal,Jean Craddock,Crazy Heart,[82],/wiki/Crazy_Heart,False,,
369,2009 (82nd),Anna Kendrick,Natalie Keener,Up in the Air,[82],/wiki/Up_in_the_Air_(2009_film),False,,
370,2010 (83rd),Melissa Leo ‡,Alice Eklund-Ward,The Fighter,[83],/wiki/The_Fighter,True,,
371,2010 (83rd),Amy Adams,Charlene Fleming,The Fighter,[83],/wiki/The_Fighter,True,,
372,2010 (83rd),Helena Bonham Carter,Queen Elizabeth – The Queen Mother,The King's Speech,[83],/wiki/The_King%27s_Speech,False,,
373,2010 (83rd),Hailee Steinfeld,Mattie Ross,True Grit,[83],/wiki/True_Grit_(2010_film),False,,
374,2010 (83rd),Jacki Weaver,Janine 'Smurf' Cody,Animal Kingdom,[83],/wiki/Animal_Kingdom_(film),False,,
375,2011 (84th),Octavia Spencer ‡,Minerva 'Minny' Jackson,The Help,[84],/wiki/The_Help_(film),True,,
376,2011 (84th),Bérénice Bejo,Peppy Miller,The Artist,[84],/wiki/The_Artist_(film),False,,
377,2011 (84th),Jessica Chastain,Celia Rae Foote,The Help,[84],/wiki/The_Help_(film),True,,
378,2011 (84th),Melissa McCarthy,Megan Price,Bridesmaids,[84],/wiki/Bridesmaids_(2011_film),False,,
379,2011 (84th),Janet McTeer,Hubert Page,Albert Nobbs,[84],/wiki/Albert_Nobbs,False,,
380,2012 (85th),Anne Hathaway ‡,Fantine,Les Misérables,[85],/wiki/Les_Mis%C3%A9rables_(2012_film),True,,
381,2012 (85th),Amy Adams,Peggy Dodd,The Master,[85],/wiki/The_Master_(2012_film),False,,
382,2012 (85th),Sally Field,First Lady Mary Todd Lincoln,Lincoln,[85],/wiki/Lincoln_(film),False,,
383,2012 (85th),Helen Hunt,Cheryl Cohen-Greene,The Sessions,[85],/wiki/The_Sessions_(2012_film),False,,
384,2012 (85th),Jacki Weaver,Dolores Solitano,Silver Linings Playbook,[85],/wiki/Silver_Linings_Playbook,False,,
385,2013 (86th),Lupita Nyong'o ‡,Patsey,12 Years a Slave,[86],/wiki/12_Years_a_Slave_(film),True,,
386,2013 (86th),Sally Hawkins,Ginger,Blue Jasmine,[86],/wiki/Blue_Jasmine,False,,
387,2013 (86th),Jennifer Lawrence,Rosalyn Rosenfeld,American Hustle,[86],/wiki/American_Hustle,False,,
388,2013 (86th),Julia Roberts,Barbara Weston-Fordham,August: Osage County,[86],/wiki/August:_Osage_County_(film),False,,
389,2013 (86th),June Squibb,Kate Grant,Nebraska,[86],/wiki/Nebraska_(film),False,,
390,2014 (87th),Patricia Arquette ‡,Olivia Evans,Boyhood,[87],/wiki/Boyhood_(2014_film),True,,
391,2014 (87th),Laura Dern,Barbara 'Bobbi' Grey,Wild,[87],/wiki/Wild_(2014_film),False,,
392,2014 (87th),Keira Knightley,Joan Clarke,The Imitation Game,[87],/wiki/The_Imitation_Game,False,,
393,2014 (87th),Emma Stone,Sam Thomson,Birdman,[87],/wiki/Birdman_(film),False,,
394,2014 (87th),Meryl Streep,'The Witch',Into the Woods,[87],/wiki/Into_the_Woods_(film),False,,
395,2015 (88th),Alicia Vikander ‡,Gerda Wegener,The Danish Girl,[88],/wiki/The_Danish_Girl_(film),True,,
396,2015 (88th),Jennifer Jason Leigh,'Crazy' Daisy Domergue,The Hateful Eight,[88],/wiki/The_Hateful_Eight,False,,
397,2015 (88th),Rooney Mara,Therese Belivet,Carol,[88],/wiki/Carol_(film),False,,
398,2015 (88th),Rachel McAdams,Sacha Pfeiffer,Spotlight,[88],/wiki/Spotlight_(film),False,,
399,2015 (88th),Kate Winslet,Joanna Hoffman,Steve Jobs,[88],/wiki/Steve_Jobs_(film),False,,
400,2016 (89th),Viola Davis ‡,Rose Lee Maxson,Fences,[89],/wiki/Fences_(film),True,,
401,2016 (89th),Naomie Harris,Paula,Moonlight,[89],/wiki/Moonlight_(2016_film),False,,
402,2016 (89th),Nicole Kidman,Sue Brierley,Lion,[89],/wiki/Lion_(2016_film),False,,
403,2016 (89th),Octavia Spencer,Dorothy Vaughan,Hidden Figures,[89],/wiki/Hidden_Figures,False,,
404,2016 (89th),Michelle Williams,Randi Chandler,Manchester by the Sea,[89],/wiki/Manchester_by_the_Sea_(film),False,,
405,2017 (90th),Allison Janney ‡,LaVona Fay Golden,"I, Tonya",[90],"/wiki/I,_Tonya",True,,
406,2017 (90th),Mary J. Blige,Florence Jackson,Mudbound,[90],/wiki/Mudbound_(film),False,,
407,2017 (90th),Lesley Manville,Cyril Woodcock,Phantom Thread,[90],/wiki/Phantom_Thread,False,,
408,2017 (90th),Laurie Metcalf,Marion McPherson,Lady Bird,[90],/wiki/Lady_Bird_(film),False,,
409,2017 (90th),Octavia Spencer,Zelda Delilah Fuller,The Shape of Water,[90],/wiki/The_Shape_of_Water,False,,
410,2018 (91st),Regina King ‡,Sharon Rivers,If Beale Street Could Talk,[91],/wiki/If_Beale_Street_Could_Talk_(film),True,,
411,2018 (91st),Amy Adams,Lynne Cheney,Vice,[91],/wiki/Vice_(2018_film),False,,
412,2018 (91st),Marina de Tavira,Sofía,Roma,[91],/wiki/Roma_(2018_film),False,,
413,2018 (91st),Emma Stone,Abigail Masham,The Favourite,[91],/wiki/The_Favourite,False,,
414,2018 (91st),Rachel Weisz,Sarah Churchill,The Favourite,[91],/wiki/The_Favourite,False,,
415,2019 (92nd),Laura Dern ‡,Nora Fanshaw,Marriage Story,[92],/wiki/Marriage_Story,True,,
416,2019 (92nd),Kathy Bates,Barbara 'Bobi' Jewell,Richard Jewell,[92],/wiki/Richard_Jewell_(film),False,,
417,2019 (92nd),Scarlett Johansson,Rosie Betzler,Jojo Rabbit,[92],/wiki/Jojo_Rabbit,False,,
418,2019 (92nd),Florence Pugh,Amy Curtis March,Little Women,[92],/wiki/Little_Women_(2019_film),False,,
419,2019 (92nd),Margot Robbie,Kayla Pospisil,Bombshell,[92],/wiki/Bombshell_(2019_film),False,,
420,2020/21 (93rd)[93],Yuh-jung Youn ‡,Soon-ja,Minari,[94],/wiki/Minari_(film),True,,
421,2020/21 (93rd)[93],Maria Bakalova,Tutar Sagdiyev,Borat Subsequent Moviefilm,[94],/wiki/Borat_Subsequent_Moviefilm,False,,
422,2020/21 (93rd)[93],Glenn Close,Bonnie 'Mamaw' Vance,Hillbilly Elegy,[94],/wiki/Hillbilly_Elegy_(film),False,,
423,2020/21 (93rd)[93],Olivia Colman,Anne,The Father,[94],/wiki/The_Father_(2020_film),False,,
424,2020/21 (93rd)[93],Amanda Seyfried,Marion Davies,Mank,[94],/wiki/Mank,False,,
425,2021 (94th),Ariana DeBose ‡,Anita,West Side Story,[95],/wiki/West_Side_Story_(2021_film),True,,
426,2021 (94th),Jessie Buckley,Young Leda Caruso,The Lost Daughter,[95],/wiki/The_Lost_Daughter_(film),False,,
427,2021 (94th),Judi Dench,Granny,Belfast,[95],/wiki/Belfast_(film),False,,
428,2021 (94th),Kirsten Dunst,Rose Gordon,The Power of the Dog,[95],/wiki/The_Power_of_the_Dog_(film),False,,
429,2021 (94th),Aunjanue Ellis-Taylor,Oracene 'Brandy' Price,King Richard,[95],/wiki/King_Richard_(film),False,,
430,2022 (95th),Jamie Lee Curtis ‡,Deirdre Beaubeirdre,Everything Everywhere All at Once,[96],/wiki/Everything_Everywhere_All_at_Once,True,,
431,2022 (95th),Angela Bassett,Queen Ramonda,Black Panther: Wakanda Forever,[96],/wiki/Black_Panther:_Wakanda_Forever,False,,
432,2022 (95th),Hong Chau,Liz,The Whale,[96],/wiki/The_Whale_(2022_film),False,,
433,2022 (95th),Kerry Condon,Siobhán Súilleabháin,The Banshees of Inisherin,[96],/wiki/The_Banshees_of_Inisherin,False,,
434,2022 (95th),Stephanie Hsu,Joy Wang / Jobu Tupaki,Everything Everywhere All at Once,[96],/wiki/Everything_Everywhere_All_at_Once,True,,
435,2023 (96th),Emily Blunt,"Katherine ""Kitty"" Oppenheimer",Oppenheimer,[97],/wiki/Oppenheimer_(film),False,,
436,2023 (96th),Danielle Brooks,Sofia,The Color Purple,[97],/wiki/The_Color_Purple_(2023_film),False,,
437,2023 (96th),America Ferrera,Gloria,Barbie,[97],/wiki/Barbie_(film),False,,
438,2023 (96th),Jodie Foster,Bonnie Stoll,Nyad,[97],/wiki/Nyad_(film),False,,
439,2023 (96th),Da'Vine Joy Randolph,Mary Lamb,The Holdovers,[97],/wiki/The_Holdovers,False,,
440,,Peggy Ashcroft,,A Passage to India,[98],/wiki/A_Passage_to_India_(film),False,Oldest Winner,77.0
441,,Gloria Stuart,,Titanic,[98],/wiki/Titanic_(1997_film),False,Oldest Nominee,87.0
442,,Tatum O'Neal,,Paper Moon,[98],/wiki/Paper_Moon_(film),False,Youngest Winner,10.0
443,,Tatum O'Neal,,Paper Moon,[98],/wiki/Paper_Moon_(film),False,Youngest Nominee,10.0
