,Year,Actor,Role(s),Film,Ref.,FilmLink,Won,Record,Age
0,1927/28 (1st),Emil Jannings ‡[A],Grand Duke Sergius Alexander,The Last Command,[7],/wiki/The_Last_Command_(1928_film),True,,
1,1927/28 (1st),Emil Jannings ‡[A],August Schilling,The Way of All Flesh,[7],/wiki/The_Way_of_All_Flesh_(1927_film),True,,
2,1927/28 (1st),Richard Barthelmess,Nickie Elkins,The Noose,[7],/wiki/The_Noose_(film),False,,
3,1927/28 (1st),Richard Barthelmess,Patent Leather Kid,The Patent Leather Kid,[7],/wiki/The_Patent_Leather_Kid,False,,
4,1927/28 (1st),Charlie Chaplin[B],The Tramp,The Circus,[8],/wiki/The_Circus_(1928_film),False,,
5,1928/29 (2nd) [note 1],Warner Baxter ‡,The Cisco Kid,In Old Arizona,[9],/wiki/In_Old_Arizona,True,,
6,1928/29 (2nd) [note 1],George Bancroft,Thunderbolt Jim Lang,Thunderbolt,[9],/wiki/Thunderbolt_(1929_film),False,,
7,1928/29 (2nd) [note 1],Chester Morris,Chick Williams,Alibi,[9],/wiki/Alibi_(1929_film),False,,
8,1928/29 (2nd) [note 1],Paul Muni,James Dyke,The Valiant,[9],/wiki/The_Valiant_(1929_film),False,,
9,1928/29 (2nd) [note 1],Lewis Stone,Count Pahlen,The Patriot,[9],/wiki/The_Patriot_(1928_film),False,,
10,1929/30 (3rd),George Arliss ‡[C],Benjamin Disraeli,Disraeli,[10],/wiki/Disraeli_(1929_film),True,,
11,1929/30 (3rd),George Arliss,The Raja,The Green Goddess,[10],/wiki/The_Green_Goddess_(1930_film),False,,
12,1929/30 (3rd),Wallace Beery,"Butch ""Machine Gun"" Schmidt",The Big House,[10],/wiki/The_Big_House_(1930_film),False,,
13,1929/30 (3rd),Maurice Chevalier [C],Pierre Mirande,The Big Pond,[10],/wiki/The_Big_Pond,False,,
14,1929/30 (3rd),Maurice Chevalier [C],Count Alfred Renard,The Love Parade,[10],/wiki/The_Love_Parade,False,,
15,1929/30 (3rd),Ronald Colman [C],"Capt. Hugh ""Bulldog"" Drummond",Bulldog Drummond,[10],/wiki/Bulldog_Drummond_(1929_film),False,,
16,1929/30 (3rd),Ronald Colman [C],Michel,Condemned,[10],/wiki/Condemned_(1929_film),False,,
17,1929/30 (3rd),Lawrence Tibbett,Yegor,The Rogue Song,[10],/wiki/The_Rogue_Song,False,,
18,1930/31 (4th),Lionel Barrymore ‡,Stephen Ashe,A Free Soul,[11],/wiki/A_Free_Soul,True,,
19,1930/31 (4th),Jackie Cooper,Skippy Skinner,Skippy,[11],/wiki/Skippy_(film),False,,
20,1930/31 (4th),Richard Dix,Yancey Cravat,Cimarron,[11],/wiki/Cimarron_(1931_film),False,,
21,1930/31 (4th),Fredric March,Tony Cavendish,The Royal Family of Broadway,[11],/wiki/The_Royal_Family_of_Broadway,False,,
22,1930/31 (4th),Adolphe Menjou,Walter Burns,The Front Page,[11],/wiki/The_Front_Page_(1931_film),False,,
23,1931/32 (5th),Wallace Beery ‡ (Tie) [D],"Andy ""Champ"" Purcell",The Champ,[12],/wiki/The_Champ_(1931_film),True,,
24,1931/32 (5th),Fredric March ‡ (Tie) [D],Dr. Henry Jekyll / Mr. Edward Hyde,Dr. Jekyll and Mr. Hyde,[12],/wiki/Dr._Jekyll_and_Mr._Hyde_(1931_film),True,,
25,1931/32 (5th),Alfred Lunt,The Actor,The Guardsman,[12],/wiki/The_Guardsman,False,,
26,1932/33 (6th),Charles Laughton ‡,King Henry VIII,The Private Life of Henry VIII,[13],/wiki/The_Private_Life_of_Henry_VIII,True,,
27,1932/33 (6th),Leslie Howard,Peter Standish,Berkeley Square,[13],/wiki/Berkeley_Square_(1933_film),False,,
28,1932/33 (6th),Paul Muni,James Allen,I Am a Fugitive from a Chain Gang,[13],/wiki/I_Am_a_Fugitive_from_a_Chain_Gang,False,,
29,1934 (7th),Clark Gable ‡,Peter Warne,It Happened One Night,[14],/wiki/It_Happened_One_Night,True,,
30,1934 (7th),Frank Morgan,"Alessandro, Duke of Florence",The Affairs of Cellini,[14],/wiki/The_Affairs_of_Cellini,False,,
31,1934 (7th),William Powell,Nick Charles,The Thin Man,[14],/wiki/The_Thin_Man_(film),False,,
32,1935 (8th),Victor McLaglen ‡,Gypo Nolan,The Informer,[15],/wiki/The_Informer_(1935_film),True,,
33,1935 (8th),Clark Gable,Lt. Fletcher Christian,Mutiny on the Bounty,[15],/wiki/Mutiny_on_the_Bounty_(1935_film),False,,
34,1935 (8th),Charles Laughton,Captain William Bligh,Mutiny on the Bounty,[15],/wiki/Mutiny_on_the_Bounty_(1935_film),False,,
35,1935 (8th),Franchot Tone,Midshipman Roger Byam,Mutiny on the Bounty,[15],/wiki/Mutiny_on_the_Bounty_(1935_film),False,,
36,1935 (8th),Paul Muni (Write-in)[E],Joe Radek,Black Fury,[15],/wiki/Black_Fury_(film),False,,
37,1936 (9th),Paul Muni ‡,Louis Pasteur,The Story of Louis Pasteur,[16],/wiki/The_Story_of_Louis_Pasteur,True,,
38,1936 (9th),Gary Cooper,Longfellow Deeds,Mr. Deeds Goes to Town,[16],/wiki/Mr._Deeds_Goes_to_Town,False,,
39,1936 (9th),Walter Huston,Sam Dodsworth,Dodsworth,[16],/wiki/Dodsworth_(film),False,,
40,1936 (9th),William Powell,Godfrey Park,My Man Godfrey,[16],/wiki/My_Man_Godfrey,False,,
41,1936 (9th),Spencer Tracy,Father Tim Mullin,San Francisco,[16],/wiki/San_Francisco_(1936_film),False,,
42,1937 (10th),Spencer Tracy ‡,Manuel Fidello,Captains Courageous,[17],/wiki/Captains_Courageous_(1937_film),True,,
43,1937 (10th),Charles Boyer,Emperor Napoleon Bonaparte,Conquest,[17],/wiki/Conquest_(1937_film),False,,
44,1937 (10th),Fredric March,Norman Maine,A Star Is Born,[17],/wiki/A_Star_Is_Born_(1937_film),False,,
45,1937 (10th),Robert Montgomery,Danny,Night Must Fall,[17],/wiki/Night_Must_Fall_(1937_film),False,,
46,1937 (10th),Paul Muni,Émile Zola,The Life of Emile Zola,[17],/wiki/The_Life_of_Emile_Zola,False,,
47,1938 (11th),Spencer Tracy ‡,Father Edward Flanagan,Boys Town,[18],/wiki/Boys_Town_(film),True,,
48,1938 (11th),Charles Boyer,Pepe le Moko,Algiers,[18],/wiki/Algiers_(film),False,,
49,1938 (11th),James Cagney,Rocky Sullivan,Angels with Dirty Faces,[18],/wiki/Angels_with_Dirty_Faces,False,,
50,1938 (11th),Robert Donat,Dr. Andrew Manson,The Citadel,[18],/wiki/The_Citadel_(1938_film),False,,
51,1938 (11th),Leslie Howard,Professor Henry Higgins,Pygmalion,[18],/wiki/Pygmalion_(1938_film),False,,
52,1939 (12th),Robert Donat ‡,Charles Edward Chipping,"Goodbye, Mr. Chips",[19],"/wiki/Goodbye,_Mr._Chips_(1939_film)",True,,
53,1939 (12th),Clark Gable,Rhett Butler,Gone with the Wind,[19],/wiki/Gone_with_the_Wind_(film),False,,
54,1939 (12th),Laurence Olivier,Heathcliff,Wuthering Heights,[19],/wiki/Wuthering_Heights_(1939_film),False,,
55,1939 (12th),Mickey Rooney,Mickey Moran,Babes in Arms,[19],/wiki/Babes_in_Arms_(film),False,,
56,1939 (12th),James Stewart,Jefferson Smith,Mr. Smith Goes to Washington,[19],/wiki/Mr._Smith_Goes_to_Washington,False,,
57,1940 (13th),James Stewart ‡,"Macaulay ""Mike"" Connor",The Philadelphia Story,[20],/wiki/The_Philadelphia_Story_(film),True,,
58,1940 (13th),Charlie Chaplin,Adenoid Hynkel & The Barber,The Great Dictator,[20],/wiki/The_Great_Dictator,False,,
59,1940 (13th),Henry Fonda,Tom Joad,The Grapes of Wrath,[20],/wiki/The_Grapes_of_Wrath_(film),False,,
60,1940 (13th),Raymond Massey,Abraham Lincoln,Abe Lincoln in Illinois,[20],/wiki/Abe_Lincoln_in_Illinois_(film),False,,
61,1940 (13th),Laurence Olivier,"Maximilian ""Maxim"" de Winter",Rebecca,[20],/wiki/Rebecca_(1940_film),False,,
62,1941 (14th),Gary Cooper ‡,Sgt. Alvin York,Sergeant York,[21],/wiki/Sergeant_York_(film),True,,
63,1941 (14th),Cary Grant,Roger Adams,Penny Serenade,[21],/wiki/Penny_Serenade,False,,
64,1941 (14th),Walter Huston,Mr. Scratch,The Devil and Daniel Webster,[21],/wiki/The_Devil_and_Daniel_Webster_(film),False,,
65,1941 (14th),Robert Montgomery,Joe Pendleton,Here Comes Mr. Jordan,[21],/wiki/Here_Comes_Mr._Jordan,False,,
66,1941 (14th),Orson Welles,Charles Foster Kane,Citizen Kane,[21],/wiki/Citizen_Kane,False,,
67,1942 (15th),James Cagney ‡,George M. Cohan,Yankee Doodle Dandy,[22],/wiki/Yankee_Doodle_Dandy,True,,
68,1942 (15th),Ronald Colman,Charles Rainier,Random Harvest,[22],/wiki/Random_Harvest_(film),False,,
69,1942 (15th),Gary Cooper,Lou Gehrig,The Pride of the Yankees,[22],/wiki/The_Pride_of_the_Yankees,False,,
70,1942 (15th),Walter Pidgeon,Clem Miniver,Mrs. Miniver,[22],/wiki/Mrs._Miniver,False,,
71,1942 (15th),Monty Woolley,Howard,The Pied Piper,[22],/wiki/The_Pied_Piper_(1942_film),False,,
72,1943 (16th),Paul Lukas ‡,Kurt Muller,Watch on the Rhine,[23],/wiki/Watch_on_the_Rhine,True,,
73,1943 (16th),Humphrey Bogart,Rick Blaine,Casablanca,[23],/wiki/Casablanca_(film),False,,
74,1943 (16th),Gary Cooper,Robert Jordan,For Whom the Bell Tolls,[23],/wiki/For_Whom_the_Bell_Tolls_(film),False,,
75,1943 (16th),Walter Pidgeon,Pierre Curie,Madame Curie,[23],/wiki/Madame_Curie_(film),False,,
76,1943 (16th),Mickey Rooney,Homer Macauley,The Human Comedy,[23],/wiki/The_Human_Comedy_(film),False,,
77,1944 (17th),Bing Crosby ‡,Father Chuck O'Malley,Going My Way,[24],/wiki/Going_My_Way,True,,
78,1944 (17th),Charles Boyer,Gregory Anton,Gaslight,[24],/wiki/Gaslight_(1944_film),False,,
79,1944 (17th),Barry Fitzgerald [F],Father Fitzgibbon,Going My Way,[24],/wiki/Going_My_Way,True,,
80,1944 (17th),Cary Grant,Ernie Mott,None but the Lonely Heart,[24],/wiki/None_but_the_Lonely_Heart_(film),False,,
81,1944 (17th),Alexander Knox,Woodrow Wilson,Wilson,[24],/wiki/Wilson_(1944_film),False,,
82,1945 (18th),Ray Milland ‡,Don Birnam,The Lost Weekend,[25],/wiki/The_Lost_Weekend,True,,
83,1945 (18th),Bing Crosby,Father Chuck O'Malley,The Bells of St. Mary's,[25],/wiki/The_Bells_of_St._Mary%27s,False,,
84,1945 (18th),Gene Kelly,Joseph Brady,Anchors Aweigh,[25],/wiki/Anchors_Aweigh_(film),False,,
85,1945 (18th),Gregory Peck,Father Francis,The Keys of the Kingdom,[25],/wiki/The_Keys_of_the_Kingdom_(film),False,,
86,1945 (18th),Cornel Wilde,Frédéric Chopin,A Song to Remember,[25],/wiki/A_Song_to_Remember,False,,
87,1946 (19th),Fredric March ‡,Platoon Sergeant Al Stephenson,The Best Years of Our Lives,[26],/wiki/The_Best_Years_of_Our_Lives,True,,
88,1946 (19th),Laurence Olivier,King Henry V of England,Henry V,[26],/wiki/Henry_V_(1944_film),False,,
89,1946 (19th),Larry Parks,Al Jolson,The Jolson Story,[26],/wiki/The_Jolson_Story,False,,
90,1946 (19th),Gregory Peck,"Ezra ""Penny"" Baxter",The Yearling,[26],/wiki/The_Yearling_(1946_film),False,,
91,1946 (19th),James Stewart,George Bailey,It's a Wonderful Life,[26],/wiki/It%27s_a_Wonderful_Life,False,,
92,1947 (20th),Ronald Colman ‡,Anthony John,A Double Life,[27],/wiki/A_Double_Life_(1947_film),True,,
93,1947 (20th),John Garfield,Charlie Davis,Body and Soul,[27],/wiki/Body_and_Soul_(1947_film),False,,
94,1947 (20th),Gregory Peck,Philip Schuyler Green,Gentleman's Agreement,[27],/wiki/Gentleman%27s_Agreement,False,,
95,1947 (20th),William Powell,Clarence Day Sr.,Life with Father,[27],/wiki/Life_with_Father_(film),False,,
96,1947 (20th),Michael Redgrave,Orin Mannon,Mourning Becomes Electra,[27],/wiki/Mourning_Becomes_Electra_(film),False,,
97,1948 (21st),Laurence Olivier ‡,"Hamlet, Prince of Denmark",Hamlet,[28],/wiki/Hamlet_(1948_film),True,,
98,1948 (21st),Lew Ayres,Dr. Robert Richardson,Johnny Belinda,[28],/wiki/Johnny_Belinda_(1948_film),False,,
99,1948 (21st),Montgomery Clift,"Ralph ""Steve"" Stevenson",The Search,[28],/wiki/The_Search,False,,
100,1948 (21st),Dan Dailey,"""Skid"" Johnson",When My Baby Smiles at Me,[28],/wiki/When_My_Baby_Smiles_at_Me_(film),False,,
101,1948 (21st),Clifton Webb,Lynn Aloysius Belvedere,Sitting Pretty,[28],/wiki/Sitting_Pretty_(1948_film),False,,
102,1949 (22nd),Broderick Crawford ‡,Willie Stark,All the King's Men,[29],/wiki/All_the_King%27s_Men_(1949_film),True,,
103,1949 (22nd),Kirk Douglas,"Michael ""Midge"" Kelly",Champion,[29],/wiki/Champion_(1949_film),False,,
104,1949 (22nd),Gregory Peck,Brig. General Frank Savage,Twelve O'Clock High,[29],/wiki/Twelve_O%27Clock_High,False,,
105,1949 (22nd),Richard Todd,"Cpl. Lachlan ""Lachie"" MacLachlan",The Hasty Heart,[29],/wiki/The_Hasty_Heart,False,,
106,1949 (22nd),John Wayne,Sergeant John M. Stryker,Sands of Iwo Jima,[29],/wiki/Sands_of_Iwo_Jima,False,,
107,1950 (23rd),José Ferrer ‡,Cyrano de Bergerac,Cyrano de Bergerac,[30],/wiki/Cyrano_de_Bergerac,True,,
108,1950 (23rd),Louis Calhern,Oliver Wendell Holmes Jr.,The Magnificent Yankee,[30],/wiki/The_Magnificent_Yankee_(1950_film),False,,
109,1950 (23rd),William Holden,Joe Gillis,Sunset Boulevard,[30],/wiki/Sunset_Boulevard_(film),False,,
110,1950 (23rd),James Stewart,Elwood P. Dowd,Harvey,[30],/wiki/Harvey_(1950_film),False,,
111,1950 (23rd),Spencer Tracy,Stanley T. Banks,Father of the Bride,[30],/wiki/Father_of_the_Bride_(1950_film),False,,
112,1951 (24th),Humphrey Bogart ‡,Charlie Allnut,The African Queen,[31],/wiki/The_African_Queen_(film),True,,
113,1951 (24th),Marlon Brando,Stanley Kowalski,A Streetcar Named Desire,[31],/wiki/A_Streetcar_Named_Desire_(1951_film),False,,
114,1951 (24th),Montgomery Clift,George Eastman,A Place in the Sun,[31],/wiki/A_Place_in_the_Sun_(1951_film),False,,
115,1951 (24th),Arthur Kennedy,Larry Nevins,Bright Victory,[31],/wiki/Bright_Victory,False,,
116,1951 (24th),Fredric March,Willy Loman,Death of a Salesman,[31],/wiki/Death_of_a_Salesman_(1951_film),False,,
117,1952 (25th),Gary Cooper ‡,Marshal Will Kane,High Noon,[32],/wiki/High_Noon,True,,
118,1952 (25th),Marlon Brando,Emiliano Zapata,Viva Zapata!,[32],/wiki/Viva_Zapata!,False,,
119,1952 (25th),Kirk Douglas,Jonathan Shields,The Bad and the Beautiful,[32],/wiki/The_Bad_and_the_Beautiful,False,,
120,1952 (25th),José Ferrer,Henri de Toulouse-Lautrec & Comte Alphonse de Toulouse-Lautrec,Moulin Rouge,[32],/wiki/Moulin_Rouge_(1952_film),False,,
121,1952 (25th),Alec Guinness,Henry Holland,The Lavender Hill Mob,[32],/wiki/The_Lavender_Hill_Mob,False,,
122,1953 (26th),William Holden ‡,Sgt. J.J. Sefton,Stalag 17,[33],/wiki/Stalag_17,True,,
123,1953 (26th),Marlon Brando,Mark Antony,Julius Caesar,[33],/wiki/William_Shakespeare%27s_Julius_Caesar,False,,
124,1953 (26th),Richard Burton,Marcellus Gallio,The Robe,[33],/wiki/The_Robe_(film),False,,
125,1953 (26th),Montgomery Clift,"Pvt. Robert E. Lee ""Prew"" Prewitt",From Here to Eternity,[33],/wiki/From_Here_to_Eternity,False,,
126,1953 (26th),Burt Lancaster,1st Sgt. Milton Warden,From Here to Eternity,[33],/wiki/From_Here_to_Eternity,False,,
127,1954 (27th),Marlon Brando ‡,Terry Malloy,On the Waterfront,[34],/wiki/On_the_Waterfront,True,,
128,1954 (27th),Humphrey Bogart,Lt. Cmdr. Philip Francis Queeg,The Caine Mutiny,[34],/wiki/The_Caine_Mutiny_(film),False,,
129,1954 (27th),Bing Crosby,Frank Elgin,The Country Girl,[34],/wiki/The_Country_Girl_(1954_film),False,,
130,1954 (27th),James Mason,Norman Maine,A Star Is Born,[34],/wiki/A_Star_Is_Born_(1954_film),False,,
131,1954 (27th),Dan O'Herlihy,Robinson Crusoe,Robinson Crusoe,[34],/wiki/Robinson_Crusoe_(1954_film),False,,
132,1955 (28th),Ernest Borgnine ‡,Marty Piletti,Marty,[35],/wiki/Marty_(film),True,,
133,1955 (28th),James Cagney,Martin Snyder,Love Me or Leave Me,[35],/wiki/Love_Me_or_Leave_Me_(film),False,,
134,1955 (28th),James Dean †,Cal Trask,East of Eden,[35],/wiki/East_of_Eden_(film),False,,
135,1955 (28th),Frank Sinatra,Frankie Machine,The Man with the Golden Arm,[35],/wiki/The_Man_with_the_Golden_Arm,False,,
136,1955 (28th),Spencer Tracy,John J. Macreedy,Bad Day at Black Rock,[35],/wiki/Bad_Day_at_Black_Rock,False,,
137,1956 (29th),Yul Brynner ‡,King Mongkut of Siam,The King and I,[36],/wiki/The_King_and_I_(1956_film),True,,
138,1956 (29th),James Dean †,Jett Rink,Giant,[36],/wiki/Giant_(1956_film),False,,
139,1956 (29th),Kirk Douglas,Vincent van Gogh,Lust for Life,[36],/wiki/Lust_for_Life_(1956_film),False,,
140,1956 (29th),Rock Hudson,"Jordan ""Bick"" Benedict Jr.",Giant,[36],/wiki/Giant_(1956_film),False,,
141,1956 (29th),Laurence Olivier,King Richard III,Richard III,[36],/wiki/Richard_III_(1955_film),False,,
142,1957 (30th),Alec Guinness ‡,Colonel Nicholson,The Bridge on the River Kwai,[37],/wiki/The_Bridge_on_the_River_Kwai,True,,
143,1957 (30th),Marlon Brando,"Major Lloyd ""Ace"" Gruver, USAF",Sayonara,[37],/wiki/Sayonara,False,,
144,1957 (30th),Anthony Franciosa,Polo Pope,A Hatful of Rain,[37],/wiki/A_Hatful_of_Rain,False,,
145,1957 (30th),Charles Laughton,Sir Wilfrid Robarts,Witness for the Prosecution,[37],/wiki/Witness_for_the_Prosecution_(1957_film),False,,
146,1957 (30th),Anthony Quinn,Gino,Wild Is the Wind,[37],/wiki/Wild_Is_the_Wind,False,,
147,1958 (31st),David Niven ‡,Major Angus Pollock,Separate Tables,[38],/wiki/Separate_Tables_(film),True,,
148,1958 (31st),Tony Curtis,"John ""Joker"" Jackson",The Defiant Ones,[38],/wiki/The_Defiant_Ones,False,,
149,1958 (31st),Paul Newman,Brick Pollitt,Cat on a Hot Tin Roof,[38],/wiki/Cat_on_a_Hot_Tin_Roof_(1958_film),False,,
150,1958 (31st),Sidney Poitier,Noah Cullen,The Defiant Ones,[38],/wiki/The_Defiant_Ones,False,,
151,1958 (31st),Spencer Tracy,The Old Man,The Old Man and the Sea,[38],/wiki/The_Old_Man_and_the_Sea_(1958_film),False,,
152,1959 (32nd),Charlton Heston ‡,Judah Ben-Hur,Ben-Hur,[39],/wiki/Ben-Hur_(1959_film),True,,
153,1959 (32nd),Laurence Harvey,Joe Lampton,Room at the Top,[39],/wiki/Room_at_the_Top_(1959_film),False,,
154,1959 (32nd),Jack Lemmon,Jerry / Daphne,Some Like It Hot,[39],/wiki/Some_Like_It_Hot,False,,
155,1959 (32nd),Paul Muni,Dr. Sam Abelman,The Last Angry Man,[39],/wiki/The_Last_Angry_Man,False,,
156,1959 (32nd),James Stewart,Paul Biegler,Anatomy of a Murder,[39],/wiki/Anatomy_of_a_Murder,False,,
157,1960 (33rd),Burt Lancaster ‡,Elmer Gantry,Elmer Gantry,[40],/wiki/Elmer_Gantry_(film),True,,
158,1960 (33rd),Trevor Howard,Walter Morel,Sons and Lovers,[40],/wiki/Sons_and_Lovers_(film),False,,
159,1960 (33rd),Jack Lemmon,"C. C. ""Bud"" Baxter",The Apartment,[40],/wiki/The_Apartment,False,,
160,1960 (33rd),Laurence Olivier,Archie Rice,The Entertainer,[40],/wiki/The_Entertainer_(film),False,,
161,1960 (33rd),Spencer Tracy,Henry Drummond,Inherit the Wind,[40],/wiki/Inherit_the_Wind_(1960_film),False,,
162,1961 (34th),Maximilian Schell ‡,Hans Rolfe,Judgment at Nuremberg,[41],/wiki/Judgment_at_Nuremberg,True,,
163,1961 (34th),Charles Boyer,Cesar,Fanny,[41],/wiki/Fanny_(1961_film),False,,
164,1961 (34th),Paul Newman,"""Fast"" Eddie Felson",The Hustler,[41],/wiki/The_Hustler,False,,
165,1961 (34th),Spencer Tracy,Chief Judge Dan Haywood,Judgment at Nuremberg,[41],/wiki/Judgment_at_Nuremberg,True,,
166,1961 (34th),Stuart Whitman,Jim Fuller,The Mark,[41],/wiki/The_Mark_(1961_film),False,,
167,1962 (35th),Gregory Peck ‡,Atticus Finch,To Kill a Mockingbird,[42],/wiki/To_Kill_a_Mockingbird_(film),True,,
168,1962 (35th),Burt Lancaster,Robert Stroud,Birdman of Alcatraz,[42],/wiki/Birdman_of_Alcatraz_(film),False,,
169,1962 (35th),Jack Lemmon,Joe Clay,Days of Wine and Roses,[42],/wiki/Days_of_Wine_and_Roses_(film),False,,
170,1962 (35th),Marcello Mastroianni,Ferdinando Cefalù,Divorce Italian Style,[42],/wiki/Divorce_Italian_Style,False,,
171,1962 (35th),Peter O'Toole,Thomas Edward Lawrence,Lawrence of Arabia,[42],/wiki/Lawrence_of_Arabia_(film),False,,
172,1963 (36th),Sidney Poitier ‡,Homer Smith,Lilies of the Field,[43],/wiki/Lilies_of_the_Field_(1963_film),True,,
173,1963 (36th),Albert Finney,Tom Jones,Tom Jones,[43],/wiki/Tom_Jones_(1963_film),False,,
174,1963 (36th),Richard Harris,Frank Machin,This Sporting Life,[43],/wiki/This_Sporting_Life,False,,
175,1963 (36th),Rex Harrison,Julius Caesar,Cleopatra,[43],/wiki/Cleopatra_(1963_film),False,,
176,1963 (36th),Paul Newman,Hud Bannon,Hud,[43],/wiki/Hud_(1963_film),False,,
177,1964 (37th),Rex Harrison ‡,Professor Henry Higgins,My Fair Lady,[44],/wiki/My_Fair_Lady_(film),True,,
178,1964 (37th),Richard Burton,Thomas Becket,Becket,[44],/wiki/Becket_(1964_film),False,,
179,1964 (37th),Peter O'Toole,King Henry II,Becket,[44],/wiki/Becket_(1964_film),False,,
180,1964 (37th),Anthony Quinn,Alexis Zorba,Zorba the Greek,[44],/wiki/Zorba_the_Greek_(film),False,,
181,1964 (37th),Peter Sellers,"Group Captain Lionel Mandrake, President Merkin Muffley, and Dr. Strangelove","Dr. Strangelove, or: How I Learned to Stop Worrying and Love the Bomb",[44],/wiki/Dr._Strangelove,False,,
182,1965 (38th),Lee Marvin ‡,Kid Shelleen & Tim Strawn,Cat Ballou,[45],/wiki/Cat_Ballou,True,,
183,1965 (38th),Richard Burton,Alec Leamas,The Spy Who Came in from the Cold,[45],/wiki/The_Spy_Who_Came_In_from_the_Cold_(film),False,,
184,1965 (38th),Laurence Olivier,Othello,Othello,[45],/wiki/Othello_(character),False,,
185,1965 (38th),Rod Steiger,Sol Nazerman,The Pawnbroker,[45],/wiki/The_Pawnbroker_(film),False,,
186,1965 (38th),Oskar Werner,Willie Schumann,Ship of Fools,[45],/wiki/Ship_of_Fools_(film),False,,
187,1966 (39th),Paul Scofield ‡,Sir Thomas More,A Man for All Seasons,[46],/wiki/A_Man_for_All_Seasons_(1966_film),True,,
188,1966 (39th),Alan Arkin,Lt. Rozanov,"The Russians Are Coming, the Russians Are Coming",[46],"/wiki/The_Russians_Are_Coming,_the_Russians_Are_Coming",False,,
189,1966 (39th),Richard Burton,George,Who's Afraid of Virginia Woolf?,[46],/wiki/Who%27s_Afraid_of_Virginia_Woolf%3F_(film),False,,
190,1966 (39th),Michael Caine,Alfie Elkins,Alfie,[46],/wiki/Alfie_(1966_film),False,,
191,1966 (39th),Steve McQueen,Jake Holman,The Sand Pebbles,[46],/wiki/The_Sand_Pebbles_(film),False,,
192,1967 (40th),Rod Steiger ‡,Bill Gillespie,In the Heat of the Night,[47],/wiki/In_the_Heat_of_the_Night_(film),True,,
193,1967 (40th),Warren Beatty,Clyde Barrow,Bonnie and Clyde,[47],/wiki/Bonnie_and_Clyde_(film),False,,
194,1967 (40th),Dustin Hoffman,Benjamin Braddock,The Graduate,[47],/wiki/The_Graduate,False,,
195,1967 (40th),Paul Newman,"Lucas ""Luke"" Jackson",Cool Hand Luke,[47],/wiki/Cool_Hand_Luke,False,,
196,1967 (40th),Spencer Tracy †,Matt Drayton,Guess Who's Coming to Dinner,[47],/wiki/Guess_Who%27s_Coming_to_Dinner,False,,
197,1968 (41st),Cliff Robertson ‡,Charly Gordon,Charly,[48],/wiki/Charly_(1968_film),True,,
198,1968 (41st),Alan Arkin,John Singer,The Heart Is a Lonely Hunter,[48],/wiki/The_Heart_Is_a_Lonely_Hunter_(film),False,,
199,1968 (41st),Alan Bates,Yakov Bok,The Fixer,[48],/wiki/The_Fixer_(1968_film),False,,
200,1968 (41st),Ron Moody,Fagin,Oliver!,[48],/wiki/Oliver!_(film),False,,
201,1968 (41st),Peter O'Toole,King Henry II,The Lion in Winter,[48],/wiki/The_Lion_in_Winter_(1968_film),False,,
202,1969 (42nd),John Wayne ‡,"Reuben ""Rooster"" Cogburn",True Grit,[49],/wiki/True_Grit_(1969_film),True,,
203,1969 (42nd),Richard Burton,King Henry VIII,Anne of the Thousand Days,[49],/wiki/Anne_of_the_Thousand_Days,False,,
204,1969 (42nd),Dustin Hoffman,"Enrico Salvatore ""Ratso"" Rizzo",Midnight Cowboy,[49],/wiki/Midnight_Cowboy,False,,
205,1969 (42nd),Peter O'Toole,Arthur Chipping,"Goodbye, Mr. Chips",[49],"/wiki/Goodbye,_Mr._Chips_(1969_film)",False,,
206,1969 (42nd),Jon Voight,Joe Buck,Midnight Cowboy,[49],/wiki/Midnight_Cowboy,False,,
207,1970 (43rd),George C. Scott §[50],General George S. Patton Jr.,Patton,[51],/wiki/Patton_(film),True,,
208,1970 (43rd),Melvyn Douglas,Tom Garrison,I Never Sang for My Father,[51],/wiki/I_Never_Sang_for_My_Father,False,,
209,1970 (43rd),James Earl Jones,Jack Jefferson,The Great White Hope,[51],/wiki/The_Great_White_Hope_(film),False,,
210,1970 (43rd),Jack Nicholson,Robert Eroica Dupea,Five Easy Pieces,[51],/wiki/Five_Easy_Pieces,False,,
211,1970 (43rd),Ryan O'Neal,Oliver Barrett IV,Love Story,[51],/wiki/Love_Story_(1970_film),False,,
212,1971 (44th),Gene Hackman ‡,"Jimmy ""Popeye"" Doyle",The French Connection,[52],/wiki/The_French_Connection_(film),True,,
213,1971 (44th),Peter Finch,Dr. Daniel Hirsh,Sunday Bloody Sunday,[52],/wiki/Sunday_Bloody_Sunday_(film),False,,
214,1971 (44th),Walter Matthau,Joseph P. Kotcher,Kotch,[52],/wiki/Kotch,False,,
215,1971 (44th),George C. Scott,Dr. Herbert Bock,The Hospital,[52],/wiki/The_Hospital,False,,
216,1971 (44th),Topol,Tevye,Fiddler on the Roof,[52],/wiki/Fiddler_on_the_Roof_(film),False,,
217,1972 (45th),Marlon Brando §[50],Vito Corleone,The Godfather,[53],/wiki/The_Godfather,True,,
218,1972 (45th),Michael Caine,Milo Tindle,Sleuth,[53],/wiki/Sleuth_(1972_film),False,,
219,1972 (45th),Laurence Olivier,Andrew Wyke,Sleuth,[53],/wiki/Sleuth_(1972_film),False,,
220,1972 (45th),Peter O'Toole,"Jack Gurney, 14th Earl of Gurney",The Ruling Class,[53],/wiki/The_Ruling_Class_(film),False,,
221,1972 (45th),Paul Winfield,Nathan Lee Morgan,Sounder,[53],/wiki/Sounder_(film),False,,
222,1973 (46th),Jack Lemmon ‡,Harry Stoner,Save the Tiger,[54],/wiki/Save_the_Tiger,True,,
223,1973 (46th),Marlon Brando,Paul,Last Tango in Paris,[54],/wiki/Last_Tango_in_Paris,False,,
224,1973 (46th),Jack Nicholson,"Signalman 1st Class Billy L. ""Badass"" Buddusky",The Last Detail,[54],/wiki/The_Last_Detail,False,,
225,1973 (46th),Al Pacino,Frank Serpico,Serpico,[54],/wiki/Serpico,False,,
226,1973 (46th),Robert Redford,"Johnny ""Kelly"" Hooker",The Sting,[54],/wiki/The_Sting,False,,
227,1974 (47th),Art Carney ‡,Harry Coombes,Harry and Tonto,[55],/wiki/Harry_and_Tonto,True,,
228,1974 (47th),Albert Finney,Hercule Poirot,Murder on the Orient Express,[55],/wiki/Murder_on_the_Orient_Express_(1974_film),False,,
229,1974 (47th),Dustin Hoffman,Lenny Bruce,Lenny,[55],/wiki/Lenny_(film),False,,
230,1974 (47th),Jack Nicholson,"J. J. ""Jake"" Gittes",Chinatown,[55],/wiki/Chinatown_(1974_film),False,,
231,1974 (47th),Al Pacino,Michael Corleone,The Godfather Part II,[55],/wiki/The_Godfather_Part_II,False,,
232,1975 (48th),Jack Nicholson ‡,Randle Patrick McMurphy,One Flew Over the Cuckoo's Nest,[56],/wiki/One_Flew_Over_the_Cuckoo%27s_Nest_(film),True,,
233,1975 (48th),Walter Matthau,Willy Clark,The Sunshine Boys,[56],/wiki/The_Sunshine_Boys_(1975_film),False,,
234,1975 (48th),Al Pacino,Sonny Wortzik,Dog Day Afternoon,[56],/wiki/Dog_Day_Afternoon,False,,
235,1975 (48th),Maximilian Schell,Arthur Goldman,The Man in the Glass Booth,[56],/wiki/The_Man_in_the_Glass_Booth,False,,
236,1975 (48th),James Whitmore,Harry S. Truman,"Give 'em Hell, Harry!",[56],"/wiki/Give_%27em_Hell,_Harry!",False,,
237,1976 (49th),Peter Finch †,Howard Beale,Network,[57],/wiki/Network_(1976_film),True,,
238,1976 (49th),Robert De Niro,Travis Bickle,Taxi Driver,[57],/wiki/Taxi_Driver,False,,
239,1976 (49th),Giancarlo Giannini,Pasqualino Frafuso,Seven Beauties,[57],/wiki/Seven_Beauties,False,,
240,1976 (49th),William Holden,Max Schumacher,Network,[57],/wiki/Network_(1976_film),True,,
241,1976 (49th),Sylvester Stallone,Rocky Balboa,Rocky,[57],/wiki/Rocky,False,,
242,1977 (50th),Richard Dreyfuss ‡,Elliot Garfield,The Goodbye Girl,[58],/wiki/The_Goodbye_Girl,True,,
243,1977 (50th),Woody Allen,Alvy Singer,Annie Hall,[58],/wiki/Annie_Hall,False,,
244,1977 (50th),Richard Burton,Martin Dysart,Equus,[58],/wiki/Equus_(film),False,,
245,1977 (50th),Marcello Mastroianni,Gabriele,A Special Day,[58],/wiki/A_Special_Day,False,,
246,1977 (50th),John Travolta,Tony Manero,Saturday Night Fever,[58],/wiki/Saturday_Night_Fever,False,,
247,1978 (51st),Jon Voight ‡,Luke Martin,Coming Home,[59],/wiki/Coming_Home_(1978_film),True,,
248,1978 (51st),Warren Beatty,Joe Pendleton / Leo Farnsworth / Tom Jarrett,Heaven Can Wait,[59],/wiki/Heaven_Can_Wait_(1978_film),False,,
249,1978 (51st),Gary Busey,Buddy Holly,The Buddy Holly Story,[59],/wiki/The_Buddy_Holly_Story,False,,
250,1978 (51st),Robert De Niro,Michael Vronsky,The Deer Hunter,[59],/wiki/The_Deer_Hunter,False,,
251,1978 (51st),Laurence Olivier,Ezra Lieberman,The Boys from Brazil,[59],/wiki/The_Boys_from_Brazil_(film),False,,
252,1979 (52nd),Dustin Hoffman ‡,Ted Kramer,Kramer vs. Kramer,[60],/wiki/Kramer_vs._Kramer,True,,
253,1979 (52nd),Jack Lemmon,Jack Godell,The China Syndrome,[60],/wiki/The_China_Syndrome,False,,
254,1979 (52nd),Al Pacino,Arthur Kirkland,...And Justice for All,[60],/wiki/...And_Justice_for_All_(film),False,,
255,1979 (52nd),Roy Scheider,Joe Gideon,All That Jazz,[60],/wiki/All_That_Jazz_(film),False,,
256,1979 (52nd),Peter Sellers,Chance the gardener / Chauncey Gardiner,Being There,[60],/wiki/Being_There,False,,
257,1980 (53rd),Robert De Niro ‡,Jake LaMotta,Raging Bull,[61],/wiki/Raging_Bull,True,,
258,1980 (53rd),Robert Duvall,"Lt. Col. Wilbur ""Bull"" Meechum",The Great Santini,[61],/wiki/The_Great_Santini,False,,
259,1980 (53rd),John Hurt,John Merrick,The Elephant Man,[61],/wiki/The_Elephant_Man_(film),False,,
260,1980 (53rd),Jack Lemmon,Scottie Templeton,Tribute,[61],/wiki/Tribute_(1980_film),False,,
261,1980 (53rd),Peter O'Toole,Eli Cross,The Stunt Man,[61],/wiki/The_Stunt_Man,False,,
262,1981 (54th),Henry Fonda ‡,Norman Thayer Jr.,On Golden Pond,[62],/wiki/On_Golden_Pond_(1981_film),True,,
263,1981 (54th),Warren Beatty,"John ""Jack"" Reed",Reds,[62],/wiki/Reds_(film),False,,
264,1981 (54th),Burt Lancaster,Lou Pascal,Atlantic City,[62],/wiki/Atlantic_City_(1980_film),False,,
265,1981 (54th),Dudley Moore,Arthur Bach,Arthur,[62],/wiki/Arthur_(1981_film),False,,
266,1981 (54th),Paul Newman,Michael Gallagher,Absence of Malice,[62],/wiki/Absence_of_Malice,False,,
267,1982 (55th),Ben Kingsley ‡,Mahatma Gandhi,Gandhi,[63],/wiki/Gandhi_(film),True,,
268,1982 (55th),Dustin Hoffman,Michael Dorsey / Dorothy Michaels,Tootsie,[63],/wiki/Tootsie,False,,
269,1982 (55th),Jack Lemmon,Edmund Horman,Missing,[63],/wiki/Missing_(1982_film),False,,
270,1982 (55th),Paul Newman,Frank Galvin,The Verdict,[63],/wiki/The_Verdict,False,,
271,1982 (55th),Peter O'Toole,Alan Swann,My Favorite Year,[63],/wiki/My_Favorite_Year,False,,
272,1983 (56th),Robert Duvall ‡,Mac Sledge,Tender Mercies,[64],/wiki/Tender_Mercies,True,,
273,1983 (56th),Michael Caine,Dr. Frank Bryant,Educating Rita,[64],/wiki/Educating_Rita_(film),False,,
274,1983 (56th),Tom Conti,Gowan McGland,"Reuben, Reuben",[64],"/wiki/Reuben,_Reuben",False,,
275,1983 (56th),Tom Courtenay,Norman,The Dresser,[64],/wiki/The_Dresser_(1983_film),False,,
276,1983 (56th),Albert Finney,Sir,The Dresser,[64],/wiki/The_Dresser_(1983_film),False,,
277,1984 (57th),F. Murray Abraham ‡,Antonio Salieri,Amadeus,[65],/wiki/Amadeus_(film),True,,
278,1984 (57th),Jeff Bridges,Scott Hayden / Starman,Starman,[65],/wiki/Starman_(film),False,,
279,1984 (57th),Albert Finney,Geoffrey Firmin,Under the Volcano,[65],/wiki/Under_the_Volcano_(1984_film),False,,
280,1984 (57th),Tom Hulce,Wolfgang Amadeus Mozart,Amadeus,[65],/wiki/Amadeus_(film),True,,
281,1984 (57th),Sam Waterston,Sydney Schanberg,The Killing Fields,[65],/wiki/The_Killing_Fields_(film),False,,
282,1985 (58th),William Hurt ‡,Luis Molina,Kiss of the Spider Woman,[66],/wiki/Kiss_of_the_Spider_Woman_(film),True,,
283,1985 (58th),Harrison Ford,John Book,Witness,[66],/wiki/Witness_(1985_film),False,,
284,1985 (58th),James Garner,Murphy Jones,Murphy's Romance,[66],/wiki/Murphy%27s_Romance,False,,
285,1985 (58th),Jack Nicholson,Charley Partanna,Prizzi's Honor,[66],/wiki/Prizzi%27s_Honor,False,,
286,1985 (58th),Jon Voight,"Oscar ""Manny"" Manheim",Runaway Train,[66],/wiki/Runaway_Train_(film),False,,
287,1986 (59th),Paul Newman ‡,"""Fast"" Eddie Felson",The Color of Money,[67],/wiki/The_Color_of_Money,True,,
288,1986 (59th),Dexter Gordon,Dale Turner,Round Midnight,[67],/wiki/Round_Midnight_(film),False,,
289,1986 (59th),Bob Hoskins,George,Mona Lisa,[67],/wiki/Mona_Lisa_(film),False,,
290,1986 (59th),William Hurt,James Leeds,Children of a Lesser God,[67],/wiki/Children_of_a_Lesser_God_(film),False,,
291,1986 (59th),James Woods,Richard Boyle,Salvador,[67],/wiki/Salvador_(film),False,,
292,1987 (60th),Michael Douglas ‡,Gordon Gekko,Wall Street,[68],/wiki/Wall_Street_(1987_film),True,,
293,1987 (60th),William Hurt,Tom Grunick,Broadcast News,[68],/wiki/Broadcast_News_(film),False,,
294,1987 (60th),Marcello Mastroianni,Romano Patroni,Dark Eyes,[68],/wiki/Dark_Eyes_(1987_film),False,,
295,1987 (60th),Jack Nicholson,Francis Phelan,Ironweed,[68],/wiki/Ironweed_(film),False,,
296,1987 (60th),Robin Williams,Adrian Cronauer,"Good Morning, Vietnam",[68],"/wiki/Good_Morning,_Vietnam",False,,
297,1988 (61st),Dustin Hoffman ‡,Raymond Babbitt,Rain Man,[69],/wiki/Rain_Man,True,,
298,1988 (61st),Gene Hackman,Rupert Anderson,Mississippi Burning,[69],/wiki/Mississippi_Burning,False,,
299,1988 (61st),Tom Hanks,Josh Baskin,Big,[69],/wiki/Big_(film),False,,
300,1988 (61st),Edward James Olmos,Jaime Escalante,Stand and Deliver,[69],/wiki/Stand_and_Deliver,False,,
301,1988 (61st),Max von Sydow,"Lassefar ""Lasse"" Karlsson",Pelle the Conqueror,[69],/wiki/Pelle_the_Conqueror,False,,
302,1989 (62nd),Daniel Day-Lewis ‡,Christy Brown,My Left Foot,[70],/wiki/My_Left_Foot,True,,
303,1989 (62nd),Kenneth Branagh,King Henry V,Henry V,[70],/wiki/Henry_V_(1989_film),False,,
304,1989 (62nd),Tom Cruise,Ron Kovic,Born on the Fourth of July,[70],/wiki/Born_on_the_Fourth_of_July_(film),False,,
305,1989 (62nd),Morgan Freeman,Hoke Colburn,Driving Miss Daisy,[70],/wiki/Driving_Miss_Daisy,False,,
306,1989 (62nd),Robin Williams,John Keating,Dead Poets Society,[70],/wiki/Dead_Poets_Society,False,,
307,1990 (63rd),Jeremy Irons ‡,Claus von Bülow,Reversal of Fortune,[71],/wiki/Reversal_of_Fortune,True,,
308,1990 (63rd),Kevin Costner,Lt. John J. Dunbar,Dances with Wolves,[71],/wiki/Dances_with_Wolves,False,,
309,1990 (63rd),Robert De Niro,Leonard Lowe,Awakenings,[71],/wiki/Awakenings,False,,
310,1990 (63rd),Gérard Depardieu,Cyrano de Bergerac,Cyrano de Bergerac,[71],/wiki/Cyrano_de_Bergerac,False,,
311,1990 (63rd),Richard Harris,"""Bull"" McCabe",The Field,[71],/wiki/The_Field_(1990_film),False,,
312,1991 (64th),Anthony Hopkins ‡,Dr. Hannibal Lecter,The Silence of the Lambs,[72],/wiki/The_Silence_of_the_Lambs_(film),True,,
313,1991 (64th),Warren Beatty,"Benjamin ""Bugsy"" Siegel",Bugsy,[72],/wiki/Bugsy,False,,
314,1991 (64th),Robert De Niro,Max Cady,Cape Fear,[72],/wiki/Cape_Fear_(1991_film),False,,
315,1991 (64th),Nick Nolte,Tom Wingo,The Prince of Tides,[72],/wiki/The_Prince_of_Tides,False,,
316,1991 (64th),Robin Williams,"Henry ""Parry"" Sagan",The Fisher King,[72],/wiki/The_Fisher_King,False,,
317,1992 (65th),Al Pacino ‡,Lt. Col. Frank Slade,Scent of a Woman,[73],/wiki/Scent_of_a_Woman_(1992_film),True,,
318,1992 (65th),Robert Downey Jr.,Charlie Chaplin,Chaplin,[73],/wiki/Chaplin_(film),False,,
319,1992 (65th),Clint Eastwood,Will Munny,Unforgiven,[73],/wiki/Unforgiven,False,,
320,1992 (65th),Stephen Rea,Fergus,The Crying Game,[73],/wiki/The_Crying_Game,False,,
321,1992 (65th),Denzel Washington,Malcolm Little / Malcolm X,Malcolm X,[73],/wiki/Malcolm_X_(1992_film),False,,
322,1993 (66th),Tom Hanks ‡,Andrew Beckett,Philadelphia,[74],/wiki/Philadelphia_(film),True,,
323,1993 (66th),Daniel Day-Lewis,"Gerard ""Gerry"" Conlon",In the Name of the Father,[74],/wiki/In_the_Name_of_the_Father_(film),False,,
324,1993 (66th),Laurence Fishburne,Ike Turner,What's Love Got to Do with It,[74],/wiki/What%27s_Love_Got_to_Do_with_It_(1993_film),False,,
325,1993 (66th),Anthony Hopkins,James Stevens,The Remains of the Day,[74],/wiki/The_Remains_of_the_Day_(film),False,,
326,1993 (66th),Liam Neeson,Oskar Schindler,Schindler's List,[74],/wiki/Schindler%27s_List,False,,
327,1994 (67th),Tom Hanks ‡,Forrest Gump,Forrest Gump,[75],/wiki/Forrest_Gump_(character),True,,
328,1994 (67th),Morgan Freeman,"Ellis Boyd ""Red"" Redding",The Shawshank Redemption,[75],/wiki/The_Shawshank_Redemption,False,,
329,1994 (67th),Nigel Hawthorne,King George III,The Madness of King George,[75],/wiki/The_Madness_of_King_George,False,,
330,1994 (67th),Paul Newman,"Donald ""Sully"" Sullivan",Nobody's Fool,[75],/wiki/Nobody%27s_Fool_(1994_film),False,,
331,1994 (67th),John Travolta,Vincent Vega,Pulp Fiction,[75],/wiki/Pulp_Fiction,False,,
332,1995 (68th),Nicolas Cage ‡,Ben Sanderson,Leaving Las Vegas,[76],/wiki/Leaving_Las_Vegas,True,,
333,1995 (68th),Richard Dreyfuss,Glenn Holland,Mr. Holland's Opus,[76],/wiki/Mr._Holland%27s_Opus,False,,
334,1995 (68th),Anthony Hopkins,Richard Nixon,Nixon,[76],/wiki/Nixon_(film),False,,
335,1995 (68th),Sean Penn,Matthew Poncelet,Dead Man Walking,[76],/wiki/Dead_Man_Walking_(film),False,,
336,1995 (68th),Massimo Troisi †,Mario Ruoppolo,Il Postino: The Postman,[76],/wiki/Il_Postino:_The_Postman,False,,
337,1996 (69th),Geoffrey Rush ‡,David Helfgott,Shine,[77],/wiki/Shine_(film),True,,
338,1996 (69th),Tom Cruise,Jerry Maguire,Jerry Maguire,[77],/wiki/Jerry_Maguire,False,,
339,1996 (69th),Ralph Fiennes,Count László de Almásy,The English Patient,[77],/wiki/The_English_Patient_(film),False,,
340,1996 (69th),Woody Harrelson,Larry Flynt,The People vs. Larry Flynt,[77],/wiki/The_People_vs._Larry_Flynt,False,,
341,1996 (69th),Billy Bob Thornton,Karl Childers,Sling Blade,[77],/wiki/Sling_Blade,False,,
342,1997 (70th),Jack Nicholson ‡,Melvin Udall,As Good as It Gets,[78],/wiki/As_Good_as_It_Gets,True,,
343,1997 (70th),Matt Damon,Will Hunting,Good Will Hunting,[78],/wiki/Good_Will_Hunting,False,,
344,1997 (70th),Robert Duvall,"Euliss ""Sonny"" Dewey / The Apostle E. F.",The Apostle,[78],/wiki/The_Apostle,False,,
345,1997 (70th),Peter Fonda,"Ulysses ""Ulee"" Jackson",Ulee's Gold,[78],/wiki/Ulee%27s_Gold,False,,
346,1997 (70th),Dustin Hoffman,Stanley Motss,Wag the Dog,[78],/wiki/Wag_the_Dog,False,,
347,1998 (71st),Roberto Benigni ‡,Guido Orefice,Life Is Beautiful,[79],/wiki/Life_Is_Beautiful,True,,
348,1998 (71st),Tom Hanks,Captain John H. Miller,Saving Private Ryan,[79],/wiki/Saving_Private_Ryan,False,,
349,1998 (71st),Ian McKellen,James Whale,Gods and Monsters,[79],/wiki/Gods_and_Monsters_(film),False,,
350,1998 (71st),Nick Nolte,Wade Whitehouse,Affliction,[79],/wiki/Affliction_(1997_film),False,,
351,1998 (71st),Edward Norton,Derek Vinyard,American History X,[79],/wiki/American_History_X,False,,
352,1999 (72nd),Kevin Spacey ‡,Lester Burnham,American Beauty,[80],/wiki/American_Beauty_(1999_film),True,,
353,1999 (72nd),Russell Crowe,Jeffrey Wigand,The Insider,[80],/wiki/The_Insider_(film),False,,
354,1999 (72nd),Richard Farnsworth,Alvin Straight,The Straight Story,[80],/wiki/The_Straight_Story,False,,
355,1999 (72nd),Sean Penn,Emmet Ray,Sweet and Lowdown,[80],/wiki/Sweet_and_Lowdown,False,,
356,1999 (72nd),Denzel Washington,"Rubin ""The Hurricane"" Carter",The Hurricane,[80],/wiki/The_Hurricane_(1999_film),False,,
357,2000 (73rd),Russell Crowe ‡,Maximus Decimus Meridius,Gladiator,[81],/wiki/Gladiator_(2000_film),True,,
358,2000 (73rd),Javier Bardem,Reinaldo Arenas,Before Night Falls,[81],/wiki/Before_Night_Falls_(film),False,,
359,2000 (73rd),Tom Hanks,Chuck Noland,Cast Away,[81],/wiki/Cast_Away,False,,
360,2000 (73rd),Ed Harris,Jackson Pollock,Pollock,[81],/wiki/Pollock_(film),False,,
361,2000 (73rd),Geoffrey Rush,Marquis de Sade,Quills,[81],/wiki/Quills_(film),False,,
362,2001 (74th),Denzel Washington ‡,Detective Alonzo Harris,Training Day,[82],/wiki/Training_Day,True,,
363,2001 (74th),Russell Crowe,John Forbes Nash Jr.,A Beautiful Mind,[82],/wiki/A_Beautiful_Mind_(film),False,,
364,2001 (74th),Sean Penn,Sam Dawson,I Am Sam,[82],/wiki/I_Am_Sam,False,,
365,2001 (74th),Will Smith,Cassius Clay / Muhammad Ali,Ali,[82],/wiki/Ali_(film),False,,
366,2001 (74th),Tom Wilkinson,Dr. Matt Fowler,In the Bedroom,[82],/wiki/In_the_Bedroom,False,,
367,2002 (75th),Adrien Brody ‡,Władysław Szpilman,The Pianist,[83],/wiki/The_Pianist_(2002_film),True,,
368,2002 (75th),Nicolas Cage,Charlie Kaufman & Donald Kaufman,Adaptation.,[83],/wiki/Adaptation_(film),False,,
369,2002 (75th),Michael Caine,Thomas Fowler,The Quiet American,[83],/wiki/The_Quiet_American_(2002_film),False,,
370,2002 (75th),Daniel Day-Lewis,"William ""Bill the Butcher"" Cutting",Gangs of New York,[83],/wiki/Gangs_of_New_York,False,,
371,2002 (75th),Jack Nicholson,Warren R. Schmidt,About Schmidt,[83],/wiki/About_Schmidt,False,,
372,2003 (76th),Sean Penn ‡,Jimmy Markum,Mystic River,[84],/wiki/Mystic_River_(film),True,,
373,2003 (76th),Johnny Depp,Captain Jack Sparrow,Pirates of the Caribbean: The Curse of the Black Pearl,[84],/wiki/Pirates_of_the_Caribbean:_The_Curse_of_the_Black_Pearl,False,,
374,2003 (76th),Ben Kingsley,Col. Massoud Amir Behrani,House of Sand and Fog,[84],/wiki/House_of_Sand_and_Fog_(film),False,,
375,2003 (76th),Jude Law,W. P. Inman,Cold Mountain,[84],/wiki/Cold_Mountain_(film),False,,
376,2003 (76th),Bill Murray,Bob Harris,Lost in Translation,[84],/wiki/Lost_in_Translation_(film),False,,
377,2004 (77th),Jamie Foxx ‡,Ray Charles,Ray,[85],/wiki/Ray_(film),True,,
378,2004 (77th),Don Cheadle,Paul Rusesabagina,Hotel Rwanda,[85],/wiki/Hotel_Rwanda,False,,
379,2004 (77th),Johnny Depp,Sir James Matthew Barrie,Finding Neverland,[85],/wiki/Finding_Neverland_(film),False,,
380,2004 (77th),Leonardo DiCaprio,Howard Hughes,The Aviator,[85],/wiki/The_Aviator_(2004_film),False,,
381,2004 (77th),Clint Eastwood,Frankie Dunn,Million Dollar Baby,[85],/wiki/Million_Dollar_Baby,False,,
382,2005 (78th),Philip Seymour Hoffman ‡,Truman Capote,Capote,[86],/wiki/Capote_(film),True,,
383,2005 (78th),Terrence Howard,DJay,Hustle & Flow,[86],/wiki/Hustle_%26_Flow,False,,
384,2005 (78th),Heath Ledger,Ennis Del Mar,Brokeback Mountain,[86],/wiki/Brokeback_Mountain,False,,
385,2005 (78th),Joaquin Phoenix,Johnny Cash,Walk the Line,[86],/wiki/Walk_the_Line,False,,
386,2005 (78th),David Strathairn,Edward R. Murrow,"Good Night, and Good Luck.",[86],"/wiki/Good_Night,_and_Good_Luck",False,,
387,2006 (79th),Forest Whitaker ‡,Idi Amin,The Last King of Scotland,[87],/wiki/The_Last_King_of_Scotland_(film),True,,
388,2006 (79th),Leonardo DiCaprio,Danny Archer,Blood Diamond,[87],/wiki/Blood_Diamond,False,,
389,2006 (79th),Ryan Gosling,Dan Dunne,Half Nelson,[87],/wiki/Half_Nelson_(film),False,,
390,2006 (79th),Peter O'Toole,Maurice Russell,Venus,[87],/wiki/Venus_(2006_film),False,,
391,2006 (79th),Will Smith,Chris Gardner,The Pursuit of Happyness,[87],/wiki/The_Pursuit_of_Happyness,False,,
392,2007 (80th),Daniel Day-Lewis ‡,Daniel Plainview,There Will Be Blood,[88],/wiki/There_Will_Be_Blood,True,,
393,2007 (80th),George Clooney,Michael Clayton,Michael Clayton,[88],/wiki/Michael_Clayton,False,,
394,2007 (80th),Johnny Depp,Sweeney Todd / Benjamin Barker,Sweeney Todd: The Demon Barber of Fleet Street,[88],/wiki/Sweeney_Todd:_The_Demon_Barber_of_Fleet_Street_(2007_film),False,,
395,2007 (80th),Tommy Lee Jones,Hank Deerfield,In the Valley of Elah,[88],/wiki/In_the_Valley_of_Elah,False,,
396,2007 (80th),Viggo Mortensen,Nikolai Luzhin,Eastern Promises,[88],/wiki/Eastern_Promises,False,,
397,2008 (81st),Sean Penn ‡,Harvey Milk,Milk,[89],/wiki/Milk_(2008_American_film),True,,
398,2008 (81st),Richard Jenkins,Walter Vale,The Visitor,[89],/wiki/The_Visitor_(2007_feature_film),False,,
399,2008 (81st),Frank Langella,Richard Nixon,Frost/Nixon,[89],/wiki/Frost/Nixon_(film),False,,
400,2008 (81st),Brad Pitt,Benjamin Button,The Curious Case of Benjamin Button,[89],/wiki/The_Curious_Case_of_Benjamin_Button_(film),False,,
401,2008 (81st),Mickey Rourke,"Randy ""The Ram"" Robinson",The Wrestler,[89],/wiki/The_Wrestler_(2008_film),False,,
402,2009 (82nd),Jeff Bridges ‡,"Otis ""Bad"" Blake",Crazy Heart,[90],/wiki/Crazy_Heart,True,,
403,2009 (82nd),George Clooney,Ryan Bingham,Up in the Air,[90],/wiki/Up_in_the_Air_(2009_film),False,,
404,2009 (82nd),Colin Firth,George Falconer,A Single Man,[90],/wiki/A_Single_Man,False,,
405,2009 (82nd),Morgan Freeman,Nelson Mandela,Invictus,[90],/wiki/Invictus_(film),False,,
406,2009 (82nd),Jeremy Renner,SFC William James,The Hurt Locker,[90],/wiki/The_Hurt_Locker,False,,
407,2010 (83rd),Colin Firth ‡,King George VI,The King's Speech,[91],/wiki/The_King%27s_Speech,True,,
408,2010 (83rd),Javier Bardem,Uxbal,Biutiful,[91],/wiki/Biutiful,False,,
409,2010 (83rd),Jeff Bridges,"Reuben ""Rooster"" Cogburn",True Grit,[91],/wiki/True_Grit_(2010_film),False,,
410,2010 (83rd),Jesse Eisenberg,Mark Zuckerberg,The Social Network,[91],/wiki/The_Social_Network,False,,
411,2010 (83rd),James Franco,Aron Ralston,127 Hours,[91],/wiki/127_Hours,False,,
412,2011 (84th),Jean Dujardin ‡,George Valentin,The Artist,[92],/wiki/The_Artist_(film),True,,
413,2011 (84th),Demián Bichir,Carlos Galindo,A Better Life,[92],/wiki/A_Better_Life,False,,
414,2011 (84th),George Clooney,Matt King,The Descendants,[92],/wiki/The_Descendants,False,,
415,2011 (84th),Gary Oldman,George Smiley,Tinker Tailor Soldier Spy,[92],/wiki/Tinker_Tailor_Soldier_Spy_(film),False,,
416,2011 (84th),Brad Pitt,Billy Beane,Moneyball,[92],/wiki/Moneyball_(film),False,,
417,2012 (85th),Daniel Day-Lewis ‡,Abraham Lincoln,Lincoln,[93],/wiki/Lincoln_(film),True,,
418,2012 (85th),Bradley Cooper,"Patrizio ""Pat"" Solitano Jr.",Silver Linings Playbook,[93],/wiki/Silver_Linings_Playbook,False,,
419,2012 (85th),Hugh Jackman,Jean Valjean,Les Misérables,[93],/wiki/Les_Mis%C3%A9rables_(2012_film),False,,
420,2012 (85th),Joaquin Phoenix,Freddie Quell,The Master,[93],/wiki/The_Master_(2012_film),False,,
421,2012 (85th),Denzel Washington,"William ""Whip"" Whitaker",Flight,[93],/wiki/Flight_(2012_film),False,,
422,2013 (86th),Matthew McConaughey ‡,Ron Woodroof,Dallas Buyers Club,[94],/wiki/Dallas_Buyers_Club,True,,
423,2013 (86th),Christian Bale,Irving Rosenfeld,American Hustle,[94],/wiki/American_Hustle,False,,
424,2013 (86th),Bruce Dern,"Woodrow ""Woody"" Grant",Nebraska,[94],/wiki/Nebraska_(film),False,,
425,2013 (86th),Leonardo DiCaprio,Jordan Belfort,The Wolf of Wall Street,[94],/wiki/The_Wolf_of_Wall_Street_(2013_film),False,,
426,2013 (86th),Chiwetel Ejiofor,Solomon Northup,12 Years a Slave,[94],/wiki/12_Years_a_Slave_(film),False,,
427,2014 (87th),Eddie Redmayne ‡,Stephen Hawking,The Theory of Everything,[95],/wiki/The_Theory_of_Everything_(2014_film),True,,
428,2014 (87th),Steve Carell,John du Pont,Foxcatcher,[95],/wiki/Foxcatcher,False,,
429,2014 (87th),Bradley Cooper,Chris Kyle,American Sniper,[95],/wiki/American_Sniper,False,,
430,2014 (87th),Benedict Cumberbatch,Alan Turing,The Imitation Game,[95],/wiki/The_Imitation_Game,False,,
431,2014 (87th),Michael Keaton,Riggan Thomson,Birdman,[95],/wiki/Birdman_(film),False,,
432,2015 (88th),Leonardo DiCaprio ‡,Hugh Glass,The Revenant,[96],/wiki/The_Revenant_(2015_film),True,,
433,2015 (88th),Bryan Cranston,Dalton Trumbo,Trumbo,[96],/wiki/Trumbo_(2015_film),False,,
434,2015 (88th),Matt Damon,Mark Watney,The Martian,[96],/wiki/The_Martian_(film),False,,
435,2015 (88th),Michael Fassbender,Steve Jobs,Steve Jobs,[96],/wiki/Steve_Jobs,False,,
436,2015 (88th),Eddie Redmayne,Einar Wegener / Lili Elbe,The Danish Girl,[96],/wiki/The_Danish_Girl_(film),False,,
437,2016 (89th),Casey Affleck ‡,Lee Chandler,Manchester by the Sea,[97],/wiki/Manchester_by_the_Sea_(film),True,,
438,2016 (89th),Andrew Garfield,Desmond Doss,Hacksaw Ridge,[97],/wiki/Hacksaw_Ridge,False,,
439,2016 (89th),Ryan Gosling,Sebastian Wilder,La La Land,[97],/wiki/La_La_Land,False,,
440,2016 (89th),Viggo Mortensen,Ben Cash,Captain Fantastic,[97],/wiki/Captain_Fantastic_(film),False,,
441,2016 (89th),Denzel Washington,Troy Maxson,Fences,[97],/wiki/Fences_(film),False,,
442,2017 (90th),Gary Oldman ‡,Winston Churchill,Darkest Hour,[98],/wiki/Darkest_Hour_(film),True,,
443,2017 (90th),Timothée Chalamet,Elio Perlman,Call Me by Your Name,[98],/wiki/Call_Me_by_Your_Name_(film),False,,
444,2017 (90th),Daniel Day-Lewis,Reynolds Woodcock,Phantom Thread,[98],/wiki/Phantom_Thread,False,,
445,2017 (90th),Daniel Kaluuya,Chris Washington,Get Out,[98],/wiki/Get_Out,False,,
446,2017 (90th),Denzel Washington,Roman J. Israel,"Roman J. Israel, Esq.",[98],"/wiki/Roman_J._Israel,_Esq.",False,,
447,2018 (91st),Rami Malek ‡,Freddie Mercury,Bohemian Rhapsody,[99],/wiki/Bohemian_Rhapsody_(film),True,,
448,2018 (91st),Christian Bale,Dick Cheney,Vice,[99],/wiki/Vice_(2018_film),False,,
449,2018 (91st),Bradley Cooper,Jackson Maine,A Star Is Born,[99],/wiki/A_Star_Is_Born_(2018_film),False,,
450,2018 (91st),Willem Dafoe,Vincent van Gogh,At Eternity's Gate,[99],/wiki/At_Eternity%27s_Gate_(film),False,,
451,2018 (91st),Viggo Mortensen,"Anthony ""Tony Lip"" Vallelonga",Green Book,[99],/wiki/Green_Book_(film),False,,
452,2019 (92nd),Joaquin Phoenix ‡,Arthur Fleck / Joker,Joker,[100],/wiki/Joker_(2019_film),True,,
453,2019 (92nd),Antonio Banderas,Salvador Mallo,Pain and Glory,[100],/wiki/Pain_and_Glory,False,,
454,2019 (92nd),Leonardo DiCaprio,Rick Dalton,Once Upon a Time in Hollywood,[100],/wiki/Once_Upon_a_Time_in_Hollywood,False,,
455,2019 (92nd),Adam Driver,Charlie Barber,Marriage Story,[100],/wiki/Marriage_Story,False,,
456,2019 (92nd),Jonathan Pryce,Cardinal Jorge Mario Bergoglio,The Two Popes,[100],/wiki/The_Two_Popes,False,,
457,2020/21 [101]  (93rd),Anthony Hopkins ‡,Anthony,The Father,[102],/wiki/The_Father_(2020_film),True,,
458,2020/21 [101]  (93rd),Riz Ahmed,Ruben Stone,Sound of Metal,[102],/wiki/Sound_of_Metal,False,,
459,2020/21 [101]  (93rd),Chadwick Boseman †,Levee Green,Ma Rainey's Black Bottom,[102],/wiki/Ma_Rainey%27s_Black_Bottom_(film),False,,
460,2020/21 [101]  (93rd),Gary Oldman,Herman J. Mankiewicz,Mank,[102],/wiki/Mank,False,,
461,2020/21 [101]  (93rd),Steven Yeun,Jacob Yi,Minari,[102],/wiki/Minari_(film),False,,
462,2021  (94th),Will Smith ‡,Richard Williams,King Richard,[103],/wiki/King_Richard_(film),True,,
463,2021  (94th),Javier Bardem,Desi Arnaz,Being the Ricardos,[103],/wiki/Being_the_Ricardos,False,,
464,2021  (94th),Benedict Cumberbatch,Phil Burbank,The Power of the Dog,[103],/wiki/The_Power_of_the_Dog_(film),False,,
465,2021  (94th),Andrew Garfield,Jonathan Larson,"Tick, Tick... Boom!",[103],"/wiki/Tick,_Tick..._Boom!_(film)",False,,
466,2021  (94th),Denzel Washington,Lord Macbeth,The Tragedy of Macbeth,[103],/wiki/The_Tragedy_of_Macbeth_(2021_film),False,,
467,2022 (95th),Brendan Fraser ‡,Charlie,The Whale,[104],/wiki/The_Whale_(2022_film),True,,
468,2022 (95th),Austin Butler,Elvis Presley,Elvis,[104],/wiki/Elvis_(2022_film),False,,
469,2022 (95th),Colin Farrell,Pádraic Súilleabháin,The Banshees of Inisherin,[104],/wiki/The_Banshees_of_Inisherin,False,,
470,2022 (95th),Paul Mescal,Calum Paterson,Aftersun,[104],/wiki/Aftersun,False,,
471,2022 (95th),Bill Nighy,Rodney Williams,Living,[104],/wiki/Living_(2022_film),False,,
472,2023 (96th),Bradley Cooper,Leonard Bernstein,Maestro,[105],/wiki/Maestro_(2023_film),False,,
473,2023 (96th),Colman Domingo,Bayard Rustin,Rustin,[105],/wiki/Rustin_(film),False,,
474,2023 (96th),Paul Giamatti,Paul Hunham,The Holdovers,[105],/wiki/The_Holdovers,False,,
475,2023 (96th),Cillian Murphy,J. Robert Oppenheimer,Oppenheimer,[105],/wiki/Oppenheimer_(film),False,,
476,2023 (96th),Jeffrey Wright,"Thelonious ""Monk"" Ellison",American Fiction,[105],/wiki/American_Fiction_(film),False,,
477,2020,Anthony Hopkins,,The Father,[106],/wiki/The_Father_(2020_film),False,Oldest Winner,83.0
478,2020,Anthony Hopkins,,The Father,[106],/wiki/The_Father_(2020_film),False,Oldest Nominee,83.0
479,2002,Adrien Brody,,The Pianist,[106],/wiki/The_Pianist_(2002_film),False,Youngest Winner,29.0
480,1931,Jackie Cooper,,Skippy,[106],/wiki/Skippy_(film),False,Youngest Nominee,9.0
