,Year,Film,Nominees,FilmLink,Won
0,1941 (14th),,,,False
1,1941 (14th),Churchill's Island,National Film Board of Canada,/wiki/Churchill%27s_Island,True
2,1941 (14th),Adventure in the Bronx,Film Associates,/wiki/Adventure_in_the_Bronx,False
3,1941 (14th),Bomber,United States Office for Emergency Management Film Unit,/wiki/Bomber:_A_Defense_Report_on_Film,False
4,1941 (14th),Christmas Under Fire,British Ministry of Information,/wiki/Christmas_Under_Fire,False
5,1941 (14th),Letter from Home,British Ministry of Information,/wiki/A_Letter_from_Home_(film),False
6,1941 (14th),Life of a Thoroughbred,Truman Talley,/wiki/Life_of_a_Thoroughbred,False
7,1941 (14th),Norway in Revolt,The March of Time,/wiki/Norway_in_Revolt,False
8,1941 (14th),A Place to Live,Philadelphia Housing Association,/wiki/A_Place_to_Live_(1941_film),False
9,1941 (14th),Russian Soil,Amkino,/wiki/Russian_Soil,False
10,1941 (14th),Soldiers of the Sky,Truman Talley,/wiki/Soldiers_of_the_Sky,False
11,1941 (14th),Warclouds in the Pacific,National Film Board of Canada,/wiki/Warclouds_in_the_Pacific,False
12,1942 (15th),,,,False
13,1942 (15th),Short subject and feature documentaries competed in a combined Best Documentary category.,Short subject and feature documentaries competed in a combined Best Documentary category.,,False
14,1943 (16th) [note 1] [5],,,,False
15,1943 (16th) [note 1] [5],December 7th,United States Navy,/wiki/December_7th:_The_Movie,True
16,1943 (16th) [note 1] [5],Children of Mars,RKO Radio,/wiki/Children_of_Mars,False
17,1943 (16th) [note 1] [5],Plan for Destruction,Metro-Goldwyn-Mayer,/wiki/Plan_for_Destruction,False
18,1943 (16th) [note 1] [5],Swedes in America,United States Office of War Information Overseas Motion Picture Bureau,/wiki/Swedes_in_America,False
19,1943 (16th) [note 1] [5],To the People of the United States,Walter Wanger,/wiki/To_the_People_of_the_United_States,False
20,1943 (16th) [note 1] [5],Tomorrow We Fly,United States Navy Bureau of Aeronautics,/wiki/Tomorrow_We_Fly,False
21,1943 (16th) [note 1] [5],Youth in Crisis,The March of Time,/wiki/Youth_in_Crisis,False
22,1944 (17th),,,,False
23,1944 (17th),With the Marines at Tarawa,United States Marine Corps,/wiki/With_the_Marines_at_Tarawa,True
24,1944 (17th),Hymn of the Nations,United States Office of War Information Overseas Motion Picture Bureau,/wiki/Hymn_of_the_Nations,False
25,1944 (17th),New Americans,RKO Radio,/wiki/New_Americans_(film),False
26,1945 (18th),,,,False
27,1945 (18th),Hitler Lives?,Gordon Hollingshead,/wiki/Hitler_Lives,True
28,1945 (18th),Library of Congress,United States Office of War Information Overseas Motion Picture Bureau,/wiki/Library_of_Congress_(film),False
29,1945 (18th),To the Shores of Iwo Jima,United States Marine Corps,/wiki/To_the_Shores_of_Iwo_Jima,False
30,1946 (19th),,,,False
31,1946 (19th),Seeds of Destiny,United States Department of War,/wiki/Seeds_of_Destiny,True
32,1946 (19th),Atomic Power,The March of Time,/wiki/Atomic_Power_(film),False
33,1946 (19th),Life at the Zoo,Artkino,/wiki/Life_at_the_Zoo,False
34,1946 (19th),Paramount News Issue #37 (Twentieth Anniversary Issue! 1927.....1947),Paramount,/wiki/Paramount_News,False
35,1946 (19th),Traffic with the Devil,Herbert Morgan,/wiki/Traffic_with_the_Devil,False
36,1947 (20th),,,,False
37,1947 (20th),First Steps,United Nations Division of Films and Visual Information,/wiki/First_Steps_(1947_film),True
38,1947 (20th),Passport to Nowhere,Frederic Ullman Jr.,/wiki/Passport_to_Nowhere,False
39,1947 (20th),School in the Mailbox,Australian News & Information Bureau,/wiki/School_in_the_Mailbox,False
40,1948 (21st),,,,False
41,1948 (21st),Toward Independence,United States Army,/wiki/Toward_Independence,True
42,1948 (21st),Heart to Heart,Herbert Morgan,/wiki/Heart_to_Heart_(1949_film),False
43,1948 (21st),Operation Vittles,United States Army Air Force,/wiki/Operation_Vittles_(film),False
44,1949 (22nd),,,,False
45,1949 (22nd),A Chance to Live (TIE),Richard de Rochemont,,False
46,1949 (22nd),So Much for So Little (TIE),Edward Selzer,,False
47,1949 (22nd),1848,French Cinema General Cooperative,/wiki/1848_(film),False
48,1949 (22nd),The Rising Tide,"St. Francis-Xavier University, Antigonish, Nova Scotia",/wiki/The_Rising_Tide_(film),False
49,1950 (23rd),,,,False
50,1950 (23rd),Why Korea?,Edmund Reek,/wiki/Why_Korea%3F,True
51,1950 (23rd),The Fight: Science Against Cancer,Guy Glover,/wiki/The_Fight:_Science_Against_Cancer,False
52,1950 (23rd),The Stairs,"Film Documents, Inc.",/wiki/The_Stairs_(1950_film),False
53,1951 (24th),,,,False
54,1951 (24th),Benjy,Made by Fred Zinnemann with the cooperation of Paramount Pictures Corporation for the Los Angeles Orthopaedic Hospital [note 2][6],/wiki/Benjy_(film),True
55,1951 (24th),One Who Came Back,"Owen Crump (Film sponsored by the Disabled American Veterans, in cooperation with the United States Department of Defense and the Association of Motion Picture Producers)",/wiki/One_Who_Came_Back,False
56,1951 (24th),The Seeing Eye,Gordon Hollingshead,/wiki/The_Seeing_Eye_(film),False
57,1952 (25th),,,,False
58,1952 (25th),Neighbours,Norman McLaren [note 2],/wiki/Neighbours_(1952_film),True
59,1952 (25th),Devil Take Us,Herbert Morgan,/wiki/Devil_Take_Us,False
60,1952 (25th),The Garden Spider (Epeira Diadema),Alberto Ancilotto,/wiki/The_Garden_Spider,False
61,1952 (25th),Man Alive!,Stephen Bosustow,/wiki/Man_Alive!_(film),False
62,1953 (26th),,,,False
63,1953 (26th),The Alaskan Eskimo,Walt Disney,/wiki/The_Alaskan_Eskimo,True
64,1953 (26th),The Living City,John Barnes,/wiki/The_Living_City,False
65,1953 (26th),Operation Blue Jay,United States Army Signal Corps,/wiki/Operation_Blue_Jay_(film),False
66,1953 (26th),They Planted a Stone,James Carr,/wiki/They_Planted_a_Stone,False
67,1953 (26th),The Word,John Healy and John Adams,/wiki/The_Word_(1953_film),False
68,1954 (27th),,,,False
69,1954 (27th),Thursday's Children,World Wide Pictures and Morse Films,/wiki/Thursday%27s_Children,True
70,1954 (27th),Jet Carrier,Otto Lang,/wiki/Jet_Carrier,False
71,1954 (27th),Rembrandt: A Self-Portrait,Morrie Roizman,/wiki/Rembrandt:_A_Self-Portrait,False
72,1955 (28th),,,,False
73,1955 (28th),Men Against the Arctic,Walt Disney,/wiki/Men_Against_the_Arctic,True
74,1955 (28th),The Battle of Gettysburg,Dore Schary,/wiki/The_Battle_of_Gettysburg_(1955_film),False
75,1955 (28th),The Face of Lincoln,Wilbur T. Blume,/wiki/The_Face_of_Lincoln,False
76,1956 (29th),,,,False
77,1956 (29th),The True Story of the Civil War,Louis Clyde Stoumen,/wiki/The_True_Story_of_the_Civil_War,True
78,1956 (29th),A City Decides,"Charles Guggenheim & Associates, Inc.",/wiki/A_City_Decides,False
79,1956 (29th),The Dark Wave,John Healy,/wiki/The_Dark_Wave,False
80,1956 (29th),The House Without a Name,Valentine Davies,/wiki/The_House_Without_a_Name,False
81,1956 (29th),Man in Space,Ward Kimball,/wiki/Man_in_Space,False
82,1957 (30th),,,,False
83,1957 (30th),No award given,No award given,,False
84,1958 (31st),,,,False
85,1958 (31st),Ama Girls,Ben Sharpsteen,/wiki/Ama_Girls,True
86,1958 (31st),Employees Only,Kenneth G. Brown,/wiki/Employees_Only,False
87,1958 (31st),Journey into Spring,Ian Ferguson,/wiki/Journey_into_Spring,False
88,1958 (31st),The Living Stone,Tom Daly,/wiki/The_Living_Stone,False
89,1958 (31st),Overture,Thorold Dickinson,/wiki/Overture_(1958_film),False
90,1959 (32nd),,,,False
91,1959 (32nd),Glass,Bert Haanstra,/wiki/Glass_(1958_film),True
92,1959 (32nd),Donald in Mathmagic Land,Walt Disney,/wiki/Donald_in_Mathmagic_Land,False
93,1959 (32nd),From Generation to Generation,Edward F. Cullen,/wiki/From_Generation_to_Generation,False
94,1960 (33rd),,,,False
95,1960 (33rd),Giuseppina,James Hill,/wiki/Giuseppina,True
96,1960 (33rd),Beyond Silence,United States Information Agency,/wiki/Beyond_Silence_(1960_film),False
97,1960 (33rd),A City Called Copenhagen,Statens Filmcentral and The Danish Government Film Office,/wiki/A_City_Called_Copenhagen,False
98,1960 (33rd),George Grosz' Interregnum,Charles Carey and Altina Carey,/wiki/George_Grosz%27_Interregnum,False
99,1960 (33rd),Universe,Colin Low,/wiki/Universe_(1960_film),False
100,1961 (34th),,,,False
101,1961 (34th),Project Hope,Frank P. Bibas,/wiki/Project_Hope_(film),True
102,1961 (34th),Breaking the Language Barrier,United States Air Force,/wiki/Breaking_the_Language_Barrier,False
103,1961 (34th),Cradle of Genius,Jim O'Connor and Tom Hayes,/wiki/Cradle_of_Genius,False
104,1961 (34th),Kahl,Dido-Film-GmbH,/wiki/Kahl_(film),False
105,1961 (34th),L'Uomo in Grigio (The Man in Gray),Benedetto Benedetti,/wiki/The_Man_in_Gray,False
106,1962 (35th),,,,False
107,1962 (35th),Dylan Thomas,Jack Howells,/wiki/Dylan_Thomas_(film),True
108,1962 (35th),The John Glenn Story,William L. Hendricks,/wiki/The_John_Glenn_Story,False
109,1962 (35th),The Road to the Wall,Robert Saudek,/wiki/The_Road_to_the_Wall,False
110,1963 (36th),,,,False
111,1963 (36th),Chagall,Simon Schiffrin,/wiki/Chagall_(film),True
112,1963 (36th),The Five Cities of June,George Stevens Jr.,/wiki/The_Five_Cities_of_June,False
113,1963 (36th),The Spirit of America,Algernon G. Walker,/wiki/The_Spirit_of_America,False
114,1963 (36th),Thirty Million Letters,Edgar Anstey,/wiki/Thirty_Million_Letters,False
115,1963 (36th),To Live Again,Mel London,/wiki/To_Live_Again_(film),False
116,1964 (37th),,,,False
117,1964 (37th),Nine from Little Rock,Charles Guggenheim,/wiki/Nine_from_Little_Rock,True
118,1964 (37th),140 Days Under the World,Geoffrey Scott and Oxley Hughan,/wiki/140_Days_Under_the_World,False
119,1964 (37th),Breaking the Habit,Henry Jacobs and John Korty,/wiki/Breaking_the_Habit_(film),False
120,1964 (37th),Children Without,Charles Guggenheim,/wiki/Children_Without,False
121,1964 (37th),Kenojuak,National Film Board of Canada,/wiki/Eskimo_Artist:_Kenojuak,False
122,1965 (38th),,,,False
123,1965 (38th),To Be Alive!,Francis Thompson,/wiki/To_Be_Alive!,True
124,1965 (38th),Mural on Our Street,Kirk Smallman,/wiki/Mural_on_Our_Street,False
125,1965 (38th),Overture,Mafilm Productions,/wiki/Overture_(1965_film),False
126,1965 (38th),Point of View,Vision Associates Productions,/wiki/Point_of_View_(film),False
127,1965 (38th),Yeats Country,Patrick Carey and Joe Mendoza,/wiki/Yeats_Country,False
128,1966 (39th),,,,False
129,1966 (39th),A Year Toward Tomorrow,Edmond A. Levy,/wiki/A_Year_Toward_Tomorrow,True
130,1966 (39th),Adolescence,Marin Karmitz and Vladimir Forgency,/wiki/Adolescence_(film),False
131,1966 (39th),Cowboy,Michael Ahnemann and Gary Schlosser,/wiki/Cowboy_(1966_film),False
132,1966 (39th),The Odds Against,Lee R. Bobker and Helen Kristt Radin,/wiki/The_Odds_Against,False
133,1966 (39th),Saint Matthew Passion,Mafilm Studio,/wiki/Saint_Matthew_Passion_(film),False
134,1967 (40th),,,,False
135,1967 (40th),The Redwoods,Mark Jonathan Harris and Trevor Greenwood,/wiki/The_Redwoods,True
136,1967 (40th),Monument to the Dream,Charles Guggenheim,/wiki/Monument_to_the_Dream,False
137,1967 (40th),A Place to Stand,Christopher Chapman,/wiki/A_Place_to_Stand_(film),False
138,1967 (40th),See You at the Pillar,Robert Fitchett,/wiki/See_You_at_the_Pillar,False
139,1967 (40th),While I Run This Race,Carl V. Ragsdale,/wiki/While_I_Run_This_Race,False
140,1968 (41st),,,,False
141,1968 (41st),Why Man Creates,Saul Bass,/wiki/Why_Man_Creates,True
142,1968 (41st),The House That Ananda Built,Fali Bilimoria,/wiki/The_House_That_Ananda_Built,False
143,1968 (41st),The Revolving Door,Lee R. Bobker,/wiki/The_Revolving_Door,False
144,1968 (41st),A Space to Grow,Thomas P. Kelly Jr.,/wiki/A_Space_to_Grow,False
145,1968 (41st),A Way Out of the Wilderness,Dan E. Weisburd,/wiki/A_Way_Out_of_the_Wilderness,False
146,1969 (42nd),,,,False
147,1969 (42nd),Czechoslovakia 1968,Denis Sanders and Robert M. Fresco,/wiki/Czechoslovakia_1968,True
148,1969 (42nd),An Impression of John Steinbeck: Writer,Donald Wrye,/wiki/An_Impression_of_John_Steinbeck:_Writer,False
149,1969 (42nd),Jenny Is a Good Thing,Joan Horvath,/wiki/Jenny_Is_a_Good_Thing,False
150,1969 (42nd),Leo Beuerman,Arthur H. Wolf and Russell A. Mosser,/wiki/Leo_Beuerman,False
151,1969 (42nd),The Magic Machines,Joan Keller Stern,/wiki/The_Magic_Machines,False
152,1970 (43rd),,,,False
153,1970 (43rd),Interviews with My Lai Veterans,Joseph Strick,/wiki/Interviews_with_My_Lai_Veterans,True
154,1970 (43rd),The Gifts,Robert McBride,/wiki/The_Gifts,False
155,1970 (43rd),A Long Way from Nowhere,Bob Aller,/wiki/A_Long_Way_from_Nowhere,False
156,1970 (43rd),Oisin,Patrick Carey and Vivien Carey,/wiki/Oisin_(film),False
157,1970 (43rd),Time Is Running Out,Horst Dallmayr and Robert Menegoz,/wiki/Time_Is_Running_Out_(film),False
158,1971 (44th),,,,False
159,1971 (44th),Sentinels of Silence,Manuel Arango and Robert Amram,/wiki/Sentinels_of_Silence,True
160,1971 (44th),Adventures in Perception,Han van Gelder,/wiki/Adventures_in_Perception,False
161,1971 (44th),Art Is...,Julian Krainin and DeWitt L. Sage Jr.,/wiki/Art_Is...,False
162,1971 (44th),The Numbers Start with the River,Donald Wrye,/wiki/The_Numbers_Start_with_the_River,False
163,1971 (44th),Somebody Waiting,"Hal Riney, Dick Snider and Sherwood Omens",/wiki/Somebody_Waiting,False
164,1972 (45th),,,,False
165,1972 (45th),This Tiny World,Charles and Martina Huguenot van der Linden,/wiki/This_Tiny_World,True
166,1972 (45th),Hundertwasser's Rainy Day,Peter Schamoni,/wiki/Hundertwasser%27s_Rainy_Day,False
167,1972 (45th),K-Z,Giorgio Treves,/wiki/K-Z,False
168,1972 (45th),Selling Out,Tadeusz Jaworski,/wiki/Selling_Out_(film),False
169,1972 (45th),The Tide of Traffic,Humphrey Swingler,/wiki/The_Tide_of_Traffic,False
170,1973 (46th),,,,False
171,1973 (46th),Princeton: A Search for Answers,Julian Krainin and DeWitt Sage,/wiki/Princeton:_A_Search_for_Answers,True
172,1973 (46th),Background,Carmen D'Avino,/wiki/Background_(1973_film),False
173,1973 (46th),Children at Work (Paisti Ag Obair),Louis Marcus,/wiki/Children_at_Work,False
174,1973 (46th),Christo's Valley Curtain,Albert Maysles and David Maysles,/wiki/Christo%27s_Valley_Curtain,False
175,1973 (46th),Four Stones for Kanemitsu,Terry Sanders and June Wayne,/wiki/Four_Stones_for_Kanemitsu,False
176,1974 (47th),,,,False
177,1974 (47th),Don't,Robin Lehman,/wiki/Don%27t_(1974_film),True
178,1974 (47th),City Out of Wilderness,Francis Thompson,/wiki/City_Out_of_Wilderness,False
179,1974 (47th),Exploratorium,Jon Boorstin,/wiki/Exploratorium_(film),False
180,1974 (47th),John Muir's High Sierra,Dewitt Jones and Lesley Foster,/wiki/John_Muir%27s_High_Sierra,False
181,1974 (47th),Naked Yoga,Ronald S. Kass and Mervyn Lloyd,/wiki/Naked_Yoga_(film),False
182,1975 (48th),,,,False
183,1975 (48th),The End of the Game,Claire Wilbur and Robin Lehman,/wiki/The_End_of_the_Game_(1975_film),True
184,1975 (48th),Arthur and Lillie,"Jon Else, Steven Kovacs and Kristine Samuelson",/wiki/Arthur_and_Lillie,False
185,1975 (48th),Millions of Years Ahead of Man,Manfred Baier,/wiki/Millions_of_Years_Ahead_of_Man,False
186,1975 (48th),Probes in Space,George V. Casey,/wiki/Probes_in_Space,False
187,1975 (48th),Whistling Smith,Barrie Howells and Michael Scott,/wiki/Whistling_Smith,False
188,1976 (49th),,,,False
189,1976 (49th),Number Our Days,Lynne Littman and Barbara Myerhoff,/wiki/Number_Our_Days,True
190,1976 (49th),American Shoeshine,Sparky Greene,/wiki/American_Shoeshine,False
191,1976 (49th),Blackwood,Tony Ianzelo and Andy Thomson,/wiki/Blackwood_(1976_film),False
192,1976 (49th),The End of the Road,John Armstrong,/wiki/The_End_of_the_Road_(1976_film),False
193,1976 (49th),Universe,Lester Novros,/wiki/Universe_(1976_film),False
194,1977 (50th),,,,False
195,1977 (50th),Gravity Is My Enemy,John C. Joseph and Jan Stussy,/wiki/Gravity_Is_My_Enemy,True
196,1977 (50th),"Agueda Martinez: Our People, Our Country",Moctesuma Esparza,"/wiki/Agueda_Martinez:_Our_People,_Our_Country",False
197,1977 (50th),First Edition,Helen Whitney and DeWitt L. Sage Jr.,/wiki/First_Edition_(film),False
198,1977 (50th),"Of Time, Tombs and Treasures",James R. Messenger and Paul N. Raimondi,"/wiki/Of_Time,_Tombs_and_Treasures",False
199,1977 (50th),The Shetland Experience,Douglas Gordon,/wiki/The_Shetland_Experience,False
200,1978 (51st),,,,False
201,1978 (51st),The Flight of the Gossamer Condor,Jacqueline Phillips Shedd and Ben Shedd,/wiki/The_Flight_of_the_Gossamer_Condor,True
202,1978 (51st),The Divided Trail: A Native American Odyssey,Jerry Aronson,/wiki/The_Divided_Trail:_A_Native_American_Odyssey,False
203,1978 (51st),An Encounter with Faces,K.K. Kapil,/wiki/An_Encounter_with_Faces,False
204,1978 (51st),Goodnight Miss Ann,August Cinquegrana,/wiki/Goodnight_Miss_Ann,False
205,1978 (51st),Squires of San Quentin,J. Gary Mitchell,/wiki/Squires_of_San_Quentin,False
206,1979 (52nd),,,,False
207,1979 (52nd),Paul Robeson: Tribute to an Artist,Saul J. Turell,/wiki/Paul_Robeson:_Tribute_to_an_Artist,True
208,1979 (52nd),Dae,Risto Teofilovski,/wiki/Dae_(film),False
209,1979 (52nd),Koryo Celadon,Donald A. Connolly and James R. Messenger,/wiki/Koryo_Celadon,False
210,1979 (52nd),Nails,Phillip Borsos,/wiki/Nails_(1979_film),False
211,1979 (52nd),Remember Me,Dick Young,/wiki/Remember_Me_(1979_film),False
212,1980 (53rd),,,,False
213,1980 (53rd),Karl Hess: Toward Liberty,Roland Hallé and Peter Ladue,/wiki/Karl_Hess:_Toward_Liberty,True
214,1980 (53rd),Don't Mess with Bill,John Watson and Pen Densham,/wiki/Don%27t_Mess_with_Bill_(film),False
215,1980 (53rd),The Eruption of Mount St. Helens,George Casey,/wiki/The_Eruption_of_Mount_St._Helens!,False
216,1980 (53rd),It's the Same World,Dick Young,/wiki/It%27s_the_Same_World,False
217,1980 (53rd),Luther Metke at 94,Richard Hawkins and Jorge Preloran,/wiki/Luther_Metke_at_94,False
218,1981 (54th),,,,False
219,1981 (54th),Close Harmony,Nigel Noble,/wiki/Close_Harmony_(1981_film),True
220,1981 (54th),Americas in Transition,Obie Benz,/wiki/Americas_in_Transition,False
221,1981 (54th),Journey for Survival,Dick Young,/wiki/Journey_for_Survival,False
222,1981 (54th),See What I Say,"Linda Chapman, Pam LeBlanc and Freddi Stevens",/wiki/See_What_I_Say,False
223,1981 (54th),Urge to Build,Roland Hallé and John Hoover,/wiki/Urge_to_Build,False
224,1982 (55th),,,,False
225,1982 (55th),If You Love This Planet,Edward Le Lorrain and Terre Nash,/wiki/If_You_Love_This_Planet,True
226,1982 (55th),Gods of Metal,Robert Richter,/wiki/Gods_of_Metal_(film),False
227,1982 (55th),The Klan: A Legacy of Hate in America,Charles Guggenheim and Werner Schumann,/wiki/The_Klan:_A_Legacy_of_Hate_in_America,False
228,1982 (55th),To Live or Let Die,Freida Lee Mock,/wiki/To_Live_or_Let_Die,False
229,1982 (55th),Traveling Hopefully,John G. Avildsen,/wiki/Traveling_Hopefully,False
230,1983 (56th),,,,False
231,1983 (56th),Flamenco at 5:15,Cynthia Scott and Adam Symansky,/wiki/Flamenco_at_5:15,True
232,1983 (56th),In the Nuclear Shadow: What Can the Children Tell Us?,Vivienne Verdon-Roe and Eric Thiermann,/wiki/In_the_Nuclear_Shadow:_What_Can_the_Children_Tell_Us%3F,False
233,1983 (56th),Sewing Woman,Arthur Dong,/wiki/Sewing_Woman,False
234,1983 (56th),Spaces: The Architecture of Paul Rudolph,Robert Eisenhardt,/wiki/Spaces:_The_Architecture_of_Paul_Rudolph,False
235,1983 (56th),You Are Free (Ihr Zent Frei),Dea Brokman and Ilene Landis,/wiki/You_Are_Free_(film),False
236,1984 (57th),,,,False
237,1984 (57th),The Stone Carvers,Marjorie Hunt and Paul Wagner,/wiki/The_Stone_Carvers_(film),True
238,1984 (57th),The Children of Soong Ching Ling,Gary Bush and Paul T.K. Lin,/wiki/The_Children_of_Soong_Ching_Ling,False
239,1984 (57th),Code Gray: Ethical Dilemmas in Nursing,Ben Achtenberg and Joan Sawyer,/wiki/Code_Gray:_Ethical_Dilemmas_in_Nursing,False
240,1984 (57th),The Garden of Eden,Lawrence R. Hott and Roger M. Sherman,/wiki/The_Garden_of_Eden_(1984_film),False
241,1984 (57th),Recollections of Pavlovsk,Irina Kalinina,/wiki/Recollections_of_Pavlovsk,False
242,1985 (58th),,,,False
243,1985 (58th),Witness to War: Dr. Charlie Clements,David Goodman,/wiki/Witness_to_War:_Dr._Charlie_Clements,True
244,1985 (58th),The Courage to Care,Robert Gardner,/wiki/The_Courage_to_Care,False
245,1985 (58th),Keats and His Nightingale: A Blind Date,Michael Crowley and James Wolpaw,/wiki/Keats_and_His_Nightingale:_A_Blind_Date,False
246,1985 (58th),Making Overtures: The Story of a Community Orchestra,Barbara Willis Sweete,/wiki/Making_Overtures:_The_Story_of_a_Community_Orchestra,False
247,1985 (58th),The Wizard of the Strings,Alan Edelstein,/wiki/The_Wizard_of_the_Strings,False
248,1986 (59th),,,,False
249,1986 (59th),"Women – for America, for the World",Vivienne Verdon-Roe,"/wiki/Women_%E2%80%93_for_America,_for_the_World",True
250,1986 (59th),Debonair Dancers,Alison Nigh-Strelich,/wiki/Debonair_Dancers,False
251,1986 (59th),The Masters of Disaster,Sonya Friedman,/wiki/The_Masters_of_Disaster,False
252,1986 (59th),Red Grooms: Sunflower in a Hothouse,Thomas L. Neff and Madeline Bell,/wiki/Red_Grooms:_Sunflower_in_a_Hothouse,False
253,1986 (59th),Sam,Aaron D. Weisblatt,/wiki/Sam_(1986_film),False
254,1987 (60th),,,,False
255,1987 (60th),Young at Heart,Sue Marx and Pamela Conn,/wiki/Young_at_Heart_(1987_film),True
256,1987 (60th),Frances Steloff: Memoirs of a Bookseller,Deborah Dickson,/wiki/Frances_Steloff:_Memoirs_of_a_Bookseller,False
257,1987 (60th),In the Wee Wee Hours...,Dr. Frank Daniel and Izak Ben-Meir,/wiki/In_the_Wee_Wee_Hours...,False
258,1987 (60th),Language Says It All,Megan Williams,/wiki/Language_Says_It_All,False
259,1987 (60th),Silver into Gold,Lynn Mueller,/wiki/Silver_into_Gold,False
260,1988 (61st),,,,False
261,1988 (61st),You Don't Have to Die,Malcolm Clarke and Bill Guttentag,/wiki/You_Don%27t_Have_to_Die,True
262,1988 (61st),The Children's Storefront,Karen Goodman,/wiki/The_Children%27s_Storefront_(film),False
263,1988 (61st),Family Gathering,Lise Yasui and Ann Tegnell,/wiki/Family_Gathering,False
264,1988 (61st),Gang Cops,Thomas B. Fleming and Daniel J. Marks,/wiki/Gang_Cops,False
265,1988 (61st),Portrait of Imogen,Nancy Hale and Meg Partridge,/wiki/Portrait_of_Imogen,False
266,1989 (62nd),,,,False
267,1989 (62nd),The Johnstown Flood,Charles Guggenheim,/wiki/The_Johnstown_Flood_(1989_film),True
268,1989 (62nd),"Fine Food, Fine Pastries, Open 6 to 9",David Petersen,"/wiki/Fine_Food,_Fine_Pastries,_Open_6_to_9",False
269,1989 (62nd),Yad Vashem: Preserving the Past to Ensure the Future,Ray Errol Fox,/wiki/Yad_Vashem:_Preserving_the_Past_to_Ensure_the_Future,False
270,1990 (63rd),,,,False
271,1990 (63rd),Days of Waiting,Steven Okazaki,/wiki/Days_of_Waiting:_The_Life_%26_Art_of_Estelle_Ishigo,True
272,1990 (63rd),Burning Down Tomorrow,Kit Thomas,/wiki/Burning_Down_Tomorrow,False
273,1990 (63rd),Chimps: So Like Us,Karen Goodman and Kirk Simon,/wiki/Chimps:_So_Like_Us,False
274,1990 (63rd),Journey Into Life: The World of the Unborn,Derek Bromhall,/wiki/Journey_Into_Life:_The_World_of_the_Unborn,False
275,1990 (63rd),Rose Kennedy: A Life to Remember,Freida Lee Mock and Terry Sanders,/wiki/Rose_Kennedy:_A_Life_to_Remember,False
276,1991 (64th),,,,False
277,1991 (64th),"Deadly Deception: General Electric, Nuclear Weapons and Our Environment",Debra Chasnoff,"/wiki/Deadly_Deception:_General_Electric,_Nuclear_Weapons_and_Our_Environment",True
278,1991 (64th),Birdnesters of Thailand (Shadow Hunters),Éric Valli and Alain Majani,/wiki/Birdnesters_of_Thailand,False
279,1991 (64th),A Little Vicious,Immy Humes,/wiki/A_Little_Vicious,False
280,1991 (64th),The Mark of the Maker,David McGowan,/wiki/The_Mark_of_the_Maker,False
281,1991 (64th),Memorial: Letters from American Soldiers,Bill Couturié and Bernard Edelman,/wiki/Memorial:_Letters_from_American_Soldiers,False
282,1992 (65th),,,,False
283,1992 (65th),Educating Peter,Thomas C. Goodwin (posthumously) and Gerardine Wurzburg,/wiki/Educating_Peter,True
284,1992 (65th),At the Edge of Conquest: The Journey of Chief Wai-Wai,Geoffrey O'Connor,/wiki/At_the_Edge_of_Conquest:_The_Journey_of_Chief_Wai-Wai,False
285,1992 (65th),Beyond Imagining: Margaret Anderson and the 'Little Review',Wendy L. Weinberg,/wiki/Beyond_Imagining:_Margaret_Anderson_and_the_%27Little_Review%27,False
286,1992 (65th),The Colours of My Father: A Portrait of Sam Borenstein,Richard Elson and Sally Bochner,/wiki/The_Colours_of_My_Father:_A_Portrait_of_Sam_Borenstein,False
287,1992 (65th),When Abortion Was Illegal: Untold Stories,Dorothy Fadiman,/wiki/When_Abortion_Was_Illegal:_Untold_Stories,False
288,1993 (66th),,,,False
289,1993 (66th),Defending Our Lives,Margaret Lazarus and Renner Wunderlich,/wiki/Defending_Our_Lives,True
290,1993 (66th),Blood Ties: The Life and Work of Sally Mann,Steven Cantor and Peter Spirer,/wiki/Blood_Ties:_The_Life_and_Work_of_Sally_Mann,False
291,1993 (66th),Chicks in White Satin,Elaine Holliman and Jason Schneider,/wiki/Chicks_in_White_Satin,False
292,1994 (67th),,,,False
293,1994 (67th),A Time for Justice,Charles Guggenheim,/wiki/A_Time_for_Justice,True
294,1994 (67th),Blues Highway,Vince DiPersio and Bill Guttentag,/wiki/Blues_Highway_(film),False
295,1994 (67th),89 mm od Europy (89mm from Europe),Marcel Łoziński,/wiki/89mm_from_Europe,False
296,1994 (67th),School of Assassins,Robert Richter,/wiki/School_of_the_Americas_Assassins,False
297,1994 (67th),Straight from the Heart,Dee Mosbacher and Frances Reid,/wiki/Straight_from_the_Heart_(1994_film),False
298,1995 (68th),,,,False
299,1995 (68th),One Survivor Remembers,Kary Antholis,/wiki/One_Survivor_Remembers,True
300,1995 (68th),Jim Dine: A Self-Portrait on the Walls,Nancy Dine and Richard Stilwell,/wiki/Jim_Dine:_A_Self-Portrait_on_the_Walls,False
301,1995 (68th),The Living Sea,Greg MacGillivray and Alec Lorimore,/wiki/The_Living_Sea,False
302,1995 (68th),Never Give Up: The 20th Century Odyssey of Herbert Zipper,Terry Sanders and Freida Lee Mock,/wiki/Never_Give_Up:_The_20th_Century_Odyssey_of_Herbert_Zipper,False
303,1995 (68th),The Shadow of Hate,Charles Guggenheim,/wiki/The_Shadow_of_Hate,False
304,1996 (69th),,,,False
305,1996 (69th),Breathing Lessons: The Life and Work of Mark O'Brien,Jessica Yu,/wiki/Breathing_Lessons:_The_Life_and_Work_of_Mark_O%27Brien,True
306,1996 (69th),Cosmic Voyage,Jeffrey Marvin and Bayley Silleck,/wiki/Cosmic_Voyage_(1996_film),False
307,1996 (69th),An Essay on Matisse,Perry Wolff,/wiki/An_Essay_on_Matisse,False
308,1996 (69th),Special Effects: Anything Can Happen,Susanne Simpson and Ben Burtt,/wiki/Special_Effects:_Anything_Can_Happen,False
309,1996 (69th),The Wild Bunch: An Album in Montage,Paul Seydor and Nick Redman,/wiki/The_Wild_Bunch:_An_Album_in_Montage,False
310,1997 (70th),,,,False
311,1997 (70th),A Story of Healing,Donna Dewey and Carol Pasternak,/wiki/A_Story_of_Healing,True
312,1997 (70th),Alaska: Spirit of the Wild,George Casey and Paul Novros,/wiki/Alaska:_Spirit_of_the_Wild,False
313,1997 (70th),Amazon,Kieth Merrill and Jonathan Stern,/wiki/Amazon_(1997_film),False
314,1997 (70th),Daughter of the Bride,Terri Randall,/wiki/Family_Video_Diaries:_Daughter_of_the_Bride,False
315,1997 (70th),Still Kicking: The Fabulous Palm Springs Follies,Mel Damski and Andrea Blaugrund,/wiki/Still_Kicking:_The_Fabulous_Palm_Springs_Follies,False
316,1998 (71st),,,,False
317,1998 (71st),The Personals: Improvisations on Romance in the Golden Years,Keiko Ibi,/wiki/The_Personals:_Improvisations_on_Romance_in_the_Golden_Years,True
318,1998 (71st),A Place in the Land,Charles Guggenheim,/wiki/A_Place_in_the_Land,False
319,1998 (71st),Sunrise Over Tiananmen Square,Shui-Bo Wang and Donald McWilliams,/wiki/Sunrise_Over_Tiananmen_Square,False
320,1999 (72nd),,,,False
321,1999 (72nd),King Gimp,Susan Hannah Hadary and William A. Whiteford,/wiki/King_Gimp,True
322,1999 (72nd),Eyewitness,Bert Van Bork,/wiki/Eyewitness_(1999_film),False
323,1999 (72nd),The Wildest Show in the South: The Angola Prison Rodeo,Simeon Soffer and Jonathan Stack,/wiki/The_Wildest_Show_in_the_South:_The_Angola_Prison_Rodeo,False
324,2000 (73rd),,,,False
325,2000 (73rd),Big Mama,Tracy Seretean,/wiki/Big_Mama_(film),True
326,2000 (73rd),Curtain Call,Chuck Braverman and Steve Kalafer,/wiki/Curtain_Call_(2000_film),False
327,2000 (73rd),Dolphins,Greg MacGillivray and Alec Lorimore,/wiki/Dolphins_(2000_film),False
328,2000 (73rd),The Man on Lincoln's Nose,Daniel Raim,/wiki/The_Man_on_Lincoln%27s_Nose,False
329,2000 (73rd),On Tiptoe: Gentle Steps to Freedom,Eric Simonson and Leelai Demoz,/wiki/On_Tiptoe:_Gentle_Steps_to_Freedom,False
330,2001 (74th),,,,False
331,2001 (74th),Thoth,Sarah Kernochan and Lynn Appelle,/wiki/Thoth_(film),True
332,2001 (74th),Artists and Orphans: A True Drama,Lianne Klapper McNally,/wiki/Artists_and_Orphans:_A_True_Drama,False
333,2001 (74th),Sing!,Freida Lee Mock and Jessica Sanders,/wiki/Sing!_(2001_film),False
334,2002 (75th),,,,False
335,2002 (75th),Twin Towers,Bill Guttentag and Robert David Port,/wiki/Twin_Towers_(film),True
336,2002 (75th),The Collector of Bedford Street,Alice Elliott,/wiki/The_Collector_of_Bedford_Street,False
337,2002 (75th),Mighty Times: The Legacy of Rosa Parks,Robert Hudson and Bobby Houston,/wiki/Mighty_Times:_The_Legacy_of_Rosa_Parks,False
338,2002 (75th),Why Can't We Be a Family Again?,Roger Weisberg and Murray Nossel,/wiki/Why_Can%27t_We_Be_a_Family_Again%3F,False
339,2003 (76th),,,,False
340,2003 (76th),Chernobyl Heart,Maryann DeLeo,/wiki/Chernobyl_Heart,True
341,2003 (76th),Asylum,Sandy McLeod and Gini Reticker,/wiki/Asylum_(2003_film),False
342,2003 (76th),Ferry Tales,Katja Esson,/wiki/Ferry_Tales,False
343,2004 (77th),,,,False
344,2004 (77th),Mighty Times: The Children's March,Robert Hudson and Robert Houston,/wiki/Mighty_Times:_The_Children%27s_March,True
345,2004 (77th),Autism Is a World,Gerardine Wurzburg,/wiki/Autism_Is_a_World,False
346,2004 (77th),The Children of Leningradsky,Hanna Polak and Andrzej Celinski,/wiki/The_Children_of_Leningradsky,False
347,2004 (77th),Hardwood,Hubert Davis and Erin Faith Young,/wiki/Hardwood_(short_documentary),False
348,2004 (77th),Sister Rose's Passion,Oren Jacoby and Steve Kalafer,/wiki/Sister_Rose%27s_Passion,False
349,2005 (78th),,,,False
350,2005 (78th),A Note of Triumph: The Golden Age of Norman Corwin,Corinne Marrinan and Eric Simonson,/wiki/A_Note_of_Triumph:_The_Golden_Age_of_Norman_Corwin,True
351,2005 (78th),The Death of Kevin Carter: Casualty of the Bang Bang Club,Dan Krauss,/wiki/The_Death_of_Kevin_Carter:_Casualty_of_the_Bang_Bang_Club,False
352,2005 (78th),God Sleeps in Rwanda,Kimberlee Acquaro and Stacy Sherman,/wiki/God_Sleeps_in_Rwanda,False
353,2005 (78th),The Mushroom Club,Steven Okazaki,/wiki/The_Mushroom_Club,False
354,2006 (79th),,,,False
355,2006 (79th),The Blood of Yingzhou District,Ruby Yang and Thomas Lennon,/wiki/The_Blood_of_Yingzhou_District,True
356,2006 (79th),Recycled Life,Leslie Iwerks and Mike Glad,/wiki/Recycled_Life,False
357,2006 (79th),Rehearsing a Dream,Karen Goodman and Kirk Simon,/wiki/Rehearsing_a_Dream,False
358,2006 (79th),Two Hands,Nathaniel Kahn and Susan Rose Behr,/wiki/Two_Hands:_The_Leon_Fleisher_Story,False
359,2007 (80th),,,,False
360,2007 (80th),Freeheld,Cynthia Wade and Vanessa Roth,/wiki/Freeheld_(2007_film),True
361,2007 (80th),La Corona (The Crown),Amanda Micheli and Isabel Vega,/wiki/La_Corona_(film),False
362,2007 (80th),Salim Baba,Tim Sternberg and Francisco Bello,/wiki/Salim_Baba,False
363,2007 (80th),Sari's Mother,James Longley,/wiki/Sari%27s_Mother,False
364,2008 (81st),,,,False
365,2008 (81st),Smile Pinki,Megan Mylan,/wiki/Smile_Pinki,True
366,2008 (81st),The Conscience of Nhem En,Steven Okazaki,/wiki/The_Conscience_of_Nhem_En,False
367,2008 (81st),The Final Inch,Irene Taylor Brodsky and Tom Grant,/wiki/The_Final_Inch,False
368,2008 (81st),The Witness: From the Balcony of Room 306,Adam Pertofsky and Margaret Hyde,/wiki/The_Witness:_From_the_Balcony_of_Room_306,False
369,2009 (82nd),,,,False
370,2009 (82nd),Music by Prudence,Roger Ross Williams and Elinor Burkett,/wiki/Music_by_Prudence,True
371,2009 (82nd),China's Unnatural Disaster: The Tears of Sichuan Province,Jon Alpert and Matthew O'Neill,/wiki/China%27s_Unnatural_Disaster:_The_Tears_of_Sichuan_Province,False
372,2009 (82nd),The Last Campaign of Governor Booth Gardner,Daniel Junge and Henry Ansbacher,/wiki/The_Last_Campaign_of_Governor_Booth_Gardner,False
373,2009 (82nd),The Last Truck: Closing of a GM Plant,Steven Bognar and Julia Reichert,/wiki/The_Last_Truck:_Closing_of_a_GM_Plant,False
374,2009 (82nd),Rabbit à la Berlin,Bartek Konopka and Anna Wydra,/wiki/Rabbit_%C3%A0_la_Berlin,False
375,2010 (83rd),,,,False
376,2010 (83rd),Strangers No More,Karen Goodman and Kirk Simon,/wiki/Strangers_No_More,True
377,2010 (83rd),Killing in the Name,Jed Rothstein,/wiki/Killing_in_the_Name_(film),False
378,2010 (83rd),Poster Girl,Sara Nesson and Mitchell Block,/wiki/Poster_Girl_(film),False
379,2010 (83rd),Sun Come Up,Jennifer Redfearn and Tim Metzger,/wiki/Sun_Come_Up_(film),False
380,2010 (83rd),The Warriors of Qiugang,Ruby Yang and Thomas Lennon,/wiki/The_Warriors_of_Qiugang,False
381,2011 (84th),,,,False
382,2011 (84th),Saving Face,Daniel Junge and Sharmeen Obaid-Chinoy,/wiki/Saving_Face_(2012_film),True
383,2011 (84th),The Barber of Birmingham: Foot Soldier of the Civil Rights Movement,Robin Fryday and Gail Dolgin,/wiki/The_Barber_of_Birmingham,False
384,2011 (84th),God Is the Bigger Elvis,Rebecca Cammisa and Julie Anderson,/wiki/God_Is_the_Bigger_Elvis,False
385,2011 (84th),Incident in New Baghdad,James Spione,/wiki/Incident_in_New_Baghdad,False
386,2011 (84th),The Tsunami and the Cherry Blossom,Lucy Walker and Kira Carstensen,/wiki/The_Tsunami_and_the_Cherry_Blossom,False
387,2012 (85th),,,,False
388,2012 (85th),Inocente,Sean Fine and Andrea Nix Fine,/wiki/Inocente,True
389,2012 (85th),Kings Point,Sari Gilman and Jedd Wider,/wiki/Kings_Point_(film),False
390,2012 (85th),Mondays at Racine,Cynthia Wade and Robin Honan,/wiki/Mondays_at_Racine,False
391,2012 (85th),Open Heart,Kief Davidson and Cori Shepherd Stern,/wiki/Open_Heart_(film),False
392,2012 (85th),Redemption,Jon Alpert and Matthew O'Neill,/wiki/Redemption_(2012_film),False
393,2013 (86th),,,,False
394,2013 (86th),The Lady in Number 6: Music Saved My Life,Malcolm Clarke and Nicholas Reed,/wiki/The_Lady_in_Number_6,True
395,2013 (86th),CaveDigger,Jeffrey Karoff,/wiki/Cavedigger,False
396,2013 (86th),Facing Fear,Jason Cohen,/wiki/Facing_Fear,False
397,2013 (86th),Karama Has No Walls,Sara Ishaq,/wiki/Karama_Has_No_Walls,False
398,2013 (86th),Prison Terminal: The Last Days of Private Jack Hall,Edgar Barens,/wiki/Prison_Terminal:_The_Last_Days_of_Private_Jack_Hall,False
399,2014 (87th),,,,False
400,2014 (87th),Crisis Hotline: Veterans Press 1,Ellen Goosenberg Kent and Dana Perry,/wiki/Crisis_Hotline:_Veterans_Press_1,True
401,2014 (87th),Joanna,Aneta Kopacz,/wiki/Joanna_(2013_film),False
402,2014 (87th),Our Curse,Tomasz Śliwiński and Maciej Ślesicki,/wiki/Our_Curse,False
403,2014 (87th),The Reaper (La Parka),Gabriel Serra Arguello,/wiki/The_Reaper_(2013_film),False
404,2014 (87th),White Earth,J. Christian Jensen,/wiki/White_Earth_(film),False
405,2015 (88th),,,,False
406,2015 (88th),A Girl in the River: The Price of Forgiveness,Sharmeen Obaid-Chinoy,/wiki/A_Girl_in_the_River:_The_Price_of_Forgiveness,True
407,2015 (88th),Body Team 12,David Darg and Bryn Mooser,/wiki/Body_Team_12,False
408,2015 (88th),"Chau, Beyond the Lines",Courtney Marsh and Jerry Franck,"/wiki/Chau,_Beyond_the_Lines",False
409,2015 (88th),Claude Lanzmann: Spectres of the Shoah,Adam Benzine,/wiki/Claude_Lanzmann:_Spectres_of_the_Shoah,False
410,2015 (88th),Last Day of Freedom,Dee Hibbert-Jones and Nomi Talisman,/wiki/Last_Day_of_Freedom,False
411,2016 (89th) [7],,,,False
412,2016 (89th) [7],The White Helmets,Orlando von Einsiedel and Joanna Natasegara,/wiki/The_White_Helmets_(film),True
413,2016 (89th) [7],Extremis,Dan Krauss,/wiki/Extremis_(film),False
414,2016 (89th) [7],4.1 Miles,Daphne Matziaraki,/wiki/4.1_Miles,False
415,2016 (89th) [7],Joe's Violin,Kahane Cooperman and Raphaela Neihausen,/wiki/Joe%27s_Violin,False
416,2016 (89th) [7],Watani: My Homeland,Marcel Mettelsiefen and Stephen Ellis,/wiki/Watani:_My_Homeland,False
417,2017 (90th) [8],,,,False
418,2017 (90th) [8],Heaven Is a Traffic Jam on the 405,Frank Stiefel,/wiki/Heaven_Is_a_Traffic_Jam_on_the_405,True
419,2017 (90th) [8],Edith+Eddie,Laura Checkoway and Thomas Lee Wright,/wiki/Edith%2BEddie,False
420,2017 (90th) [8],Heroin(e),Elaine McMillion Sheldon and Kerrin Sheldon,/wiki/Heroin(e),False
421,2017 (90th) [8],Knife Skills,Thomas Lennon,/wiki/Knife_Skills,False
422,2017 (90th) [8],Traffic Stop,Kate Davis and David Heilbroner,/wiki/Traffic_Stop,False
423,2018 (91st),,,,False
424,2018 (91st),Period. End of Sentence.,Rayka Zehtabchi and Melissa Berton,/wiki/Period._End_of_Sentence.,True
425,2018 (91st),Black Sheep,Ed Perkins and Jonathan Chinn,/wiki/Black_Sheep_(2018_film),False
426,2018 (91st),End Game,Rob Epstein and Jeffrey Friedman,/wiki/End_Game_(2018_film),False
427,2018 (91st),Lifeboat,Skye Fitzgerald and Bryn Mooser,/wiki/Lifeboat_(2018_film),False
428,2018 (91st),A Night at the Garden,Marshall Curry,/wiki/A_Night_at_the_Garden,False
429,2019 (92nd),,,,False
430,2019 (92nd),Learning to Skateboard in a Warzone (If You're a Girl),Carol Dysinger and Elena Andreicheva,/wiki/Learning_to_Skateboard_in_a_Warzone_(If_You%27re_a_Girl),True
431,2019 (92nd),In the Absence,Yi Seung-Jun and Gary Byung-Seok Kam,/wiki/In_the_Absence,False
432,2019 (92nd),Life Overtakes Me,John Haptas and Kristine Samuelson,/wiki/Life_Overtakes_Me,False
433,2019 (92nd),St. Louis Superman,Smriti Mundhra and Sami Khan,/wiki/St._Louis_Superman,False
434,2019 (92nd),Walk Run Cha-Cha,Laura Nix and Colette Sandstedt,/wiki/Walk_Run_Cha-Cha,False
435,2020/21 (93rd),,,,False
436,2020/21 (93rd),Colette,Anthony Giacchino and Alice Doyard,/wiki/Colette_(2020_film),True
437,2020/21 (93rd),A Concerto Is a Conversation,Ben Proudfoot and Kris Bowers,/wiki/A_Concerto_Is_a_Conversation,False
438,2020/21 (93rd),Do Not Split,Anders Hammer and Charlotte Cook,/wiki/Do_Not_Split,False
439,2020/21 (93rd),Hunger Ward,Skye Fitzgerald and Michael Scheuerman,/wiki/Hunger_Ward,False
440,2020/21 (93rd),A Love Song for Latasha,Sophia Nahli Allison and Janice Duncan,/wiki/A_Love_Song_for_Latasha,False
441,2021 (94th),,,,False
442,2021 (94th),The Queen of Basketball,Ben Proudfoot,/wiki/The_Queen_of_Basketball,True
443,2021 (94th),Audible,Matthew Ogens and Geoff McLean,/wiki/Audible_(film),False
444,2021 (94th),Lead Me Home,Pedro Kos and Jon Shenk,/wiki/Lead_Me_Home,False
445,2021 (94th),Three Songs for Benazir,Elizabeth Mirzaei and Gulistan Mirzaei,/wiki/Three_Songs_for_Benazir,False
446,2021 (94th),When We Were Bullies,Jay Rosenblatt,/wiki/When_We_Were_Bullies,False
447,2022 (95th),,,,False
448,2022 (95th),The Elephant Whisperers,Kartiki Gonsalves and Guneet Monga,/wiki/The_Elephant_Whisperers,True
449,2022 (95th),Haulout,Evgenia Arbugaeva and Maxim Arbugaev,/wiki/Haulout_(film),False
450,2022 (95th),How Do You Measure a Year?,Jay Rosenblatt,/wiki/How_Do_You_Measure_a_Year%3F,False
451,2022 (95th),The Martha Mitchell Effect,Anne Alvergue and Beth Levison,/wiki/The_Martha_Mitchell_Effect,False
452,2022 (95th),Stranger at the Gate,Joshua Seftel and Conall Jones,/wiki/Stranger_at_the_Gate,False
453,2023 (96th),,,,False
454,2023 (96th),The ABCs of Book Banning,Sheila Nevins and Trish Adlesic,/wiki/The_ABCs_of_Book_Banning,False
455,2023 (96th),The Barber of Little Rock,John Hoffman and Christine Turner,/wiki/The_Barber_of_Little_Rock,False
456,2023 (96th),Island in Between,S. Leo Chiang and Jean Tsien,/wiki/Island_in_Between,False
457,2023 (96th),The Last Repair Shop,Ben Proudfoot and Kris Bowers,/wiki/The_Last_Repair_Shop,False
458,2023 (96th),Nǎi Nai & Wài Pó,Sean Wang and Sam Davis,/wiki/N%C7%8Ei_Nai_%26_W%C3%A0i_P%C3%B3,False
