,Year,Film,Costume designer(s),FilmLink,Won
0,1948 (21st) [15],,,,False
1,1948 (21st) [15],Black-and-White,Black-and-White,,False
2,1948 (21st) [15],Hamlet,Roger K. Furse,/wiki/Hamlet_(1948_film),True
3,1948 (21st) [15],B.F.'s Daughter,Irene,/wiki/B.F.%27s_Daughter,False
4,1948 (21st) [15],Color,Color,,False
5,1948 (21st) [15],Joan of Arc,Dorothy Jeakins and Karinska,/wiki/Joan_of_Arc_(1948_film),True
6,1948 (21st) [15],The Emperor Waltz,Edith Head and Gile Steele,/wiki/The_Emperor_Waltz,False
7,1949 (22nd) [16],,,,False
8,1949 (22nd) [16],Black-and-White,Black-and-White,,False
9,1949 (22nd) [16],The Heiress,Edith Head and Gile Steele,/wiki/The_Heiress,True
10,1949 (22nd) [16],Prince of Foxes,Vittorio Nino Novarese,/wiki/Prince_of_Foxes_(film),False
11,1949 (22nd) [16],Color,Color,,False
12,1949 (22nd) [16],Adventures of Don Juan,"Leah Rhodes, Travilla and Marjorie Best",/wiki/Adventures_of_Don_Juan,True
13,1949 (22nd) [16],Mother Is a Freshman,Kay Nelson,/wiki/Mother_Is_a_Freshman,False
14,1950 (23rd) [17],,,,False
15,1950 (23rd) [17],Black-and-White,Black-and-White,,False
16,1950 (23rd) [17],All About Eve,Edith Head and Charles LeMaire,/wiki/All_About_Eve,True
17,1950 (23rd) [17],Born Yesterday,Jean Louis,/wiki/Born_Yesterday_(1950_film),False
18,1950 (23rd) [17],The Magnificent Yankee,Walter Plunkett,/wiki/The_Magnificent_Yankee_(1950_film),False
19,1950 (23rd) [17],Color,Color,,False
20,1950 (23rd) [17],Samson and Delilah,"Edith Head, Dorothy Jeakins, Elois Jenssen, Gile Steele and Gwen Wakeling",/wiki/Samson_and_Delilah_(1949_film),True
21,1950 (23rd) [17],The Black Rose,Michael Whittaker,/wiki/The_Black_Rose,False
22,1950 (23rd) [17],That Forsyte Woman,Walter Plunkett and Valles,/wiki/That_Forsyte_Woman,False
23,1951 (24th) [18],,,,False
24,1951 (24th) [18],Black-and-White,Black-and-White,,False
25,1951 (24th) [18],A Place in the Sun,Edith Head,/wiki/A_Place_in_the_Sun_(1951_film),True
26,1951 (24th) [18],Kind Lady,Walter Plunkett and Gile Steele (posthumously),/wiki/Kind_Lady_(1951_film),False
27,1951 (24th) [18],The Model and the Marriage Broker,Charles LeMaire and Renié,/wiki/The_Model_and_the_Marriage_Broker,False
28,1951 (24th) [18],The Mudlark,Edward Stevenson and Margaret Furse,/wiki/The_Mudlark,False
29,1951 (24th) [18],A Streetcar Named Desire,Lucinda Ballard,/wiki/A_Streetcar_Named_Desire_(1951_film),False
30,1951 (24th) [18],Color,Color,,False
31,1951 (24th) [18],An American in Paris,"Orry-Kelly, Walter Plunkett and Irene Sharaff",/wiki/An_American_in_Paris_(film),True
32,1951 (24th) [18],David and Bathsheba,Charles LeMaire and Edward Stevenson,/wiki/David_and_Bathsheba_(film),False
33,1951 (24th) [18],The Great Caruso,Helen Rose and Gile Steele (posthumously),/wiki/The_Great_Caruso,False
34,1951 (24th) [18],Quo Vadis,Herschel McCoy,/wiki/Quo_Vadis_(1951_film),False
35,1951 (24th) [18],Tales of Hoffmann,Hein Heckroth,/wiki/The_Tales_of_Hoffmann_(film),False
36,1952 (25th) [19],,,,False
37,1952 (25th) [19],Black-and-White,Black-and-White,,False
38,1952 (25th) [19],The Bad and the Beautiful,Helen Rose,/wiki/The_Bad_and_the_Beautiful,True
39,1952 (25th) [19],Affair in Trinidad,Jean Louis,/wiki/Affair_in_Trinidad,False
40,1952 (25th) [19],Carrie,Edith Head,/wiki/Carrie_(1952_film),False
41,1952 (25th) [19],My Cousin Rachel,Charles LeMaire and Dorothy Jeakins,/wiki/My_Cousin_Rachel_(1952_film),False
42,1952 (25th) [19],Sudden Fear,Sheila O'Brien,/wiki/Sudden_Fear,False
43,1952 (25th) [19],Color,Color,,False
44,1952 (25th) [19],Moulin Rouge,Marcel Vertès,/wiki/Moulin_Rouge_(1952_film),True
45,1952 (25th) [19],The Greatest Show on Earth,"Edith Head, Dorothy Jeakins and Miles White",/wiki/The_Greatest_Show_on_Earth_(film),False
46,1952 (25th) [19],Hans Christian Andersen,"Clavé, Mary Wills and Madame Karinska",/wiki/Hans_Christian_Andersen_(film),False
47,1952 (25th) [19],The Merry Widow,Helen Rose and Gile Steele (posthumously),/wiki/The_Merry_Widow_(1952_film),False
48,1952 (25th) [19],With a Song in My Heart,Charles LeMaire,/wiki/With_a_Song_in_My_Heart_(film),False
49,1953 (26th) [20],,,,False
50,1953 (26th) [20],Black-and-White,Black-and-White,,False
51,1953 (26th) [20],Roman Holiday,Edith Head,/wiki/Roman_Holiday,True
52,1953 (26th) [20],The Actress,Walter Plunkett,/wiki/The_Actress,False
53,1953 (26th) [20],Dream Wife,Helen Rose and Herschel McCoy,/wiki/Dream_Wife,False
54,1953 (26th) [20],From Here to Eternity,Jean Louis,/wiki/From_Here_to_Eternity,False
55,1953 (26th) [20],The President's Lady,Charles LeMaire and Renié,/wiki/The_President%27s_Lady,False
56,1953 (26th) [20],Color,Color,,False
57,1953 (26th) [20],The Robe,Charles LeMaire and Emile Santiago,/wiki/The_Robe_(film),True
58,1953 (26th) [20],The Band Wagon,Mary Ann Nyberg,/wiki/The_Band_Wagon,False
59,1953 (26th) [20],Call Me Madam,Irene Sharaff,/wiki/Call_Me_Madam_(film),False
60,1953 (26th) [20],How to Marry a Millionaire,Charles LeMaire and Travilla,/wiki/How_to_Marry_a_Millionaire,False
61,1953 (26th) [20],Young Bess,Walter Plunkett,/wiki/Young_Bess,False
62,1954 (27th) [21],,,,False
63,1954 (27th) [21],Black-and-White,Black-and-White,,False
64,1954 (27th) [21],Sabrina,Edith Head,/wiki/Sabrina_(1954_film),True
65,1954 (27th) [21],The Earrings of Madame de...,Georges Annenkov and Rosine Delamare,/wiki/The_Earrings_of_Madame_de...,False
66,1954 (27th) [21],Executive Suite,Helen Rose,/wiki/Executive_Suite,False
67,1954 (27th) [21],Indiscretion of an American Wife,Christian Dior,/wiki/Terminal_Station_(film),False
68,1954 (27th) [21],It Should Happen to You,Jean Louis,/wiki/It_Should_Happen_to_You,False
69,1954 (27th) [21],Color,Color,,False
70,1954 (27th) [21],Gate of Hell,Sanzo Wada,/wiki/Gate_of_Hell_(film),True
71,1954 (27th) [21],Brigadoon,Irene Sharaff,/wiki/Brigadoon_(film),False
72,1954 (27th) [21],Desiree,Charles LeMaire and René Hubert,/wiki/D%C3%A9sir%C3%A9e_(film),False
73,1954 (27th) [21],A Star Is Born,"Jean Louis, Mary Ann Nyberg and Irene Sharaff",/wiki/A_Star_Is_Born_(1954_film),False
74,1954 (27th) [21],There's No Business Like Show Business,"Charles LeMaire, William Travilla and Miles White",/wiki/There%27s_No_Business_Like_Show_Business_(film),False
75,1955 (28th) [22],,,,False
76,1955 (28th) [22],Black-and-White,Black-and-White,,False
77,1955 (28th) [22],I'll Cry Tomorrow,Helen Rose,/wiki/I%27ll_Cry_Tomorrow,True
78,1955 (28th) [22],The Pickwick Papers,Beatrice Dawson,/wiki/The_Pickwick_Papers_(1952_film),False
79,1955 (28th) [22],Queen Bee,Jean Louis,/wiki/Queen_Bee_(film),False
80,1955 (28th) [22],The Rose Tattoo,Edith Head,/wiki/The_Rose_Tattoo_(film),False
81,1955 (28th) [22],Ugetsu,Tadaoto Kainosho,/wiki/Ugetsu,False
82,1955 (28th) [22],Color,Color,,False
83,1955 (28th) [22],Love Is a Many-Splendored Thing,Charles LeMaire,/wiki/Love_Is_a_Many-Splendored_Thing_(film),True
84,1955 (28th) [22],Guys and Dolls,Irene Sharaff,/wiki/Guys_and_Dolls_(film),False
85,1955 (28th) [22],Interrupted Melody,Helen Rose,/wiki/Interrupted_Melody,False
86,1955 (28th) [22],To Catch a Thief,Edith Head,/wiki/To_Catch_a_Thief,False
87,1955 (28th) [22],The Virgin Queen,Charles LeMaire and Mary Wills,/wiki/The_Virgin_Queen_(1955_film),False
88,1956 (29th) [23],,,,False
89,1956 (29th) [23],Black-and-White,Black-and-White,,False
90,1956 (29th) [23],The Solid Gold Cadillac,Jean Louis,/wiki/The_Solid_Gold_Cadillac,True
91,1956 (29th) [23],Seven Samurai,Kohei Ezaki,/wiki/Seven_Samurai,False
92,1956 (29th) [23],The Power and the Prize,Helen Rose,/wiki/The_Power_and_the_Prize,False
93,1956 (29th) [23],The Proud and Profane,Edith Head,/wiki/The_Proud_and_Profane,False
94,1956 (29th) [23],Teenage Rebel,Charles LeMaire and Mary Wills,/wiki/Teenage_Rebel,False
95,1956 (29th) [23],Color,Color,,False
96,1956 (29th) [23],The King and I,Irene Sharaff,/wiki/The_King_and_I_(1956_film),True
97,1956 (29th) [23],Around the World in 80 Days,Miles White,/wiki/Around_the_World_in_80_Days_(1956_film),False
98,1956 (29th) [23],Giant,Moss Mabry and Marjorie Best,/wiki/Giant_(1956_film),False
99,1956 (29th) [23],The Ten Commandments,"Edith Head, Ralph Jester, John Jensen, Dorothy Jeakins and Arnold Friberg",/wiki/The_Ten_Commandments_(1956_film),False
100,1956 (29th) [23],War and Peace,Maria De Matteis,/wiki/War_and_Peace_(1956_film),False
101,1957 (30th) [6] [note 1],,,,False
102,1957 (30th) [6] [note 1],Les Girls,Orry-Kelly,/wiki/Les_Girls,True
103,1957 (30th) [6] [note 1],An Affair to Remember,Charles LeMaire,/wiki/An_Affair_to_Remember,False
104,1957 (30th) [6] [note 1],Funny Face,Edith Head and Hubert de Givenchy,/wiki/Funny_Face,False
105,1957 (30th) [6] [note 1],Pal Joey,Jean Louis,/wiki/Pal_Joey_(film),False
106,1957 (30th) [6] [note 1],Raintree County,Walter Plunkett,/wiki/Raintree_County_(film),False
107,1958 (31st) [24] [note 1],,,,False
108,1958 (31st) [24] [note 1],Gigi,Cecil Beaton,/wiki/Gigi_(1958_film),True
109,1958 (31st) [24] [note 1],"Bell, Book and Candle",Jean Louis,"/wiki/Bell,_Book_and_Candle",False
110,1958 (31st) [24] [note 1],The Buccaneer,"Ralph Jester, Edith Head and John Jensen",/wiki/The_Buccaneer_(1958_film),False
111,1958 (31st) [24] [note 1],A Certain Smile,Charles LeMaire and Mary Wills,/wiki/A_Certain_Smile_(film),False
112,1958 (31st) [24] [note 1],Some Came Running,Walter Plunkett,/wiki/Some_Came_Running_(film),False
113,1959 (32nd) [8],,,,False
114,1959 (32nd) [8],Black-and-White,Black-and-White,,False
115,1959 (32nd) [8],Some Like It Hot,Orry-Kelly,/wiki/Some_Like_It_Hot,True
116,1959 (32nd) [8],Career,Edith Head,/wiki/Career_(1959_film),False
117,1959 (32nd) [8],The Diary of Anne Frank,Charles LeMaire and Mary Wills,/wiki/The_Diary_of_Anne_Frank_(1959_film),False
118,1959 (32nd) [8],The Gazebo,Helen Rose,/wiki/The_Gazebo,False
119,1959 (32nd) [8],The Young Philadelphians,Howard Shoup,/wiki/The_Young_Philadelphians,False
120,1959 (32nd) [8],Color,Color,,False
121,1959 (32nd) [8],Ben-Hur,Elizabeth Haffenden,/wiki/Ben-Hur_(1959_film),True
122,1959 (32nd) [8],The Best of Everything,Adele Palmer,/wiki/The_Best_of_Everything_(film),False
123,1959 (32nd) [8],The Big Fisherman,Renié,/wiki/The_Big_Fisherman,False
124,1959 (32nd) [8],The Five Pennies,Edith Head,/wiki/The_Five_Pennies,False
125,1959 (32nd) [8],Porgy and Bess,Irene Sharaff,/wiki/Porgy_and_Bess_(film),False
126,1960 (33rd) [25],,,,False
127,1960 (33rd) [25],Black-and-White,Black-and-White,,False
128,1960 (33rd) [25],The Facts of Life,Edith Head and Edward Stevenson,/wiki/The_Facts_of_Life_(film),True
129,1960 (33rd) [25],Never on Sunday,Deni Vachlioti,/wiki/Never_on_Sunday,False
130,1960 (33rd) [25],The Rise and Fall of Legs Diamond,Howard Shoup,/wiki/The_Rise_and_Fall_of_Legs_Diamond,False
131,1960 (33rd) [25],Seven Thieves,Bill Thomas,/wiki/Seven_Thieves,False
132,1960 (33rd) [25],The Virgin Spring,Marik Vos,/wiki/The_Virgin_Spring,False
133,1960 (33rd) [25],Color,Color,,False
134,1960 (33rd) [25],Spartacus,Valles and Bill Thomas,/wiki/Spartacus_(film),True
135,1960 (33rd) [25],Can-Can,Irene Sharaff,/wiki/Can-Can_(film),False
136,1960 (33rd) [25],Midnight Lace,Irene,/wiki/Midnight_Lace,False
137,1960 (33rd) [25],Pepe,Edith Head,/wiki/Pepe_(1960_film),False
138,1960 (33rd) [25],Sunrise at Campobello,Marjorie Best,/wiki/Sunrise_at_Campobello,False
139,1961 (34th) [26],,,,False
140,1961 (34th) [26],Black-and-White,Black-and-White,,False
141,1961 (34th) [26],La Dolce Vita,Piero Gherardi,/wiki/La_Dolce_Vita,True
142,1961 (34th) [26],The Children's Hour,Dorothy Jeakins,/wiki/The_Children%27s_Hour_(film),False
143,1961 (34th) [26],Claudelle Inglish,Howard Shoup,/wiki/Claudelle_Inglish,False
144,1961 (34th) [26],Judgment at Nuremberg,Jean Louis,/wiki/Judgment_at_Nuremberg,False
145,1961 (34th) [26],Yojimbo,Yoshirō Muraki,/wiki/Yojimbo_(film),False
146,1961 (34th) [26],Color,Color,,False
147,1961 (34th) [26],West Side Story,Irene Sharaff,/wiki/West_Side_Story_(1961_film),True
148,1961 (34th) [26],Babes in Toyland,Bill Thomas,/wiki/Babes_in_Toyland_(1961_film),False
149,1961 (34th) [26],Back Street,Jean Louis,/wiki/Back_Street_(1961_film),False
150,1961 (34th) [26],Flower Drum Song,Irene Sharaff,/wiki/Flower_Drum_Song_(film),False
151,1961 (34th) [26],Pocketful of Miracles,Edith Head and Walter Plunkett,/wiki/Pocketful_of_Miracles,False
152,1962 (35th) [27],,,,False
153,1962 (35th) [27],Black-and-White,Black-and-White,,False
154,1962 (35th) [27],What Ever Happened to Baby Jane?,Norma Koch,/wiki/What_Ever_Happened_to_Baby_Jane%3F_(film),True
155,1962 (35th) [27],Days of Wine and Roses,Don Feld,/wiki/Days_of_Wine_and_Roses_(film),False
156,1962 (35th) [27],The Man Who Shot Liberty Valance,Edith Head,/wiki/The_Man_Who_Shot_Liberty_Valance,False
157,1962 (35th) [27],The Miracle Worker,Ruth Morley,/wiki/The_Miracle_Worker_(1962_film),False
158,1962 (35th) [27],Phaedra,Denny Vachlioti,/wiki/Phaedra_(film),False
159,1962 (35th) [27],Color,Color,,False
160,1962 (35th) [27],The Wonderful World of the Brothers Grimm,Mary Wills,/wiki/The_Wonderful_World_of_the_Brothers_Grimm,True
161,1962 (35th) [27],Bon Voyage!,Bill Thomas,/wiki/Bon_Voyage!_(1962_film),False
162,1962 (35th) [27],Gypsy,Orry-Kelly,/wiki/Gypsy_(1962_film),False
163,1962 (35th) [27],The Music Man,Dorothy Jeakins,/wiki/The_Music_Man_(1962_film),False
164,1962 (35th) [27],My Geisha,Edith Head,/wiki/My_Geisha,False
165,1963 (36th) [28],,,,False
166,1963 (36th) [28],Black-and-White,Black-and-White,,False
167,1963 (36th) [28],8½,Piero Gherardi,/wiki/8%C2%BD,True
168,1963 (36th) [28],Love with the Proper Stranger,Edith Head,/wiki/Love_with_the_Proper_Stranger,False
169,1963 (36th) [28],The Stripper,Travilla,/wiki/The_Stripper_(film),False
170,1963 (36th) [28],Toys in the Attic,Bill Thomas,/wiki/Toys_in_the_Attic_(1963_film),False
171,1963 (36th) [28],Wives and Lovers,Edith Head,/wiki/Wives_and_Lovers_(film),False
172,1963 (36th) [28],Color,Color,,False
173,1963 (36th) [28],Cleopatra,"Renié, Vittorio Nino Novarese and Irene Sharaff",/wiki/Cleopatra_(1963_film),True
174,1963 (36th) [28],The Cardinal,Donald Brooks,/wiki/The_Cardinal,False
175,1963 (36th) [28],How the West Was Won,Walter Plunkett,/wiki/How_the_West_Was_Won_(film),False
176,1963 (36th) [28],The Leopard,Piero Tosi,/wiki/The_Leopard_(1963_film),False
177,1963 (36th) [28],A New Kind of Love,Edith Head,/wiki/A_New_Kind_of_Love,False
178,1964 (37th) [29],,,,False
179,1964 (37th) [29],Black-and-White,Black-and-White,,False
180,1964 (37th) [29],The Night of the Iguana,Dorothy Jeakins,/wiki/The_Night_of_the_Iguana_(film),True
181,1964 (37th) [29],A House Is Not a Home,Edith Head,/wiki/A_House_Is_Not_a_Home_(film),False
182,1964 (37th) [29],"Hush...Hush, Sweet Charlotte",Norma Koch,"/wiki/Hush...Hush,_Sweet_Charlotte",False
183,1964 (37th) [29],Kisses for My President,Howard Shoup,/wiki/Kisses_for_My_President,False
184,1964 (37th) [29],The Visit,René Hubert,/wiki/The_Visit_(1964_film),False
185,1964 (37th) [29],Color,Color,,False
186,1964 (37th) [29],My Fair Lady,Cecil Beaton,/wiki/My_Fair_Lady_(film),True
187,1964 (37th) [29],Becket,Margaret Furse,/wiki/Becket_(1964_film),False
188,1964 (37th) [29],Mary Poppins,Tony Walton,/wiki/Mary_Poppins_(film),False
189,1964 (37th) [29],The Unsinkable Molly Brown,Morton Haack,/wiki/The_Unsinkable_Molly_Brown_(film),False
190,1964 (37th) [29],What a Way to Go!,Edith Head and Moss Mabry,/wiki/What_a_Way_to_Go!,False
191,1965 (38th) [30],,,,False
192,1965 (38th) [30],Black-and-White,Black-and-White,,False
193,1965 (38th) [30],Darling,Julie Harris,/wiki/Darling_(1965_film),True
194,1965 (38th) [30],Morituri,Moss Mabry,/wiki/Morituri_(1965_film),False
195,1965 (38th) [30],A Rage to Live,Howard Shoup,/wiki/A_Rage_to_Live,False
196,1965 (38th) [30],Ship of Fools,Jean Louis and Bill Thomas,/wiki/Ship_of_Fools_(film),False
197,1965 (38th) [30],The Slender Thread,Edith Head,/wiki/The_Slender_Thread,False
198,1965 (38th) [30],Color,Color,,False
199,1965 (38th) [30],Doctor Zhivago,Phyllis Dalton,/wiki/Doctor_Zhivago_(film),True
200,1965 (38th) [30],The Agony and the Ecstasy,Vittorio Nino Novarese,/wiki/The_Agony_and_the_Ecstasy_(film),False
201,1965 (38th) [30],The Greatest Story Ever Told,Marjorie Best and Vittorio Nino Novarese,/wiki/The_Greatest_Story_Ever_Told,False
202,1965 (38th) [30],Inside Daisy Clover,Edith Head and Bill Thomas,/wiki/Inside_Daisy_Clover,False
203,1965 (38th) [30],The Sound of Music,Dorothy Jeakins,/wiki/The_Sound_of_Music_(film),False
204,1966 (39th) [31],,,,False
205,1966 (39th) [31],Black-and-White,Black-and-White,,False
206,1966 (39th) [31],Who's Afraid of Virginia Woolf?,Irene Sharaff,/wiki/Who%27s_Afraid_of_Virginia_Woolf%3F_(film),True
207,1966 (39th) [31],The Gospel According to St. Matthew,Danilo Donati,/wiki/The_Gospel_According_to_St._Matthew_(film),False
208,1966 (39th) [31],Mandragola,Danilo Donati,/wiki/The_Mandrake_(1965_film),False
209,1966 (39th) [31],Mister Buddwing,Helen Rose,/wiki/Mister_Buddwing,False
210,1966 (39th) [31],Morgan!,Jocelyn Rickards,/wiki/Morgan_%E2%80%93_A_Suitable_Case_for_Treatment,False
211,1966 (39th) [31],Color,Color,,False
212,1966 (39th) [31],A Man for All Seasons,Elizabeth Haffenden and Joan Bridge,/wiki/A_Man_for_All_Seasons_(1966_film),True
213,1966 (39th) [31],Gambit,Jean Louis,/wiki/Gambit_(1966_film),False
214,1966 (39th) [31],Juliet of the Spirits,Piero Gherardi,/wiki/Juliet_of_the_Spirits,False
215,1966 (39th) [31],Hawaii,Dorothy Jeakins,/wiki/Hawaii_(1966_film),False
216,1966 (39th) [31],The Oscar,Edith Head,/wiki/The_Oscar_(film),False
217,1967 (40th) [32],,,,False
218,1967 (40th) [32],Camelot,John Truscott,/wiki/Camelot_(film),True
219,1967 (40th) [32],Bonnie and Clyde,Theadora Van Runkle,/wiki/Bonnie_and_Clyde_(film),False
220,1967 (40th) [32],The Happiest Millionaire,Bill Thomas,/wiki/The_Happiest_Millionaire,False
221,1967 (40th) [32],The Taming of the Shrew,Danilo Donati and Irene Sharaff,/wiki/The_Taming_of_the_Shrew_(1967_film),False
222,1967 (40th) [32],Thoroughly Modern Millie,Jean Louis,/wiki/Thoroughly_Modern_Millie,False
223,1968 (41st) [33],,,,False
224,1968 (41st) [33],Romeo and Juliet,Danilo Donati,/wiki/Romeo_and_Juliet_(1968_film),True
225,1968 (41st) [33],The Lion in Winter,Margaret Furse,/wiki/The_Lion_in_Winter_(1968_film),False
226,1968 (41st) [33],Oliver!,Phyllis Dalton,/wiki/Oliver!_(film),False
227,1968 (41st) [33],Planet of the Apes,Morton Haack,/wiki/Planet_of_the_Apes_(1968_film),False
228,1968 (41st) [33],Star!,Donald Brooks,/wiki/Star!_(film),False
229,1969 (42nd) [34],,,,False
230,1969 (42nd) [34],Anne of the Thousand Days,Margaret Furse,/wiki/Anne_of_the_Thousand_Days,True
231,1969 (42nd) [34],"Gaily, Gaily",Ray Aghayan,"/wiki/Gaily,_Gaily",False
232,1969 (42nd) [34],"Hello, Dolly!",Irene Sharaff,"/wiki/Hello,_Dolly!_(film)",False
233,1969 (42nd) [34],Sweet Charity,Edith Head,/wiki/Sweet_Charity_(film),False
234,1969 (42nd) [34],"They Shoot Horses, Don't They?",Donfeld,"/wiki/They_Shoot_Horses,_Don%27t_They%3F_(film)",False
235,1970 (43rd) [35],,,,False
236,1970 (43rd) [35],Cromwell,Vittorio Nino Novarese,/wiki/Cromwell_(film),True
237,1970 (43rd) [35],Airport,Edith Head,/wiki/Airport_(1970_film),False
238,1970 (43rd) [35],Darling Lili,Jack Bear and Donald Brooks,/wiki/Darling_Lili,False
239,1970 (43rd) [35],The Hawaiians,Bill Thomas,/wiki/The_Hawaiians_(film),False
240,1970 (43rd) [35],Scrooge,Margaret Furse,/wiki/Scrooge_(1970_film),False
241,1971 (44th) [36],,,,False
242,1971 (44th) [36],Nicholas and Alexandra,Yvonne Blake and Antonio Castillo,/wiki/Nicholas_and_Alexandra,True
243,1971 (44th) [36],Bedknobs and Broomsticks,Bill Thomas,/wiki/Bedknobs_and_Broomsticks,False
244,1971 (44th) [36],Death in Venice,Piero Tosi,/wiki/Death_in_Venice_(film),False
245,1971 (44th) [36],"Mary, Queen of Scots",Margaret Furse,"/wiki/Mary,_Queen_of_Scots_(1971_film)",False
246,1971 (44th) [36],What's the Matter with Helen?,Morton Haack,/wiki/What%27s_the_Matter_with_Helen%3F,False
247,1972 (45th) [37],,,,False
248,1972 (45th) [37],Travels with My Aunt,Anthony Powell,/wiki/Travels_with_My_Aunt_(film),True
249,1972 (45th) [37],The Godfather,Anna Hill Johnstone,/wiki/The_Godfather,False
250,1972 (45th) [37],Lady Sings the Blues,"Ray Aghayan, Norma Koch and Bob Mackie",/wiki/Lady_Sings_the_Blues_(film),False
251,1972 (45th) [37],The Poseidon Adventure,Paul Zastupnevich,/wiki/The_Poseidon_Adventure_(1972_film),False
252,1972 (45th) [37],Young Winston,Anthony Mendleson,/wiki/Young_Winston,False
253,1973 (46th) [38],,,,False
254,1973 (46th) [38],The Sting,Edith Head,/wiki/The_Sting,True
255,1973 (46th) [38],Cries and Whispers,Marik Vos,/wiki/Cries_and_Whispers,False
256,1973 (46th) [38],Ludwig,Piero Tosi,/wiki/Ludwig_(film),False
257,1973 (46th) [38],Tom Sawyer,Donfeld,/wiki/Tom_Sawyer_(1973_film),False
258,1973 (46th) [38],The Way We Were,Dorothy Jeakins and Moss Mabry,/wiki/The_Way_We_Were,False
259,1974 (47th) [39],,,,False
260,1974 (47th) [39],The Great Gatsby,Theoni V. Aldredge,/wiki/The_Great_Gatsby_(1974_film),True
261,1974 (47th) [39],Chinatown,Anthea Sylbert,/wiki/Chinatown_(1974_film),False
262,1974 (47th) [39],Daisy Miller,John Furniss,/wiki/Daisy_Miller_(film),False
263,1974 (47th) [39],The Godfather Part II,Theadora Van Runkle,/wiki/The_Godfather_Part_II,False
264,1974 (47th) [39],Murder on the Orient Express,Tony Walton,/wiki/Murder_on_the_Orient_Express_(1974_film),False
265,1975 (48th) [40],,,,False
266,1975 (48th) [40],Barry Lyndon,Milena Canonero and Ulla-Britt Söderlund,/wiki/Barry_Lyndon,True
267,1975 (48th) [40],The Four Musketeers,Yvonne Blake and Ron Talsky[note 2][41],/wiki/The_Four_Musketeers_(1974_film),False
268,1975 (48th) [40],Funny Lady,Ray Aghayan and Bob Mackie,/wiki/Funny_Lady,False
269,1975 (48th) [40],The Magic Flute,Karin Erskine and Henny Noremark,/wiki/The_Magic_Flute_(1975_film),False
270,1975 (48th) [40],The Man Who Would Be King,Edith Head,/wiki/The_Man_Who_Would_Be_King_(film),False
271,1976 (49th) [42],,,,False
272,1976 (49th) [42],Fellini's Casanova,Danilo Donati,/wiki/Fellini%27s_Casanova,True
273,1976 (49th) [42],Bound for Glory,William Ware Theiss,/wiki/Bound_for_Glory_(1976_film),False
274,1976 (49th) [42],The Incredible Sarah,Anthony Mendleson,/wiki/The_Incredible_Sarah,False
275,1976 (49th) [42],The Passover Plot,Mary Wills,/wiki/The_Passover_Plot_(film),False
276,1976 (49th) [42],The Seven-Per-Cent Solution,Alan Barrett,/wiki/The_Seven-Per-Cent_Solution_(film),False
277,1977 (50th) [43],,,,False
278,1977 (50th) [43],Star Wars,John Mollo,/wiki/Star_Wars_(film),True
279,1977 (50th) [43],Airport '77,Edith Head and Burton Miller,/wiki/Airport_%2777,False
280,1977 (50th) [43],Julia,Anthea Sylbert,/wiki/Julia_(1977_film),False
281,1977 (50th) [43],A Little Night Music,Florence Klotz,/wiki/A_Little_Night_Music_(film),False
282,1977 (50th) [43],The Other Side of Midnight,Irene Sharaff,/wiki/The_Other_Side_of_Midnight_(film),False
283,1978 (51st) [44],,,,False
284,1978 (51st) [44],Death on the Nile,Anthony Powell,/wiki/Death_on_the_Nile_(1978_film),True
285,1978 (51st) [44],Caravans,Renié,/wiki/Caravans_(film),False
286,1978 (51st) [44],Days of Heaven,Patricia Norris,/wiki/Days_of_Heaven,False
287,1978 (51st) [44],The Swarm,Paul Zastupnevich,/wiki/The_Swarm_(1978_film),False
288,1978 (51st) [44],The Wiz,Tony Walton,/wiki/The_Wiz_(film),False
289,1979 (52nd) [45],,,,False
290,1979 (52nd) [45],All That Jazz,Albert Wolsky,/wiki/All_That_Jazz_(film),True
291,1979 (52nd) [45],Agatha,Shirley Ann Russell,/wiki/Agatha_(film),False
292,1979 (52nd) [45],Butch and Sundance: The Early Days,William Ware Theiss,/wiki/Butch_and_Sundance:_The_Early_Days,False
293,1979 (52nd) [45],La Cage aux Folles,Ambra Danon and Piero Tosi,/wiki/La_Cage_aux_Folles_(film),False
294,1979 (52nd) [45],The Europeans,Judy Moorcroft,/wiki/The_Europeans_(1979_film),False
295,1980 (53rd) [46],,,,False
296,1980 (53rd) [46],Tess,Anthony Powell,/wiki/Tess_(1979_film),True
297,1980 (53rd) [46],The Elephant Man,Patricia Norris,/wiki/The_Elephant_Man_(film),False
298,1980 (53rd) [46],My Brilliant Career,Anna Senior,/wiki/My_Brilliant_Career_(film),False
299,1980 (53rd) [46],Somewhere in Time,Jean-Pierre Dorleac,/wiki/Somewhere_in_Time_(film),False
300,1980 (53rd) [46],When Time Ran Out,Paul Zastupnevich,/wiki/When_Time_Ran_Out,False
301,1981 (54th) [47],,,,False
302,1981 (54th) [47],Chariots of Fire,Milena Canonero,/wiki/Chariots_of_Fire,True
303,1981 (54th) [47],The French Lieutenant's Woman,Tom Rand,/wiki/The_French_Lieutenant%27s_Woman_(film),False
304,1981 (54th) [47],Pennies from Heaven,Bob Mackie,/wiki/Pennies_from_Heaven_(1981_film),False
305,1981 (54th) [47],Ragtime,Anna Hill Johnstone,/wiki/Ragtime_(film),False
306,1981 (54th) [47],Reds,Shirley Ann Russell,/wiki/Reds_(film),False
307,1982 (55th) [48],,,,False
308,1982 (55th) [48],Gandhi,Bhanu Athaiya and John Mollo,/wiki/Gandhi_(film),True
309,1982 (55th) [48],Sophie's Choice,Albert Wolsky,/wiki/Sophie%27s_Choice_(film),False
310,1982 (55th) [48],La Traviata,Piero Tosi,/wiki/La_Traviata_(1983_film),False
311,1982 (55th) [48],Tron,Elois Jenssen and Rosanna Norton,/wiki/Tron,False
312,1982 (55th) [48],Victor/Victoria,Patricia Norris,/wiki/Victor/Victoria,False
313,1983 (56th) [49],,,,False
314,1983 (56th) [49],Fanny and Alexander,Marik Vos-Lundh,/wiki/Fanny_and_Alexander,True
315,1983 (56th) [49],Cross Creek,Joe I. Tompkins,/wiki/Cross_Creek_(film),False
316,1983 (56th) [49],Heart Like a Wheel,William Ware Theiss,/wiki/Heart_Like_a_Wheel_(film),False
317,1983 (56th) [49],The Return of Martin Guerre,Anne-Marie Marchand,/wiki/The_Return_of_Martin_Guerre,False
318,1983 (56th) [49],Zelig,Santo Loquasto,/wiki/Zelig,False
319,1984 (57th) [50],,,,False
320,1984 (57th) [50],Amadeus,Theodor Pištěk,/wiki/Amadeus_(film),True
321,1984 (57th) [50],2010,Patricia Norris,/wiki/2010:_The_Year_We_Make_Contact,False
322,1984 (57th) [50],The Bostonians,Jenny Beavan and John Bright,/wiki/The_Bostonians_(film),False
323,1984 (57th) [50],A Passage to India,Judy Moorcroft,/wiki/A_Passage_to_India_(film),False
324,1984 (57th) [50],Places in the Heart,Ann Roth,/wiki/Places_in_the_Heart,False
325,1985 (58th) [51],,,,False
326,1985 (58th) [51],Ran,Emi Wada,/wiki/Ran_(film),True
327,1985 (58th) [51],The Color Purple,Aggie Guerard Rodgers,/wiki/The_Color_Purple_(1985_film),False
328,1985 (58th) [51],The Journey of Natty Gann,Albert Wolsky,/wiki/The_Journey_of_Natty_Gann,False
329,1985 (58th) [51],Out of Africa,Milena Canonero,/wiki/Out_of_Africa_(film),False
330,1985 (58th) [51],Prizzi's Honor,Donfeld,/wiki/Prizzi%27s_Honor,False
331,1986 (59th) [52],,,,False
332,1986 (59th) [52],A Room with a View,Jenny Beavan and John Bright,/wiki/A_Room_with_a_View_(1985_film),True
333,1986 (59th) [52],The Mission,Enrico Sabbatini,/wiki/The_Mission_(1986_film),False
334,1986 (59th) [52],Otello,Anna Anni and Maurizio Millenotti,/wiki/Otello_(1986_film),False
335,1986 (59th) [52],Peggy Sue Got Married,Theadora Van Runkle,/wiki/Peggy_Sue_Got_Married,False
336,1986 (59th) [52],Pirates,Anthony Powell,/wiki/Pirates_(1986_film),False
337,1987 (60th) [53],,,,False
338,1987 (60th) [53],The Last Emperor,James Acheson,/wiki/The_Last_Emperor,True
339,1987 (60th) [53],The Dead,Dorothy Jeakins,/wiki/The_Dead_(1987_film),False
340,1987 (60th) [53],Empire of the Sun,Bob Ringwood,/wiki/Empire_of_the_Sun_(film),False
341,1987 (60th) [53],Maurice,Jenny Beavan and John Bright,/wiki/Maurice_(film),False
342,1987 (60th) [53],The Untouchables,Marilyn Vance-Straker,/wiki/The_Untouchables_(film),False
343,1988 (61st) [54],,,,False
344,1988 (61st) [54],Dangerous Liaisons,James Acheson,/wiki/Dangerous_Liaisons,True
345,1988 (61st) [54],Coming to America,Deborah Nadoolman,/wiki/Coming_to_America,False
346,1988 (61st) [54],A Handful of Dust,Jane Robinson,/wiki/A_Handful_of_Dust_(film),False
347,1988 (61st) [54],Sunset,Patricia Norris,/wiki/Sunset_(1988_film),False
348,1988 (61st) [54],Tucker: The Man and His Dream,Milena Canonero,/wiki/Tucker:_The_Man_and_His_Dream,False
349,1989 (62nd) [55],,,,False
350,1989 (62nd) [55],Henry V,Phyllis Dalton,/wiki/Henry_V_(1989_film),True
351,1989 (62nd) [55],The Adventures of Baron Munchausen,Gabriella Pescucci,/wiki/The_Adventures_of_Baron_Munchausen,False
352,1989 (62nd) [55],Driving Miss Daisy,Elizabeth McBride,/wiki/Driving_Miss_Daisy,False
353,1989 (62nd) [55],Harlem Nights,Joe I. Tompkins,/wiki/Harlem_Nights,False
354,1989 (62nd) [55],Valmont,Theodor Pištěk,/wiki/Valmont_(film),False
355,1990 (63rd) [56],,,,False
356,1990 (63rd) [56],Cyrano de Bergerac,Franca Squarciapino,/wiki/Cyrano_de_Bergerac_(1990_film),True
357,1990 (63rd) [56],Avalon,Gloria Gresham,/wiki/Avalon_(1990_film),False
358,1990 (63rd) [56],Dances with Wolves,Elsa Zamparelli,/wiki/Dances_with_Wolves,False
359,1990 (63rd) [56],Dick Tracy,Milena Canonero,/wiki/Dick_Tracy_(1990_film),False
360,1990 (63rd) [56],Hamlet,Maurizio Millenotti,/wiki/Hamlet_(1990_film),False
361,1991 (64th) [57],,,,False
362,1991 (64th) [57],Bugsy,Albert Wolsky,/wiki/Bugsy,True
363,1991 (64th) [57],The Addams Family,Ruth Myers,/wiki/The_Addams_Family_(1991_film),False
364,1991 (64th) [57],Barton Fink,Richard Hornung,/wiki/Barton_Fink,False
365,1991 (64th) [57],Hook,Anthony Powell,/wiki/Hook_(film),False
366,1991 (64th) [57],Madame Bovary,Corinne Jorry,/wiki/Madame_Bovary_(1991_film),False
367,1992 (65th) [58],,,,False
368,1992 (65th) [58],Bram Stoker's Dracula,Eiko Ishioka,/wiki/Bram_Stoker%27s_Dracula_(1992_film),True
369,1992 (65th) [58],Enchanted April,Sheena Napier,/wiki/Enchanted_April_(1991_film),False
370,1992 (65th) [58],Howards End,Jenny Beavan and John Bright,/wiki/Howards_End_(film),False
371,1992 (65th) [58],Malcolm X,Ruth E. Carter,/wiki/Malcolm_X_(1992_film),False
372,1992 (65th) [58],Toys,Albert Wolsky,/wiki/Toys_(film),False
373,1993 (66th) [59],,,,False
374,1993 (66th) [59],The Age of Innocence,Gabriella Pescucci,/wiki/The_Age_of_Innocence_(1993_film),True
375,1993 (66th) [59],Orlando,Sandy Powell,/wiki/Orlando_(film),False
376,1993 (66th) [59],The Piano,Janet Patterson,/wiki/The_Piano,False
377,1993 (66th) [59],The Remains of the Day,Jenny Beavan and John Bright,/wiki/The_Remains_of_the_Day_(film),False
378,1993 (66th) [59],Schindler's List,Anna B. Sheppard,/wiki/Schindler%27s_List,False
379,1994 (67th) [60],,,,False
380,1994 (67th) [60],"The Adventures of Priscilla, Queen of the Desert",Tim Chappel and Lizzy Gardiner,"/wiki/The_Adventures_of_Priscilla,_Queen_of_the_Desert",True
381,1994 (67th) [60],Bullets over Broadway,Jeffrey Kurland,/wiki/Bullets_over_Broadway,False
382,1994 (67th) [60],Little Women,Colleen Atwood,/wiki/Little_Women_(1994_film),False
383,1994 (67th) [60],Maverick,April Ferry,/wiki/Maverick_(film),False
384,1994 (67th) [60],Queen Margot,Moidele Bickel,/wiki/La_Reine_Margot_(1994_film),False
385,1995 (68th) [61],,,,False
386,1995 (68th) [61],Restoration,James Acheson,/wiki/Restoration_(1995_film),True
387,1995 (68th) [61],12 Monkeys,Julie Weiss,/wiki/12_Monkeys,False
388,1995 (68th) [61],Braveheart,Charles Knode,/wiki/Braveheart,False
389,1995 (68th) [61],Richard III,Shuna Harwood,/wiki/Richard_III_(1995_film),False
390,1995 (68th) [61],Sense and Sensibility,Jenny Beavan and John Bright,/wiki/Sense_and_Sensibility_(film),False
391,1996 (69th) [62],,,,False
392,1996 (69th) [62],The English Patient,Ann Roth,/wiki/The_English_Patient_(film),True
393,1996 (69th) [62],Angels & Insects,Paul Brown,/wiki/Angels_%26_Insects,False
394,1996 (69th) [62],Emma,Ruth Myers,/wiki/Emma_(1996_theatrical_film),False
395,1996 (69th) [62],Hamlet,Alexandra Byrne,/wiki/Hamlet_(1990_film),False
396,1996 (69th) [62],The Portrait of a Lady,Janet Patterson,/wiki/The_Portrait_of_a_Lady_(film),False
397,1997 (70th) [63],,,,False
398,1997 (70th) [63],Titanic,Deborah Lynn Scott,/wiki/Titanic_(1997_film),True
399,1997 (70th) [63],Amistad,Ruth E. Carter,/wiki/Amistad_(film),False
400,1997 (70th) [63],Kundun,Dante Ferretti,/wiki/Kundun,False
401,1997 (70th) [63],Oscar and Lucinda,Janet Patterson,/wiki/Oscar_and_Lucinda_(film),False
402,1997 (70th) [63],The Wings of the Dove,Sandy Powell,/wiki/The_Wings_of_the_Dove_(1997_film),False
403,1998 (71st) [64],,,,False
404,1998 (71st) [64],Shakespeare in Love,Sandy Powell,/wiki/Shakespeare_in_Love,True
405,1998 (71st) [64],Beloved,Colleen Atwood,/wiki/Beloved_(1998_film),False
406,1998 (71st) [64],Elizabeth,Alexandra Byrne,/wiki/Elizabeth_(film),False
407,1998 (71st) [64],Pleasantville,Judianna Makovsky,/wiki/Pleasantville_(film),False
408,1998 (71st) [64],Velvet Goldmine,Sandy Powell,/wiki/Velvet_Goldmine,False
409,1999 (72nd) [65],,,,False
410,1999 (72nd) [65],Topsy-Turvy,Lindy Hemming,/wiki/Topsy-Turvy,True
411,1999 (72nd) [65],Anna and the King,Jenny Beavan,/wiki/Anna_and_the_King,False
412,1999 (72nd) [65],Sleepy Hollow,Colleen Atwood,/wiki/Sleepy_Hollow_(film),False
413,1999 (72nd) [65],The Talented Mr. Ripley,Gary Jones and Ann Roth,/wiki/The_Talented_Mr._Ripley_(film),False
414,1999 (72nd) [65],Titus,Milena Canonero,/wiki/Titus_(film),False
415,2000 (73rd) [66],,,,False
416,2000 (73rd) [66],Gladiator,Janty Yates,/wiki/Gladiator_(2000_film),True
417,2000 (73rd) [66],102 Dalmatians,Anthony Powell,/wiki/102_Dalmatians,False
418,2000 (73rd) [66],"Crouching Tiger, Hidden Dragon",Tim Yip,"/wiki/Crouching_Tiger,_Hidden_Dragon",False
419,2000 (73rd) [66],How the Grinch Stole Christmas,Rita Ryack,/wiki/How_the_Grinch_Stole_Christmas_(2000_film),False
420,2000 (73rd) [66],Quills,Jacqueline West,/wiki/Quills_(film),False
421,2001 (74th) [67],,,,False
422,2001 (74th) [67],Moulin Rouge!,Catherine Martin and Angus Strathie,/wiki/Moulin_Rouge!,True
423,2001 (74th) [67],The Affair of the Necklace,Milena Canonero,/wiki/The_Affair_of_the_Necklace,False
424,2001 (74th) [67],Gosford Park,Jenny Beavan,/wiki/Gosford_Park,False
425,2001 (74th) [67],Harry Potter and the Sorcerer's Stone,Judianna Makovsky,/wiki/Harry_Potter_and_the_Philosopher%27s_Stone_(film),False
426,2001 (74th) [67],The Lord of the Rings: The Fellowship of the Ring,Ngila Dickson and Richard Taylor,/wiki/The_Lord_of_the_Rings:_The_Fellowship_of_the_Ring,False
427,2002 (75th) [68],,,,False
428,2002 (75th) [68],Chicago,Colleen Atwood,/wiki/Chicago_(2002_film),True
429,2002 (75th) [68],Frida,Julie Weiss,/wiki/Frida_(2002_film),False
430,2002 (75th) [68],Gangs of New York,Sandy Powell,/wiki/Gangs_of_New_York,False
431,2002 (75th) [68],The Hours,Ann Roth,/wiki/The_Hours_(film),False
432,2002 (75th) [68],The Pianist,Anna B. Sheppard,/wiki/The_Pianist_(2002_film),False
433,2003 (76th) [69],,,,False
434,2003 (76th) [69],The Lord of the Rings: The Return of the King,Ngila Dickson and Richard Taylor,/wiki/The_Lord_of_the_Rings:_The_Return_of_the_King,True
435,2003 (76th) [69],Girl with a Pearl Earring,Dien van Straalen,/wiki/Girl_with_a_Pearl_Earring_(film),False
436,2003 (76th) [69],The Last Samurai,Ngila Dickson,/wiki/The_Last_Samurai,False
437,2003 (76th) [69],Master and Commander: The Far Side of the World,Wendy Stites,/wiki/Master_and_Commander:_The_Far_Side_of_the_World,False
438,2003 (76th) [69],Seabiscuit,Judianna Makovsky,/wiki/Seabiscuit_(film),False
439,2004 (77th) [70],,,,False
440,2004 (77th) [70],The Aviator,Sandy Powell,/wiki/The_Aviator_(2004_film),True
441,2004 (77th) [70],Finding Neverland,Alexandra Byrne,/wiki/Finding_Neverland_(film),False
442,2004 (77th) [70],Lemony Snicket's A Series of Unfortunate Events,Colleen Atwood,/wiki/Lemony_Snicket%27s_A_Series_of_Unfortunate_Events,False
443,2004 (77th) [70],Ray,Sharen Davis,/wiki/Ray_(film),False
444,2004 (77th) [70],Troy,Bob Ringwood,/wiki/Troy_(film),False
445,2005 (78th) [71],,,,False
446,2005 (78th) [71],Memoirs of a Geisha,Colleen Atwood,/wiki/Memoirs_of_a_Geisha_(film),True
447,2005 (78th) [71],Charlie and the Chocolate Factory,Gabriella Pescucci,/wiki/Charlie_and_the_Chocolate_Factory_(film),False
448,2005 (78th) [71],Mrs Henderson Presents,Sandy Powell,/wiki/Mrs_Henderson_Presents,False
449,2005 (78th) [71],Pride & Prejudice,Jacqueline Durran,/wiki/Pride_%26_Prejudice_(2005_film),False
450,2005 (78th) [71],Walk the Line,Arianne Phillips,/wiki/Walk_the_Line,False
451,2006 (79th) [72],,,,False
452,2006 (79th) [72],Marie Antoinette,Milena Canonero,/wiki/Marie_Antoinette_(2006_film),True
453,2006 (79th) [72],Curse of the Golden Flower,Chung Man Yee,/wiki/Curse_of_the_Golden_Flower,False
454,2006 (79th) [72],The Devil Wears Prada,Patricia Field,/wiki/The_Devil_Wears_Prada_(film),False
455,2006 (79th) [72],Dreamgirls,Sharen Davis,/wiki/Dreamgirls_(film),False
456,2006 (79th) [72],The Queen,Consolata Boyle,/wiki/The_Queen_(2006_film),False
457,2007 (80th) [73],,,,False
458,2007 (80th) [73],Elizabeth: The Golden Age,Alexandra Byrne,/wiki/Elizabeth:_The_Golden_Age,True
459,2007 (80th) [73],Across the Universe,Albert Wolsky,/wiki/Across_the_Universe_(film),False
460,2007 (80th) [73],Atonement,Jacqueline Durran,/wiki/Atonement_(2007_film),False
461,2007 (80th) [73],La Vie en Rose,Marit Allen (posthumously),/wiki/La_Vie_en_rose_(film),False
462,2007 (80th) [73],Sweeney Todd: The Demon Barber of Fleet Street,Colleen Atwood,/wiki/Sweeney_Todd:_The_Demon_Barber_of_Fleet_Street_(2007_film),False
463,2008 (81st) [74],,,,False
464,2008 (81st) [74],The Duchess,Michael O'Connor,/wiki/The_Duchess_(film),True
465,2008 (81st) [74],Australia,Catherine Martin,/wiki/Australia_(2008_film),False
466,2008 (81st) [74],The Curious Case of Benjamin Button,Jacqueline West,/wiki/The_Curious_Case_of_Benjamin_Button_(film),False
467,2008 (81st) [74],Milk,Danny Glicker,/wiki/Milk_(2008_American_film),False
468,2008 (81st) [74],Revolutionary Road,Albert Wolsky,/wiki/Revolutionary_Road_(film),False
469,2009 (82nd) [75],,,,False
470,2009 (82nd) [75],The Young Victoria,Sandy Powell,/wiki/The_Young_Victoria,True
471,2009 (82nd) [75],Bright Star,Janet Patterson,/wiki/Bright_Star_(film),False
472,2009 (82nd) [75],Coco Before Chanel,Catherine Leterrier,/wiki/Coco_Before_Chanel,False
473,2009 (82nd) [75],The Imaginarium of Doctor Parnassus,Monique Prudhomme,/wiki/The_Imaginarium_of_Doctor_Parnassus,False
474,2009 (82nd) [75],Nine,Colleen Atwood,/wiki/Nine_(2009_live-action_film),False
475,2010 (83rd) [76],,,,False
476,2010 (83rd) [76],Alice in Wonderland,Colleen Atwood,/wiki/Alice_in_Wonderland_(2010_film),True
477,2010 (83rd) [76],I Am Love,Antonella Cannarozzi,/wiki/I_Am_Love_(film),False
478,2010 (83rd) [76],The King's Speech,Jenny Beavan,/wiki/The_King%27s_Speech,False
479,2010 (83rd) [76],The Tempest,Sandy Powell,/wiki/The_Tempest_(2010_film),False
480,2010 (83rd) [76],True Grit,Mary Zophres,/wiki/True_Grit_(2010_film),False
481,2011 (84th) [77],,,,False
482,2011 (84th) [77],The Artist,Mark Bridges,/wiki/The_Artist_(film),True
483,2011 (84th) [77],Anonymous,Lisy Christl,/wiki/Anonymous_(2011_film),False
484,2011 (84th) [77],Hugo,Sandy Powell,/wiki/Hugo_(film),False
485,2011 (84th) [77],Jane Eyre,Michael O'Connor,/wiki/Jane_Eyre_(2011_film),False
486,2011 (84th) [77],W.E.,Arianne Phillips,/wiki/W.E.,False
487,2012 (85th),,,,False
488,2012 (85th),Anna Karenina,Jacqueline Durran,/wiki/Anna_Karenina_(2012_film),True
489,2012 (85th),Les Misérables,Paco Delgado,/wiki/Les_Mis%C3%A9rables_(2012_film),False
490,2012 (85th),Lincoln,Joanna Johnston,/wiki/Lincoln_(film),False
491,2012 (85th),Mirror Mirror,Eiko Ishioka (posthumously),/wiki/Mirror_Mirror_(film),False
492,2012 (85th),Snow White and the Huntsman,Colleen Atwood,/wiki/Snow_White_and_the_Huntsman,False
493,2013 (86th),,,,False
494,2013 (86th),The Great Gatsby,Catherine Martin,/wiki/The_Great_Gatsby_(2013_film),True
495,2013 (86th),12 Years a Slave,Patricia Norris,/wiki/12_Years_a_Slave_(film),False
496,2013 (86th),American Hustle,Michael Wilkinson,/wiki/American_Hustle,False
497,2013 (86th),The Grandmaster,William Chang Suk Ping,/wiki/The_Grandmaster_(film),False
498,2013 (86th),The Invisible Woman,Michael O'Connor,/wiki/The_Invisible_Woman_(2013_film),False
499,2014 (87th) [78],,,,False
500,2014 (87th) [78],The Grand Budapest Hotel,Milena Canonero,/wiki/The_Grand_Budapest_Hotel,True
501,2014 (87th) [78],Inherent Vice,Mark Bridges,/wiki/Inherent_Vice_(film),False
502,2014 (87th) [78],Into the Woods,Colleen Atwood,/wiki/Into_the_Woods_(film),False
503,2014 (87th) [78],Maleficent,Anna B. Sheppard[note 3][79],/wiki/Maleficent_(film),False
504,2014 (87th) [78],Mr. Turner,Jacqueline Durran,/wiki/Mr._Turner,False
505,2015 (88th),,,,False
506,2015 (88th),Mad Max: Fury Road,Jenny Beavan,/wiki/Mad_Max:_Fury_Road,True
507,2015 (88th),Carol,Sandy Powell,/wiki/Carol_(film),False
508,2015 (88th),Cinderella,Sandy Powell,/wiki/Cinderella_(2015_American_film),False
509,2015 (88th),The Danish Girl,Paco Delgado,/wiki/The_Danish_Girl_(film),False
510,2015 (88th),The Revenant,Jacqueline West,/wiki/The_Revenant_(2015_film),False
511,2016 (89th) [80],,,,False
512,2016 (89th) [80],Fantastic Beasts and Where to Find Them,Colleen Atwood,/wiki/Fantastic_Beasts_and_Where_to_Find_Them_(film),True
513,2016 (89th) [80],Allied,Joanna Johnston,/wiki/Allied_(film),False
514,2016 (89th) [80],Florence Foster Jenkins,Consolata Boyle,/wiki/Florence_Foster_Jenkins_(film),False
515,2016 (89th) [80],Jackie,Madeline Fontaine,/wiki/Jackie_(2016_film),False
516,2016 (89th) [80],La La Land,Mary Zophres,/wiki/La_La_Land,False
517,2017 (90th) [81],,,,False
518,2017 (90th) [81],Phantom Thread,Mark Bridges,/wiki/Phantom_Thread,True
519,2017 (90th) [81],Beauty and the Beast,Jacqueline Durran,/wiki/Beauty_and_the_Beast_(2017_film),False
520,2017 (90th) [81],Darkest Hour,Jacqueline Durran,/wiki/Darkest_Hour_(film),False
521,2017 (90th) [81],The Shape of Water,Luis Sequeira,/wiki/The_Shape_of_Water,False
522,2017 (90th) [81],Victoria & Abdul,Consolata Boyle,/wiki/Victoria_%26_Abdul,False
523,2018 (91st) [82],,,,False
524,2018 (91st) [82],Black Panther,Ruth E. Carter,/wiki/Black_Panther_(film),True
525,2018 (91st) [82],The Ballad of Buster Scruggs,Mary Zophres,/wiki/The_Ballad_of_Buster_Scruggs,False
526,2018 (91st) [82],The Favourite,Sandy Powell,/wiki/The_Favourite,False
527,2018 (91st) [82],Mary Poppins Returns,Sandy Powell,/wiki/Mary_Poppins_Returns,False
528,2018 (91st) [82],Mary Queen of Scots,Alexandra Byrne,/wiki/Mary_Queen_of_Scots_(2018_film),False
529,2019 (92nd) [83],,,,False
530,2019 (92nd) [83],Little Women,Jacqueline Durran,/wiki/Little_Women_(2019_film),True
531,2019 (92nd) [83],The Irishman,Sandy Powell and Christopher Peterson,/wiki/The_Irishman,False
532,2019 (92nd) [83],Jojo Rabbit,Mayes C. Rubeo,/wiki/Jojo_Rabbit,False
533,2019 (92nd) [83],Joker,Mark Bridges,/wiki/Joker_(2019_film),False
534,2019 (92nd) [83],Once Upon a Time in Hollywood,Arianne Phillips,/wiki/Once_Upon_a_Time_in_Hollywood,False
535,2020/21 (93rd) [84],,,,False
536,2020/21 (93rd) [84],Ma Rainey's Black Bottom,Ann Roth,/wiki/Ma_Rainey%27s_Black_Bottom_(film),True
537,2020/21 (93rd) [84],Emma,Alexandra Byrne,/wiki/Emma_(2020_film),False
538,2020/21 (93rd) [84],Mank,Trish Summerville,/wiki/Mank,False
539,2020/21 (93rd) [84],Mulan,Bina Daigeler,/wiki/Mulan_(2020_film),False
540,2020/21 (93rd) [84],Pinocchio,Massimo Cantini Parrini,/wiki/Pinocchio_(2019_film),False
541,2021 (94th) [85],,,,False
542,2021 (94th) [85],Cruella,Jenny Beavan,/wiki/Cruella_(film),True
543,2021 (94th) [85],Cyrano,Massimo Cantini Parrini and Jacqueline Durran,/wiki/Cyrano_(film),False
544,2021 (94th) [85],Dune,Jacqueline West and Bob Morgan,/wiki/Dune_(2021_film),False
545,2021 (94th) [85],Nightmare Alley,Luis Sequeira,/wiki/Nightmare_Alley_(2021_film),False
546,2021 (94th) [85],West Side Story,Paul Tazewell,/wiki/West_Side_Story_(2021_film),False
547,2022 (95th) [86],,,,False
548,2022 (95th) [86],Black Panther: Wakanda Forever,Ruth E. Carter,/wiki/Black_Panther:_Wakanda_Forever,True
549,2022 (95th) [86],Babylon,Mary Zophres,/wiki/Babylon_(2022_film),False
550,2022 (95th) [86],Elvis,Catherine Martin,/wiki/Elvis_(2022_film),False
551,2022 (95th) [86],Everything Everywhere All at Once,Shirley Kurata,/wiki/Everything_Everywhere_All_at_Once,False
552,2022 (95th) [86],Mrs. Harris Goes to Paris,Jenny Beavan,/wiki/Mrs._Harris_Goes_to_Paris,False
553,2023 (96th) [86],Barbie,Jacqueline Durran,/wiki/Barbie_(movie),False
554,2023 (96th) [86],Killers of the Flower Moon,Jacqueline West,/wiki/Killers_of_the_Flower_Moon_(film),False
555,2023 (96th) [86],Napoleon,Janty Yates and Dave Crossman,/wiki/Napoleon_(2023_film),False
556,2023 (96th) [86],Oppenheimer,Ellen Mirojnick,/wiki/Oppenheimer_(film),False
557,2023 (96th) [86],Poor Things,Holly Waddington,/wiki/Poor_Things_(film),False
