,Year,Actor,Role(s),Film,Ref.,FilmLink,Won,Record,Age (in years)
0,1936 (9th),Walter Brennan ‡,Swan Bostrom,Come and Get It,[8],/wiki/Come_and_Get_It_(1936_film),True,,
1,1936 (9th),Mischa Auer,Carlo,My Man Godfrey,[8],/wiki/My_Man_Godfrey,False,,
2,1936 (9th),Stuart Erwin,Amos Dodd,Pigskin Parade,[8],/wiki/Pigskin_Parade,False,,
3,1936 (9th),Basil Rathbone,Tybalt,Romeo and Juliet,[8],/wiki/Romeo_and_Juliet_(1936_film),False,,
4,1936 (9th),Akim Tamiroff,General Yang,The General Died at Dawn,[8],/wiki/The_General_Died_at_Dawn,False,,
5,1937 (10th),Joseph Schildkraut ‡,Captain Alfred Dreyfus,The Life of Emile Zola,[9],/wiki/The_Life_of_Emile_Zola,True,,
6,1937 (10th),Ralph Bellamy,Dan Leeson,The Awful Truth,[9],/wiki/The_Awful_Truth,False,,
7,1937 (10th),Thomas Mitchell,Dr. Kersaint,The Hurricane,[9],/wiki/The_Hurricane_(1937_film),False,,
8,1937 (10th),H. B. Warner,Chang,Lost Horizon,[9],/wiki/Lost_Horizon_(1937_film),False,,
9,1937 (10th),Roland Young,Cosmo Topper,Topper,[9],/wiki/Topper_(film),False,,
10,1938 (11th),Walter Brennan ‡,Peter Goodwin,Kentucky,[10],/wiki/Kentucky_(film),True,,
11,1938 (11th),John Garfield,Mickey Borden,Four Daughters,[10],/wiki/Four_Daughters,False,,
12,1938 (11th),Gene Lockhart,Regis,Algiers,[10],/wiki/Algiers_(film),False,,
13,1938 (11th),Robert Morley,King Louis XVI,Marie Antoinette,[10],/wiki/Marie_Antoinette_(1938_film),False,,
14,1938 (11th),Basil Rathbone,King Louis XI,If I Were King,[10],/wiki/If_I_Were_King,False,,
15,1939 (12th),Thomas Mitchell ‡,Dr. Josiah Boone,Stagecoach,[11],/wiki/Stagecoach_(1939_film),True,,
16,1939 (12th),Brian Aherne,Emperor Maximilian von Habsburg,Juarez,[11],/wiki/Juarez_(film),False,,
17,1939 (12th),Harry Carey Sr.,President of the Senate,Mr. Smith Goes to Washington,[11],/wiki/Mr._Smith_Goes_to_Washington,False,,
18,1939 (12th),Brian Donlevy,Sgt. Markoff,Beau Geste,[11],/wiki/Beau_Geste_(1939_film),False,,
19,1939 (12th),Claude Rains,Sen. Joseph Harrison Paine,Mr. Smith Goes to Washington,[11],/wiki/Mr._Smith_Goes_to_Washington,False,,
20,1940 (13th),Walter Brennan ‡,Judge Roy Bean,The Westerner,[12],/wiki/The_Westerner_(1940_film),True,,
21,1940 (13th),Albert Bassermann,Van Meer,Foreign Correspondent,[12],/wiki/Foreign_Correspondent_(film),False,,
22,1940 (13th),William Gargan,Joe,They Knew What They Wanted,[12],/wiki/They_Knew_What_They_Wanted_(film),False,,
23,1940 (13th),Jack Oakie,Benzino Napaloni (Dictator of Bacteria),The Great Dictator,[12],/wiki/The_Great_Dictator,False,,
24,1940 (13th),James Stephenson,Howard Joyce,The Letter,[12],/wiki/The_Letter_(1940_film),False,,
25,1941 (14th),Donald Crisp ‡,Gwilym Morgan,How Green Was My Valley,[13],/wiki/How_Green_Was_My_Valley_(film),True,,
26,1941 (14th),Walter Brennan,Pastor Rosier Pile,Sergeant York,[13],/wiki/Sergeant_York_(film),False,,
27,1941 (14th),Charles Coburn,John P. Merrick,The Devil and Miss Jones,[13],/wiki/The_Devil_and_Miss_Jones,False,,
28,1941 (14th),James Gleason,Max Corkle,Here Comes Mr. Jordan,[13],/wiki/Here_Comes_Mr._Jordan,False,,
29,1941 (14th),Sydney Greenstreet,Kasper Gutman,The Maltese Falcon,[13],/wiki/The_Maltese_Falcon_(1941_film),False,,
30,1942 (15th),Van Heflin ‡,Jeff Hartnett,Johnny Eager,[14],/wiki/Johnny_Eager,True,,
31,1942 (15th),William Bendix,"Pvt. Aloysius ""Smacksie"" Randall",Wake Island,[14],/wiki/Wake_Island_(film),False,,
32,1942 (15th),Walter Huston,Jerry Cohan,Yankee Doodle Dandy,[14],/wiki/Yankee_Doodle_Dandy,False,,
33,1942 (15th),Frank Morgan,The Pirate,Tortilla Flat,[14],/wiki/Tortilla_Flat_(film),False,,
34,1942 (15th),Henry Travers,James Ballard,Mrs. Miniver,[14],/wiki/Mrs._Miniver,False,,
35,1943 (16th),Charles Coburn ‡,Benjamin Dingle,The More the Merrier,[15],/wiki/The_More_the_Merrier,True,,
36,1943 (16th),Charles Bickford,Father Peyramale,The Song of Bernadette,[15],/wiki/The_Song_of_Bernadette_(film),False,,
37,1943 (16th),J. Carrol Naish,Giuseppe,Sahara,[15],/wiki/Sahara_(1943_American_film),False,,
38,1943 (16th),Claude Rains,Capt. Louis Renault,Casablanca,[15],/wiki/Casablanca_(film),False,,
39,1943 (16th),Akim Tamiroff,Pablo,For Whom the Bell Tolls,[15],/wiki/For_Whom_the_Bell_Tolls_(film),False,,
40,1944 (17th),Barry Fitzgerald ‡,Father Fitzgibbon,Going My Way[a],[17],,False,,
41,1944 (17th),Hume Cronyn,Paul Roeder,The Seventh Cross,[17],/wiki/The_Seventh_Cross_(film),False,,
42,1944 (17th),Claude Rains,Job Skeffington,Mr. Skeffington,[17],/wiki/Mr._Skeffington,False,,
43,1944 (17th),Clifton Webb,Waldo Lydecker,Laura,[17],/wiki/Laura_(1944_film),False,,
44,1944 (17th),Monty Woolley,Colonel William G. Smollett,Since You Went Away,[17],/wiki/Since_You_Went_Away,False,,
45,1945 (18th),James Dunn ‡,Johnny Nolan,A Tree Grows in Brooklyn,[18],/wiki/A_Tree_Grows_in_Brooklyn_(1945_film),True,,
46,1945 (18th),Michael Chekhov,"Dr. Alexander ""Alex"" Brulov",Spellbound,[18],/wiki/Spellbound_(1945_film),False,,
47,1945 (18th),John Dall,Morgan Evans,The Corn Is Green,[18],/wiki/The_Corn_Is_Green_(1945_film),False,,
48,1945 (18th),Robert Mitchum,Lt. Capt. Bill Walker,The Story of G.I. Joe,[18],/wiki/The_Story_of_G.I._Joe,False,,
49,1945 (18th),J. Carrol Naish,Charley Martin,A Medal for Benny,[18],/wiki/A_Medal_for_Benny,False,,
50,1946 (19th),Harold Russell ‡,Homer Parrish,The Best Years of Our Lives,[19],/wiki/The_Best_Years_of_Our_Lives,True,,
51,1946 (19th),Charles Coburn,Alexander Gow,The Green Years,[19],/wiki/The_Green_Years_(film),False,,
52,1946 (19th),William Demarest,Steve Martin,The Jolson Story,[19],/wiki/The_Jolson_Story,False,,
53,1946 (19th),Claude Rains,Alexander Sebastian,Notorious,[19],/wiki/Notorious_(1946_film),False,,
54,1946 (19th),Clifton Webb,Elliott Templeton,The Razor's Edge,[19],/wiki/The_Razor%27s_Edge_(1946_film),False,,
55,1947 (20th),Edmund Gwenn ‡,Kris Kringle,Miracle on 34th Street,[20],/wiki/Miracle_on_34th_Street,True,,
56,1947 (20th),Charles Bickford,Joseph Clancy,The Farmer's Daughter,[20],/wiki/The_Farmer%27s_Daughter_(1947_film),False,,
57,1947 (20th),Thomas Gomez,Pancho,Ride the Pink Horse,[20],/wiki/Ride_the_Pink_Horse,False,,
58,1947 (20th),Robert Ryan,Montgomery,Crossfire,[20],/wiki/Crossfire_(film),False,,
59,1947 (20th),Richard Widmark,Tommy Udo,Kiss of Death,[20],/wiki/Kiss_of_Death_(1947_film),False,,
60,1948 (21st),Walter Huston ‡,Howard,The Treasure of the Sierra Madre,[21],/wiki/The_Treasure_of_the_Sierra_Madre_(film),True,,
61,1948 (21st),Charles Bickford,Black McDonald,Johnny Belinda,[21],/wiki/Johnny_Belinda_(1948_film),False,,
62,1948 (21st),José Ferrer,"The Dauphin – Charles VII, later King of France",Joan of Arc,[21],/wiki/Joan_of_Arc_(1948_film),False,,
63,1948 (21st),Oskar Homolka,Uncle Chris Halverson,I Remember Mama,[21],/wiki/I_Remember_Mama_(film),False,,
64,1948 (21st),Cecil Kellaway,Horace (A Leprechaun),The Luck of the Irish,[21],/wiki/The_Luck_of_the_Irish_(1948_film),False,,
65,1949 (22nd),Dean Jagger ‡,Major Harvey Stovall,Twelve O'Clock High,[22],/wiki/Twelve_O%27Clock_High,True,,
66,1949 (22nd),John Ireland,Jack Burden,All the King's Men,[22],/wiki/All_the_King%27s_Men_(1949_film),False,,
67,1949 (22nd),Arthur Kennedy,Connie Kelly,Champion,[22],/wiki/Champion_(1949_film),False,,
68,1949 (22nd),Ralph Richardson,Dr. Austin Sloper,The Heiress,[22],/wiki/The_Heiress,False,,
69,1949 (22nd),James Whitmore,Sgt. Kinnie,Battleground,[22],/wiki/Battleground_(film),False,,
70,1950 (23rd),George Sanders ‡,Addison DeWitt,All About Eve,[23],/wiki/All_About_Eve,True,,
71,1950 (23rd),Jeff Chandler,Cochise,Broken Arrow,[23],/wiki/Broken_Arrow_(1950_film),False,,
72,1950 (23rd),Edmund Gwenn,"""Skipper"" Miller",Mister 880,[23],/wiki/Mister_880,False,,
73,1950 (23rd),Sam Jaffe,Dr. Erwin Riedenschneider,The Asphalt Jungle,[23],/wiki/The_Asphalt_Jungle,False,,
74,1950 (23rd),Erich von Stroheim,Max von Meyerling,Sunset Boulevard,[23],/wiki/Sunset_Boulevard_(film),False,,
75,1951 (24th),Karl Malden ‡,"Harold ""Mitch"" Mitchell",A Streetcar Named Desire,[24],/wiki/A_Streetcar_Named_Desire_(1951_film),True,,
76,1951 (24th),Leo Genn,Petronius,Quo Vadis,[24],/wiki/Quo_Vadis_(1951_film),False,,
77,1951 (24th),Kevin McCarthy,Biff Loman,Death of a Salesman,[24],/wiki/Death_of_a_Salesman_(1951_film),False,,
78,1951 (24th),Peter Ustinov,Nero,Quo Vadis,[24],/wiki/Quo_Vadis_(1951_film),False,,
79,1951 (24th),Gig Young,Boyd Copeland,Come Fill the Cup,[24],/wiki/Come_Fill_the_Cup,False,,
80,1952 (25th),Anthony Quinn ‡,Eufemio Zapata,Viva Zapata!,[25],/wiki/Viva_Zapata!,True,,
81,1952 (25th),Richard Burton,Philip Ashley,My Cousin Rachel,[25],/wiki/My_Cousin_Rachel_(1952_film),False,,
82,1952 (25th),Arthur Hunnicutt,Zeb Calloway Narrator,The Big Sky,[25],/wiki/The_Big_Sky_(film),False,,
83,1952 (25th),Victor McLaglen,"Will ""Red"" Danaher",The Quiet Man,[25],/wiki/The_Quiet_Man,False,,
84,1952 (25th),Jack Palance,Lester Blaine,Sudden Fear,[25],/wiki/Sudden_Fear,False,,
85,1953 (26th),Frank Sinatra ‡,Pvt. Angelo Maggio,From Here to Eternity,[26],/wiki/From_Here_to_Eternity,True,,
86,1953 (26th),Eddie Albert,Irving Radovich,Roman Holiday,[26],/wiki/Roman_Holiday,False,,
87,1953 (26th),Brandon deWilde,Joey Starrett,Shane,[26],/wiki/Shane_(film),False,,
88,1953 (26th),Jack Palance,Jack Wilson,Shane,[26],/wiki/Shane_(film),False,,
89,1953 (26th),Robert Strauss,"Sgt. Stanislas ""Animal"" Kasava",Stalag 17,[26],/wiki/Stalag_17,False,,
90,1954 (27th),Edmond O'Brien ‡,Oscar Muldoon,The Barefoot Contessa,[27],/wiki/The_Barefoot_Contessa,True,,
91,1954 (27th),Lee J. Cobb,Johnny Friendly,On the Waterfront,[27],/wiki/On_the_Waterfront,False,,
92,1954 (27th),Karl Malden,Father Barry,On the Waterfront,[27],/wiki/On_the_Waterfront,False,,
93,1954 (27th),Rod Steiger,"Charley ""The Gent"" Malloy",On the Waterfront,[27],/wiki/On_the_Waterfront,False,,
94,1954 (27th),Tom Tully,Commander DeVriess,The Caine Mutiny,[27],/wiki/The_Caine_Mutiny_(film),False,,
95,1955 (28th),Jack Lemmon ‡,Ensign Frank Thurlowe Pulver,Mister Roberts,[28],/wiki/Mister_Roberts_(1955_film),True,,
96,1955 (28th),Arthur Kennedy,Barney Castle,Trial,[28],/wiki/Trial_(film),False,,
97,1955 (28th),Joe Mantell,Angie,Marty,[28],/wiki/Marty_(film),False,,
98,1955 (28th),Sal Mineo,"John ""Plato"" Crawford",Rebel Without a Cause,[28],/wiki/Rebel_Without_a_Cause,False,,
99,1955 (28th),Arthur O'Connell,Howard Bevans,Picnic,[28],/wiki/Picnic_(1955_film),False,,
100,1956 (29th),Anthony Quinn ‡,Paul Gauguin,Lust for Life,[29],/wiki/Lust_for_Life_(1956_film),True,,
101,1956 (29th),Don Murray,"Beauregard ""Bo"" Decker",Bus Stop,[29],/wiki/Bus_Stop_(1956_film),False,,
102,1956 (29th),Anthony Perkins,Josh Birdwell,Friendly Persuasion,[29],/wiki/Friendly_Persuasion_(1956_film),False,,
103,1956 (29th),Mickey Rooney,Dooley,The Bold and the Brave,[29],/wiki/The_Bold_and_the_Brave,False,,
104,1956 (29th),Robert Stack,Kyle Hadley,Written on the Wind,[29],/wiki/Written_on_the_Wind,False,,
105,1957 (30th),Red Buttons ‡,Airman Joe Kelly,Sayonara,[30],/wiki/Sayonara,True,,
106,1957 (30th),Vittorio De Sica,Major Alessandro Rinaldi,A Farewell to Arms,[30],/wiki/A_Farewell_to_Arms_(1957_film),False,,
107,1957 (30th),Sessue Hayakawa,Colonel Saito,The Bridge on the River Kwai,[30],/wiki/The_Bridge_on_the_River_Kwai,False,,
108,1957 (30th),Arthur Kennedy,Lucas Cross,Peyton Place,[30],/wiki/Peyton_Place_(film),False,,
109,1957 (30th),Russ Tamblyn,Norman Page,Peyton Place,[30],/wiki/Peyton_Place_(film),False,,
110,1958 (31st),Burl Ives ‡,Rufus Hannassey,The Big Country,[31],/wiki/The_Big_Country,True,,
111,1958 (31st),Theodore Bikel,Sheriff Max Muller,The Defiant Ones,[31],/wiki/The_Defiant_Ones,False,,
112,1958 (31st),Lee J. Cobb,Fyodor Karamazov,The Brothers Karamazov,[31],/wiki/The_Brothers_Karamazov_(1958_film),False,,
113,1958 (31st),Arthur Kennedy,Frank Hirsh,Some Came Running,[31],/wiki/Some_Came_Running_(film),False,,
114,1958 (31st),Gig Young,Dr. Hugo Pine,Teacher's Pet,[31],/wiki/Teacher%27s_Pet_(1958_film),False,,
115,1959 (32nd),Hugh Griffith ‡,Sheik Ilderim,Ben-Hur,[32],/wiki/Ben-Hur_(1959_film),True,,
116,1959 (32nd),Arthur O'Connell,Parnell Emmett McCarthy,Anatomy of a Murder,[32],/wiki/Anatomy_of_a_Murder,False,,
117,1959 (32nd),George C. Scott,Asst. State Atty. Gen. Claude Dancer,Anatomy of a Murder,[32],/wiki/Anatomy_of_a_Murder,False,,
118,1959 (32nd),Robert Vaughn,"Chester ""Chet"" Gwynn",The Young Philadelphians,[32],/wiki/The_Young_Philadelphians,False,,
119,1959 (32nd),Ed Wynn,Albert Dussell,The Diary of Anne Frank,[32],/wiki/The_Diary_of_Anne_Frank_(1959_film),False,,
120,1960 (33rd),Peter Ustinov ‡,Lentulus Batiatus,Spartacus,[33],/wiki/Spartacus_(film),True,,
121,1960 (33rd),Peter Falk,"Abe ""Kid Twist"" Reles","Murder, Inc.",[33],"/wiki/Murder,_Inc._(1960_film)",False,,
122,1960 (33rd),Jack Kruschen,Dr. David Dreyfuss,The Apartment,[33],/wiki/The_Apartment,False,,
123,1960 (33rd),Sal Mineo,Dov Landau,Exodus,[33],/wiki/Exodus_(1960_film),False,,
124,1960 (33rd),Chill Wills,Beekeeper,The Alamo,[33],/wiki/The_Alamo_(1960_film),False,,
125,1961 (34th),George Chakiris ‡,Bernardo Nuñez,West Side Story,[34],/wiki/West_Side_Story_(1961_film),True,,
126,1961 (34th),Montgomery Clift,Rudolph Petersen,Judgment at Nuremberg,[34],/wiki/Judgment_at_Nuremberg,False,,
127,1961 (34th),Peter Falk,Joy Boy,Pocketful of Miracles,[34],/wiki/Pocketful_of_Miracles,False,,
128,1961 (34th),Jackie Gleason,Minnesota Fats,The Hustler,[34],/wiki/The_Hustler,False,,
129,1961 (34th),George C. Scott[b] §,Bert Gordon,The Hustler,[34],/wiki/The_Hustler,False,,
130,1962 (35th),Ed Begley ‡,"Tom ""Boss"" Finley",Sweet Bird of Youth,[36],/wiki/Sweet_Bird_of_Youth_(1962_film),True,,
131,1962 (35th),Victor Buono,Edwin Flagg,What Ever Happened to Baby Jane?,[36],/wiki/What_Ever_Happened_to_Baby_Jane%3F_(film),False,,
132,1962 (35th),Telly Savalas,Feto Gomez,Birdman of Alcatraz,[36],/wiki/Birdman_of_Alcatraz_(film),False,,
133,1962 (35th),Omar Sharif,Sherif Ali ibn el Kharish,Lawrence of Arabia,[36],/wiki/Lawrence_of_Arabia_(film),False,,
134,1962 (35th),Terence Stamp,Billy Budd,Billy Budd,[36],/wiki/Billy_Budd_(film),False,,
135,1963 (36th),Melvyn Douglas ‡,Homer Bannon,Hud,[37],/wiki/Hud_(1963_film),True,,
136,1963 (36th),Nick Adams,Ben Brown,Twilight of Honor,[37],/wiki/Twilight_of_Honor,False,,
137,1963 (36th),Bobby Darin,Corporal Jim Tompkins,"Captain Newman, M.D.",[37],"/wiki/Captain_Newman,_M.D.",False,,
138,1963 (36th),Hugh Griffith,Squire Western,Tom Jones,[37],/wiki/Tom_Jones_(1963_film),False,,
139,1963 (36th),John Huston,Cardinal Glennon,The Cardinal,[37],/wiki/The_Cardinal,False,,
140,1964 (37th),Peter Ustinov ‡,Arthur Simon Simpson,Topkapi,[38],/wiki/Topkapi_(film),True,,
141,1964 (37th),John Gielgud,King Louis VII,Becket,[38],/wiki/Becket_(1964_film),False,,
142,1964 (37th),Stanley Holloway,Alfred Doolittle,My Fair Lady,[38],/wiki/My_Fair_Lady_(film),False,,
143,1964 (37th),Edmond O'Brien,Senator Raymond Clark,Seven Days in May,[38],/wiki/Seven_Days_in_May,False,,
144,1964 (37th),Lee Tracy,President Art Hockstader,The Best Man,[38],/wiki/The_Best_Man_(1964_film),False,,
145,1965 (38th),Martin Balsam ‡,Arnold Burns,A Thousand Clowns,[39],/wiki/A_Thousand_Clowns,True,,
146,1965 (38th),Ian Bannen,"""Ratbags"" Crow",The Flight of the Phoenix,[39],/wiki/The_Flight_of_the_Phoenix_(1965_film),False,,
147,1965 (38th),Tom Courtenay,"Pavel ""Pasha"" Antipov / Strelnikov",Doctor Zhivago,[39],/wiki/Doctor_Zhivago_(film),False,,
148,1965 (38th),Michael Dunn,Carl Glocken,Ship of Fools,[39],/wiki/Ship_of_Fools_(film),False,,
149,1965 (38th),Frank Finlay,Iago,Othello,[39],/wiki/Othello_(1965_British_film),False,,
150,1966 (39th),Walter Matthau ‡,"""Whiplash Willie"" Gingrich",The Fortune Cookie,[40],/wiki/The_Fortune_Cookie,True,,
151,1966 (39th),Mako,Po-han,The Sand Pebbles,[40],/wiki/The_Sand_Pebbles_(film),False,,
152,1966 (39th),James Mason,James Leamington,Georgy Girl,[40],/wiki/Georgy_Girl,False,,
153,1966 (39th),George Segal,Nick,Who's Afraid of Virginia Woolf?,[40],/wiki/Who%27s_Afraid_of_Virginia_Woolf%3F_(film),False,,
154,1966 (39th),Robert Shaw,King Henry VIII,A Man for All Seasons,[40],/wiki/A_Man_for_All_Seasons_(1966_film),False,,
155,1967 (40th),George Kennedy ‡,Dragline,Cool Hand Luke,[41],/wiki/Cool_Hand_Luke,True,,
156,1967 (40th),John Cassavetes,Victor R. Franko,The Dirty Dozen,[41],/wiki/The_Dirty_Dozen,False,,
157,1967 (40th),Gene Hackman,Buck Barrow,Bonnie and Clyde,[41],/wiki/Bonnie_and_Clyde_(film),False,,
158,1967 (40th),Cecil Kellaway,Monsignor Mike Ryan,Guess Who's Coming to Dinner,[41],/wiki/Guess_Who%27s_Coming_to_Dinner,False,,
159,1967 (40th),Michael J. Pollard,C.W. Moss,Bonnie and Clyde,[41],/wiki/Bonnie_and_Clyde_(film),False,,
160,1968 (41st),Jack Albertson ‡,John Cleary,The Subject Was Roses,[42],/wiki/The_Subject_Was_Roses_(film),True,,
161,1968 (41st),Seymour Cassel,Chet,Faces,[42],/wiki/Faces_(1968_film),False,,
162,1968 (41st),Daniel Massey,Noël Coward,Star!,[42],/wiki/Star!_(film),False,,
163,1968 (41st),Jack Wild,The Artful Dodger,Oliver!,[42],/wiki/Oliver!_(film),False,,
164,1968 (41st),Gene Wilder,Leo Bloom,The Producers,[42],/wiki/The_Producers_(1967_film),False,,
165,1969 (42nd),Gig Young ‡,Rocky Graver,"They Shoot Horses, Don't They?",[43],"/wiki/They_Shoot_Horses,_Don%27t_They%3F_(film)",True,,
166,1969 (42nd),Rupert Crosse,Ned McCaslin,The Reivers,[43],/wiki/The_Reivers_(film),False,,
167,1969 (42nd),Elliott Gould,Ted Henderson,Bob & Carol & Ted & Alice,[43],/wiki/Bob_%26_Carol_%26_Ted_%26_Alice,False,,
168,1969 (42nd),Jack Nicholson,George Hanson,Easy Rider,[43],/wiki/Easy_Rider,False,,
169,1969 (42nd),Anthony Quayle,Cardinal Thomas Wolsey,Anne of the Thousand Days,[43],/wiki/Anne_of_the_Thousand_Days,False,,
170,1970 (43rd),John Mills ‡,Michael,Ryan's Daughter,[44],/wiki/Ryan%27s_Daughter,True,,
171,1970 (43rd),Richard S. Castellano,Frank Vecchio,Lovers and Other Strangers,[44],/wiki/Lovers_and_Other_Strangers,False,,
172,1970 (43rd),Chief Dan George,Old Lodge Skins,Little Big Man,[44],/wiki/Little_Big_Man_(film),False,,
173,1970 (43rd),Gene Hackman,Gene Garrison,I Never Sang for My Father,[44],/wiki/I_Never_Sang_for_My_Father,False,,
174,1970 (43rd),John Marley,Phil Cavalleri,Love Story,[44],/wiki/Love_Story_(1970_film),False,,
175,1971 (44th),Ben Johnson ‡,Sam the Lion,The Last Picture Show,[45],/wiki/The_Last_Picture_Show,True,,
176,1971 (44th),Jeff Bridges,Duane Jackson,The Last Picture Show,[45],/wiki/The_Last_Picture_Show,True,,
177,1971 (44th),Leonard Frey,Motel Kamzoil,Fiddler on the Roof,[45],/wiki/Fiddler_on_the_Roof_(film),False,,
178,1971 (44th),Richard Jaeckel,Joe Ben Stamper,Sometimes a Great Notion,[45],/wiki/Sometimes_a_Great_Notion_(film),False,,
179,1971 (44th),Roy Scheider,"Buddy ""Cloudy"" Russo",The French Connection,[45],/wiki/The_French_Connection_(film),False,,
180,1972 (45th),Joel Grey ‡,The Master of Ceremonies,Cabaret,[46],/wiki/Cabaret_(1972_film),True,,
181,1972 (45th),Eddie Albert,Mr. Corcoran,The Heartbreak Kid,[46],/wiki/The_Heartbreak_Kid_(1972_film),False,,
182,1972 (45th),James Caan,"Santino ""Sonny"" Corleone",The Godfather,[46],/wiki/The_Godfather,False,,
183,1972 (45th),Robert Duvall,Tom Hagen,The Godfather,[46],/wiki/The_Godfather,False,,
184,1972 (45th),Al Pacino,Michael Corleone,The Godfather,[46],/wiki/The_Godfather,False,,
185,1973 (46th),John Houseman ‡,Charles W. Kingsfield Jr.,The Paper Chase,[47],/wiki/The_Paper_Chase_(film),True,,
186,1973 (46th),Vincent Gardenia,Dutch Schnell,Bang the Drum Slowly,[47],/wiki/Bang_the_Drum_Slowly_(film),False,,
187,1973 (46th),Jack Gilford,Phil Greene,Save the Tiger,[47],/wiki/Save_the_Tiger,False,,
188,1973 (46th),Jason Miller,Father Damien Karras,The Exorcist,[47],/wiki/The_Exorcist,False,,
189,1973 (46th),Randy Quaid,Larry Meadows,The Last Detail,[47],/wiki/The_Last_Detail,False,,
190,1974 (47th),Robert De Niro ‡,Vito Corleone,The Godfather Part II,[48],/wiki/The_Godfather_Part_II,True,,
191,1974 (47th),Fred Astaire,Harlee Claiborne,The Towering Inferno,[48],/wiki/The_Towering_Inferno,False,,
192,1974 (47th),Jeff Bridges,Lightfoot,Thunderbolt and Lightfoot,[48],/wiki/Thunderbolt_and_Lightfoot,False,,
193,1974 (47th),Michael V. Gazzo,Frank Pentangeli,The Godfather Part II,[48],/wiki/The_Godfather_Part_II,True,,
194,1974 (47th),Lee Strasberg,Hyman Roth,The Godfather Part II,[48],/wiki/The_Godfather_Part_II,True,,
195,1975 (48th),George Burns ‡,Al Lewis,The Sunshine Boys,[49],/wiki/The_Sunshine_Boys_(1975_film),True,,
196,1975 (48th),Brad Dourif,Billy Bibbit,One Flew Over the Cuckoo's Nest,[49],/wiki/One_Flew_Over_the_Cuckoo%27s_Nest_(film),False,,
197,1975 (48th),Burgess Meredith,Harry Greener,The Day of the Locust,[49],/wiki/The_Day_of_the_Locust_(film),False,,
198,1975 (48th),Chris Sarandon,Leon Shermer,Dog Day Afternoon,[49],/wiki/Dog_Day_Afternoon,False,,
199,1975 (48th),Jack Warden,Lester Karpf,Shampoo,[49],/wiki/Shampoo_(film),False,,
200,1976 (49th),Jason Robards ‡,Ben Bradlee,All the President's Men,[50],/wiki/All_the_President%27s_Men_(film),True,,
201,1976 (49th),Ned Beatty,Arthur Jensen,Network,[50],/wiki/Network_(1976_film),False,,
202,1976 (49th),Burgess Meredith,Mickey Goldmill,Rocky,[50],/wiki/Rocky,False,,
203,1976 (49th),Laurence Olivier,Dr. Christian Szell,Marathon Man,[50],/wiki/Marathon_Man_(film),False,,
204,1976 (49th),Burt Young,Paulie Pennino,Rocky,[50],/wiki/Rocky,False,,
205,1977 (50th),Jason Robards ‡,Dashiell Hammett,Julia,[51],/wiki/Julia_(1977_film),True,,
206,1977 (50th),Mikhail Baryshnikov,Yuri Kopeikine,The Turning Point,[51],/wiki/The_Turning_Point_(1977_film),False,,
207,1977 (50th),Peter Firth,Alan Strang,Equus,[51],/wiki/Equus_(film),False,,
208,1977 (50th),Alec Guinness,Obi-Wan Kenobi,Star Wars,[51],/wiki/Star_Wars_(film),False,,
209,1977 (50th),Maximilian Schell,Johann,Julia,[51],/wiki/Julia_(1977_film),True,,
210,1978 (51st),Christopher Walken ‡,"Nikonar ""Nick"" Chevotarevich",The Deer Hunter,[52],/wiki/The_Deer_Hunter,True,,
211,1978 (51st),Bruce Dern,Captain Bob Hyde,Coming Home,[52],/wiki/Coming_Home_(1978_film),False,,
212,1978 (51st),Richard Farnsworth,Dodger,Comes a Horseman,[52],/wiki/Comes_a_Horseman,False,,
213,1978 (51st),John Hurt,Max,Midnight Express,[52],/wiki/Midnight_Express_(film),False,,
214,1978 (51st),Jack Warden,Max Corkle,Heaven Can Wait,[52],/wiki/Heaven_Can_Wait_(1978_film),False,,
215,1979 (52nd),Melvyn Douglas ‡,Benjamin Rand,Being There,[53],/wiki/Being_There,True,,
216,1979 (52nd),Robert Duvall,Lt. Col. Bill Kilgore,Apocalypse Now,[53],/wiki/Apocalypse_Now,False,,
217,1979 (52nd),Frederic Forrest,Houston Dyer,The Rose,[53],/wiki/The_Rose_(film),False,,
218,1979 (52nd),Justin Henry,Billy Kramer,Kramer vs. Kramer,[53],/wiki/Kramer_vs._Kramer,False,,
219,1979 (52nd),Mickey Rooney,Henry Dailey,The Black Stallion,[53],/wiki/The_Black_Stallion_(film),False,,
220,1980 (53rd),Timothy Hutton ‡,Conrad Jarrett,Ordinary People,[54],/wiki/Ordinary_People,True,,
221,1980 (53rd),Judd Hirsch,Dr. Tyrone C. Berger,Ordinary People,[54],/wiki/Ordinary_People,True,,
222,1980 (53rd),Michael O'Keefe,Ben Meechum,The Great Santini,[54],/wiki/The_Great_Santini,False,,
223,1980 (53rd),Joe Pesci,Joey LaMotta,Raging Bull,[54],/wiki/Raging_Bull,False,,
224,1980 (53rd),Jason Robards,Howard Hughes,Melvin and Howard,[54],/wiki/Melvin_and_Howard,False,,
225,1981 (54th),John Gielgud ‡,Hobson,Arthur,[55],/wiki/Arthur_(1981_film),True,,
226,1981 (54th),James Coco,Jimmy Perry,Only When I Laugh,[55],/wiki/Only_When_I_Laugh_(film),False,,
227,1981 (54th),Ian Holm,Sam Mussabini,Chariots of Fire,[55],/wiki/Chariots_of_Fire,False,,
228,1981 (54th),Jack Nicholson,Eugene O'Neill,Reds,[55],/wiki/Reds_(film),False,,
229,1981 (54th),Howard E. Rollins Jr.,Coalhouse Walker Jr.,Ragtime,[55],/wiki/Ragtime_(film),False,,
230,1982 (55th),Louis Gossett Jr. ‡,Gunnery Sgt. Emil Foley,An Officer and a Gentleman,[56],/wiki/An_Officer_and_a_Gentleman,True,,
231,1982 (55th),Charles Durning,The Governor of Texas,The Best Little Whorehouse in Texas,[56],/wiki/The_Best_Little_Whorehouse_in_Texas_(film),False,,
232,1982 (55th),John Lithgow,Roberta Muldoon,The World According to Garp,[56],/wiki/The_World_According_to_Garp_(film),False,,
233,1982 (55th),James Mason,Ed Concannon,The Verdict,[56],/wiki/The_Verdict,False,,
234,1982 (55th),Robert Preston,Carroll 'Toddy' Todd,Victor/Victoria,[56],/wiki/Victor/Victoria,False,,
235,1983 (56th),Jack Nicholson ‡,Garrett Breedlove,Terms of Endearment,[57],/wiki/Terms_of_Endearment,True,,
236,1983 (56th),Charles Durning,Colonel Erhardt,To Be or Not to Be,[57],/wiki/To_Be_or_Not_to_Be_(1983_film),False,,
237,1983 (56th),John Lithgow,Sam Burns,Terms of Endearment,[57],/wiki/Terms_of_Endearment,True,,
238,1983 (56th),Sam Shepard,Chuck Yeager,The Right Stuff,[57],/wiki/The_Right_Stuff_(film),False,,
239,1983 (56th),Rip Torn,Marsh Turner,Cross Creek,[57],/wiki/Cross_Creek_(film),False,,
240,1984 (57th),Haing S. Ngor ‡,Dith Pran,The Killing Fields,[58],/wiki/The_Killing_Fields_(film),True,,
241,1984 (57th),Adolph Caesar,Sgt. Vernon Waters,A Soldier's Story,[58],/wiki/A_Soldier%27s_Story,False,,
242,1984 (57th),John Malkovich,Mr. Will,Places in the Heart,[58],/wiki/Places_in_the_Heart,False,,
243,1984 (57th),Pat Morita,Mr. Miyagi,The Karate Kid,[58],/wiki/The_Karate_Kid,False,,
244,1984 (57th),Ralph Richardson †,The Sixth Earl of Greystoke,"Greystoke: The Legend of Tarzan, Lord of the Apes",[58],"/wiki/Greystoke:_The_Legend_of_Tarzan,_Lord_of_the_Apes",False,,
245,1985 (58th),Don Ameche ‡,Arthur Selwyn,Cocoon,[59],/wiki/Cocoon_(film),True,,
246,1985 (58th),Klaus Maria Brandauer,Baron Bror von Blixen-Finecke and Baron Hans von Blixen-Finecke,Out of Africa,[59],/wiki/Out_of_Africa_(film),False,,
247,1985 (58th),William Hickey,Don Corrado Prizzi,Prizzi's Honor,[59],/wiki/Prizzi%27s_Honor,False,,
248,1985 (58th),Robert Loggia,Sam Ransom,Jagged Edge,[59],/wiki/Jagged_Edge_(film),False,,
249,1985 (58th),Eric Roberts,Buck McGeehy,Runaway Train,[59],/wiki/Runaway_Train_(film),False,,
250,1986 (59th),Michael Caine ‡,Elliott Daniels,Hannah and Her Sisters,[60],/wiki/Hannah_and_Her_Sisters,True,,
251,1986 (59th),Tom Berenger,Sgt. Bob Barnes,Platoon,[60],/wiki/Platoon_(film),False,,
252,1986 (59th),Willem Dafoe,Sgt. Elias Grodin,Platoon,[60],/wiki/Platoon_(film),False,,
253,1986 (59th),Denholm Elliott,Mr. Emerson,A Room with a View,[60],/wiki/A_Room_with_a_View_(1985_film),False,,
254,1986 (59th),Dennis Hopper,"Wilbur ""Shooter"" Flatch",Hoosiers,[60],/wiki/Hoosiers_(film),False,,
255,1987 (60th),Sean Connery ‡,Jimmy Malone,The Untouchables,[61],/wiki/The_Untouchables_(film),True,,
256,1987 (60th),Albert Brooks,Aaron Altman,Broadcast News,[61],/wiki/Broadcast_News_(film),False,,
257,1987 (60th),Morgan Freeman,"Leo ""Fast Black"" Smalls Jr.",Street Smart,[61],/wiki/Street_Smart_(film),False,,
258,1987 (60th),Vincent Gardenia,Cosmo Castorini,Moonstruck,[61],/wiki/Moonstruck,False,,
259,1987 (60th),Denzel Washington,Steve Biko,Cry Freedom,[61],/wiki/Cry_Freedom,False,,
260,1988 (61st),Kevin Kline ‡,Otto West,A Fish Called Wanda,[62],/wiki/A_Fish_Called_Wanda,True,,
261,1988 (61st),Alec Guinness,William Dorrit,Little Dorrit,[62],/wiki/Little_Dorrit_(1987_film),False,,
262,1988 (61st),Martin Landau,Abe Karatz,Tucker: The Man and His Dream,[62],/wiki/Tucker:_The_Man_and_His_Dream,False,,
263,1988 (61st),River Phoenix,Danny Pope,Running on Empty,[62],/wiki/Running_on_Empty_(1988_film),False,,
264,1988 (61st),Dean Stockwell,"Tony ""The Tiger"" Russo",Married to the Mob,[62],/wiki/Married_to_the_Mob,False,,
265,1989 (62nd),Denzel Washington ‡,Pvt. Silas Trip,Glory,[63],/wiki/Glory_(1989_film),True,,
266,1989 (62nd),Danny Aiello,Sal Frangione,Do the Right Thing,[63],/wiki/Do_the_Right_Thing,False,,
267,1989 (62nd),Dan Aykroyd,Boolie Werthan,Driving Miss Daisy,[63],/wiki/Driving_Miss_Daisy,False,,
268,1989 (62nd),Marlon Brando,Ian Mackenzie,A Dry White Season,[63],/wiki/A_Dry_White_Season,False,,
269,1989 (62nd),Martin Landau,Judah Rosenthal,Crimes and Misdemeanors,[63],/wiki/Crimes_and_Misdemeanors,False,,
270,1990 (63rd),Joe Pesci ‡,Tommy DeVito,GoodFellas,[64],/wiki/Goodfellas,True,,
271,1990 (63rd),Bruce Davison,David,Longtime Companion,[64],/wiki/Longtime_Companion,False,,
272,1990 (63rd),Andy García,Vincent Mancini,The Godfather Part III,[64],/wiki/The_Godfather_Part_III,False,,
273,1990 (63rd),Graham Greene,Kicking Bird,Dances with Wolves,[64],/wiki/Dances_with_Wolves,False,,
274,1990 (63rd),Al Pacino,"Alphonse ""Big Boy"" Caprice",Dick Tracy,[64],/wiki/Dick_Tracy_(1990_film),False,,
275,1991 (64th),Jack Palance ‡,Curly Washburn,City Slickers,[65],/wiki/City_Slickers,True,,
276,1991 (64th),Tommy Lee Jones,Clay Shaw,JFK,[65],/wiki/JFK_(film),False,,
277,1991 (64th),Harvey Keitel,Mickey Cohen,Bugsy,[65],/wiki/Bugsy,False,,
278,1991 (64th),Ben Kingsley,Meyer Lansky,Bugsy,[65],/wiki/Bugsy,False,,
279,1991 (64th),Michael Lerner,Jack Lipnick,Barton Fink,[65],/wiki/Barton_Fink,False,,
280,1992 (65th),Gene Hackman ‡,"""Little"" Bill Daggett",Unforgiven,[66],/wiki/Unforgiven,True,,
281,1992 (65th),Jaye Davidson,Dil,The Crying Game,[66],/wiki/The_Crying_Game,False,,
282,1992 (65th),Jack Nicholson,Col. Nathan R. Jessep,A Few Good Men,[66],/wiki/A_Few_Good_Men,False,,
283,1992 (65th),Al Pacino,"Richard ""Ricky"" Roma",Glengarry Glen Ross,[66],/wiki/Glengarry_Glen_Ross_(film),False,,
284,1992 (65th),David Paymer,Stan Young,Mr. Saturday Night,[66],/wiki/Mr._Saturday_Night,False,,
285,1993 (66th),Tommy Lee Jones ‡,U.S. Marshal Samuel Gerard,The Fugitive,[67],/wiki/The_Fugitive_(1993_film),True,,
286,1993 (66th),Leonardo DiCaprio,Arnie Grape,What's Eating Gilbert Grape,[67],/wiki/What%27s_Eating_Gilbert_Grape,False,,
287,1993 (66th),Ralph Fiennes,Amon Göth,Schindler's List,[67],/wiki/Schindler%27s_List,False,,
288,1993 (66th),John Malkovich,Mitch Leary,In the Line of Fire,[67],/wiki/In_the_Line_of_Fire,False,,
289,1993 (66th),Pete Postlethwaite,Giuseppe Conlon,In the Name of the Father,[67],/wiki/In_the_Name_of_the_Father_(film),False,,
290,1994 (67th),Martin Landau ‡,Béla Lugosi,Ed Wood,[68],/wiki/Ed_Wood_(film),True,,
291,1994 (67th),Samuel L. Jackson,Jules Winnfield,Pulp Fiction,[68],/wiki/Pulp_Fiction,False,,
292,1994 (67th),Chazz Palminteri,Cheech,Bullets over Broadway,[68],/wiki/Bullets_over_Broadway,False,,
293,1994 (67th),Paul Scofield,Mark Van Doren,Quiz Show,[68],/wiki/Quiz_Show_(film),False,,
294,1994 (67th),Gary Sinise,Lt. Dan Taylor,Forrest Gump,[68],/wiki/Forrest_Gump,False,,
295,1995 (68th),Kevin Spacey ‡,"Roger ""Verbal"" Kint",The Usual Suspects,[69],/wiki/The_Usual_Suspects,True,,
296,1995 (68th),James Cromwell,Arthur Hoggett,Babe,[69],/wiki/Babe_(film),False,,
297,1995 (68th),Ed Harris,Gene Kranz,Apollo 13,[69],/wiki/Apollo_13_(film),False,,
298,1995 (68th),Brad Pitt,Jeffrey Goines,12 Monkeys,[69],/wiki/12_Monkeys,False,,
299,1995 (68th),Tim Roth,Archibald Cunningham,Rob Roy,[69],/wiki/Rob_Roy_(1995_film),False,,
300,1996 (69th),Cuba Gooding Jr. ‡,Rod Tidwell,Jerry Maguire,[70],/wiki/Jerry_Maguire,True,,
301,1996 (69th),William H. Macy,Jerry Lundegaard,Fargo,[70],/wiki/Fargo_(1996_film),False,,
302,1996 (69th),Armin Mueller-Stahl,Peter Helfgott,Shine,[70],/wiki/Shine_(film),False,,
303,1996 (69th),Edward Norton,Aaron Stampler,Primal Fear,[70],/wiki/Primal_Fear_(film),False,,
304,1996 (69th),James Woods,Byron De La Beckwith,Ghosts of Mississippi,[70],/wiki/Ghosts_of_Mississippi,False,,
305,1997 (70th),Robin Williams ‡,Sean Maguire,Good Will Hunting,[71],/wiki/Good_Will_Hunting,True,,
306,1997 (70th),Robert Forster,Max Cherry,Jackie Brown,[71],/wiki/Jackie_Brown,False,,
307,1997 (70th),Anthony Hopkins,John Quincy Adams,Amistad,[71],/wiki/Amistad_(film),False,,
308,1997 (70th),Greg Kinnear,Simon Bishop,As Good as It Gets,[71],/wiki/As_Good_as_It_Gets,False,,
309,1997 (70th),Burt Reynolds,Jack Horner,Boogie Nights,[71],/wiki/Boogie_Nights,False,,
310,1998 (71st),James Coburn ‡,Glen Whitehouse,Affliction,[72],/wiki/Affliction_(1997_film),True,,
311,1998 (71st),Robert Duvall,Jerome Facher,A Civil Action,[72],/wiki/A_Civil_Action_(film),False,,
312,1998 (71st),Ed Harris,Christof,The Truman Show,[72],/wiki/The_Truman_Show,False,,
313,1998 (71st),Geoffrey Rush,Philip Henslowe,Shakespeare in Love,[72],/wiki/Shakespeare_in_Love,False,,
314,1998 (71st),Billy Bob Thornton,Jacob Mitchell,A Simple Plan,[72],/wiki/A_Simple_Plan_(film),False,,
315,1999 (72nd),Michael Caine ‡,Dr. Wilbur Larch,The Cider House Rules,[73],/wiki/The_Cider_House_Rules_(film),True,,
316,1999 (72nd),Tom Cruise,Frank T.J. Mackey,Magnolia,[73],/wiki/Magnolia_(film),False,,
317,1999 (72nd),Michael Clarke Duncan,John Coffey,The Green Mile,[73],/wiki/The_Green_Mile_(film),False,,
318,1999 (72nd),Jude Law,Dickie Greenleaf,The Talented Mr. Ripley,[73],/wiki/The_Talented_Mr._Ripley_(film),False,,
319,1999 (72nd),Haley Joel Osment,Cole Sear,The Sixth Sense,[73],/wiki/The_Sixth_Sense,False,,
320,2000 (73rd),Benicio del Toro ‡,Javier Rodriguez,Traffic,[74],/wiki/Traffic_(2000_film),True,,
321,2000 (73rd),Jeff Bridges,Jackson Evans,The Contender,[74],/wiki/The_Contender_(2000_film),False,,
322,2000 (73rd),Willem Dafoe,Max Schreck,Shadow of the Vampire,[74],/wiki/Shadow_of_the_Vampire,False,,
323,2000 (73rd),Albert Finney,Edward L. Masry,Erin Brockovich,[74],/wiki/Erin_Brockovich_(film),False,,
324,2000 (73rd),Joaquin Phoenix,Emperor Commodus,Gladiator,[74],/wiki/Gladiator_(2000_film),False,,
325,2001 (74th),Jim Broadbent ‡,John Bayley,Iris,[75],/wiki/Iris_(2001_film),True,,
326,2001 (74th),Ethan Hawke,Jake Hoyt,Training Day,[75],/wiki/Training_Day,False,,
327,2001 (74th),Ben Kingsley,Don Logan,Sexy Beast,[75],/wiki/Sexy_Beast,False,,
328,2001 (74th),Ian McKellen,Gandalf the Grey,The Lord of the Rings: The Fellowship of the Ring,[75],/wiki/The_Lord_of_the_Rings:_The_Fellowship_of_the_Ring,False,,
329,2001 (74th),Jon Voight,Howard Cosell,Ali,[75],/wiki/Ali_(film),False,,
330,2002 (75th),Chris Cooper ‡,John Laroche,Adaptation,[76],/wiki/Adaptation_(film),True,,
331,2002 (75th),Ed Harris,"Richard ""Richie"" Brown",The Hours,[76],/wiki/The_Hours_(film),False,,
332,2002 (75th),Paul Newman,John Rooney,Road to Perdition,[76],/wiki/Road_to_Perdition,False,,
333,2002 (75th),John C. Reilly,Amos Hart,Chicago,[76],/wiki/Chicago_(2002_film),False,,
334,2002 (75th),Christopher Walken,Frank Abagnale Sr.,Catch Me If You Can,[76],/wiki/Catch_Me_If_You_Can,False,,
335,2003 (76th),Tim Robbins ‡,Dave Boyle,Mystic River,[77],/wiki/Mystic_River_(film),True,,
336,2003 (76th),Alec Baldwin,Shelly Kaplow,The Cooler,[77],/wiki/The_Cooler,False,,
337,2003 (76th),Benicio del Toro,Jack Jordan,21 Grams,[77],/wiki/21_Grams,False,,
338,2003 (76th),Djimon Hounsou,Mateo,In America,[77],/wiki/In_America_(film),False,,
339,2003 (76th),Ken Watanabe,Lord Moritsugu Katsumoto,The Last Samurai,[77],/wiki/The_Last_Samurai,False,,
340,2004 (77th),Morgan Freeman ‡,"Eddie ""Scrap-Iron"" Dupris",Million Dollar Baby,[78],/wiki/Million_Dollar_Baby,True,,
341,2004 (77th),Alan Alda,Owen Brewster,The Aviator,[78],/wiki/The_Aviator_(2004_film),False,,
342,2004 (77th),Thomas Haden Church,Jack Cole,Sideways,[78],/wiki/Sideways,False,,
343,2004 (77th),Jamie Foxx,Max Durocher,Collateral,[78],/wiki/Collateral_(film),False,,
344,2004 (77th),Clive Owen,Larry Gray,Closer,[78],/wiki/Closer_(2004_film),False,,
345,2005 (78th),George Clooney ‡,Bob Barnes,Syriana,[79],/wiki/Syriana,True,,
346,2005 (78th),Matt Dillon,John Ryan,Crash,[79],/wiki/Crash_(2004_film),False,,
347,2005 (78th),Paul Giamatti,Joe Gould,Cinderella Man,[79],/wiki/Cinderella_Man,False,,
348,2005 (78th),Jake Gyllenhaal,Jack Twist,Brokeback Mountain,[79],/wiki/Brokeback_Mountain,False,,
349,2005 (78th),William Hurt,Richie Cusack,A History of Violence,[79],/wiki/A_History_of_Violence,False,,
350,2006 (79th),Alan Arkin ‡,Edwin Hoover,Little Miss Sunshine,[80],/wiki/Little_Miss_Sunshine,True,,
351,2006 (79th),Jackie Earle Haley,Ronald James McGorvey,Little Children,[80],/wiki/Little_Children_(film),False,,
352,2006 (79th),Djimon Hounsou,Solomon Vandy,Blood Diamond,[80],/wiki/Blood_Diamond,False,,
353,2006 (79th),Eddie Murphy,"James ""Thunder"" Early",Dreamgirls,[80],/wiki/Dreamgirls_(film),False,,
354,2006 (79th),Mark Wahlberg,Sean Dignam,The Departed,[80],/wiki/The_Departed,False,,
355,2007 (80th),Javier Bardem ‡,Anton Chigurh,No Country for Old Men,[81],/wiki/No_Country_for_Old_Men,True,,
356,2007 (80th),Casey Affleck,Robert Ford,The Assassination of Jesse James by the Coward Robert Ford,[81],/wiki/The_Assassination_of_Jesse_James_by_the_Coward_Robert_Ford,False,,
357,2007 (80th),Philip Seymour Hoffman,Gust Avrakotos,Charlie Wilson's War,[81],/wiki/Charlie_Wilson%27s_War_(film),False,,
358,2007 (80th),Hal Holbrook,Ron Franz,Into the Wild,[81],/wiki/Into_the_Wild_(film),False,,
359,2007 (80th),Tom Wilkinson,Arthur Edens,Michael Clayton,[81],/wiki/Michael_Clayton,False,,
360,2008 (81st),Heath Ledger †,The Joker,The Dark Knight,[82],/wiki/The_Dark_Knight,True,,
361,2008 (81st),Josh Brolin,Dan White,Milk,[82],/wiki/Milk_(2008_American_film),False,,
362,2008 (81st),Robert Downey Jr.,Kirk Lazarus,Tropic Thunder,[82],/wiki/Tropic_Thunder,False,,
363,2008 (81st),Philip Seymour Hoffman,Father Brendan Flynn,Doubt,[82],/wiki/Doubt_(2008_film),False,,
364,2008 (81st),Michael Shannon,John Givings Jr.,Revolutionary Road,[82],/wiki/Revolutionary_Road_(film),False,,
365,2009 (82nd),Christoph Waltz ‡,SS Colonel Hans Landa,Inglourious Basterds,[83],/wiki/Inglourious_Basterds,True,,
366,2009 (82nd),Matt Damon,Francois Pienaar,Invictus,[83],/wiki/Invictus_(film),False,,
367,2009 (82nd),Woody Harrelson,Captain Tony Stone,The Messenger,[83],/wiki/The_Messenger_(2009_film),False,,
368,2009 (82nd),Christopher Plummer,Leo Tolstoy,The Last Station,[83],/wiki/The_Last_Station,False,,
369,2009 (82nd),Stanley Tucci,George Harvey,The Lovely Bones,[83],/wiki/The_Lovely_Bones_(film),False,,
370,2010 (83rd),Christian Bale ‡,Dicky Eklund,The Fighter,[84],/wiki/The_Fighter,True,,
371,2010 (83rd),John Hawkes,Teardrop Dolly,Winter's Bone,[84],/wiki/Winter%27s_Bone,False,,
372,2010 (83rd),Jeremy Renner,"James ""Jem"" Coughlin",The Town,[84],/wiki/The_Town_(2010_film),False,,
373,2010 (83rd),Mark Ruffalo,Paul Hatfield,The Kids Are All Right,[84],/wiki/The_Kids_Are_All_Right_(film),False,,
374,2010 (83rd),Geoffrey Rush,Lionel Logue,The King's Speech,[84],/wiki/The_King%27s_Speech,False,,
375,2011 (84th),Christopher Plummer ‡,Hal Fields,Beginners,[85],/wiki/Beginners,True,,
376,2011 (84th),Kenneth Branagh,Laurence Olivier,My Week with Marilyn,[85],/wiki/My_Week_with_Marilyn,False,,
377,2011 (84th),Jonah Hill,Peter Brand,Moneyball,[85],/wiki/Moneyball_(film),False,,
378,2011 (84th),Nick Nolte,Paddy Conlon,Warrior,[85],/wiki/Warrior_(2011_film),False,,
379,2011 (84th),Max von Sydow,The Renter,Extremely Loud & Incredibly Close,[85],/wiki/Extremely_Loud_%26_Incredibly_Close_(film),False,,
380,2012 (85th),Christoph Waltz ‡,Dr. King Schultz,Django Unchained,[86],/wiki/Django_Unchained,True,,
381,2012 (85th),Alan Arkin,Lester Siegel,Argo,[86],/wiki/Argo_(2012_film),False,,
382,2012 (85th),Robert De Niro,Patrizio Solitano Sr.,Silver Linings Playbook,[86],/wiki/Silver_Linings_Playbook,False,,
383,2012 (85th),Philip Seymour Hoffman,Lancaster Dodd,The Master,[86],/wiki/The_Master_(2012_film),False,,
384,2012 (85th),Tommy Lee Jones,Thaddeus Stevens,Lincoln,[86],/wiki/Lincoln_(film),False,,
385,2013 (86th),Jared Leto ‡,Rayon,Dallas Buyers Club,[87],/wiki/Dallas_Buyers_Club,True,,
386,2013 (86th),Barkhad Abdi,Abduwali Muse,Captain Phillips,[87],/wiki/Captain_Phillips_(film),False,,
387,2013 (86th),Bradley Cooper,Richie DiMaso,American Hustle,[87],/wiki/American_Hustle,False,,
388,2013 (86th),Michael Fassbender,Edwin Epps,12 Years a Slave,[87],/wiki/12_Years_a_Slave_(film),False,,
389,2013 (86th),Jonah Hill,Donnie Azoff,The Wolf of Wall Street,[87],/wiki/The_Wolf_of_Wall_Street_(2013_film),False,,
390,2014 (87th),J. K. Simmons ‡,Terence Fletcher,Whiplash,[88],/wiki/Whiplash_(2014_film),True,,
391,2014 (87th),Robert Duvall,Joseph Palmer,The Judge,[88],/wiki/The_Judge_(2014_film),False,,
392,2014 (87th),Ethan Hawke,Mason Evans Sr.,Boyhood,[88],/wiki/Boyhood_(2014_film),False,,
393,2014 (87th),Edward Norton,Mike Shiner,Birdman,[88],/wiki/Birdman_(film),False,,
394,2014 (87th),Mark Ruffalo,David Schultz,Foxcatcher,[88],/wiki/Foxcatcher,False,,
395,2015 (88th),Mark Rylance ‡,Rudolf Abel,Bridge of Spies,[89],/wiki/Bridge_of_Spies_(film),True,,
396,2015 (88th),Christian Bale,Michael Burry,The Big Short,[89],/wiki/The_Big_Short_(film),False,,
397,2015 (88th),Tom Hardy,John Fitzgerald,The Revenant,[89],/wiki/The_Revenant_(2015_film),False,,
398,2015 (88th),Mark Ruffalo,Michael Rezendes,Spotlight,[89],/wiki/Spotlight_(film),False,,
399,2015 (88th),Sylvester Stallone,Rocky Balboa,Creed,[89],/wiki/Creed_(film),False,,
400,2016 (89th),Mahershala Ali ‡,Juan,Moonlight,[90],/wiki/Moonlight_(2016_film),True,,
401,2016 (89th),Jeff Bridges,Marcus Hamilton,Hell or High Water,[90],/wiki/Hell_or_High_Water_(2016_film),False,,
402,2016 (89th),Lucas Hedges,Patrick Chandler,Manchester by the Sea,[90],/wiki/Manchester_by_the_Sea_(film),False,,
403,2016 (89th),Dev Patel,Saroo Brierley,Lion,[90],/wiki/Lion_(2016_film),False,,
404,2016 (89th),Michael Shannon,Bobby Andes,Nocturnal Animals,[90],/wiki/Nocturnal_Animals,False,,
405,2017 (90th),Sam Rockwell ‡,Jason Dixon,"Three Billboards Outside Ebbing, Missouri",[91],"/wiki/Three_Billboards_Outside_Ebbing,_Missouri",True,,
406,2017 (90th),Willem Dafoe,Bobby Hicks,The Florida Project,[91],/wiki/The_Florida_Project,False,,
407,2017 (90th),Woody Harrelson,Bill Willoughby,"Three Billboards Outside Ebbing, Missouri",[91],"/wiki/Three_Billboards_Outside_Ebbing,_Missouri",True,,
408,2017 (90th),Richard Jenkins,Giles,The Shape of Water,[91],/wiki/The_Shape_of_Water,False,,
409,2017 (90th),Christopher Plummer,J. Paul Getty,All the Money in the World,[91],/wiki/All_the_Money_in_the_World,False,,
410,2018 (91st),Mahershala Ali ‡,Don Shirley,Green Book,[92],/wiki/Green_Book_(film),True,,
411,2018 (91st),Adam Driver,"Philip ""Flip"" Zimmerman",BlacKkKlansman,[92],/wiki/BlacKkKlansman,False,,
412,2018 (91st),Sam Elliott,Bobby Maine,A Star Is Born,[92],/wiki/A_Star_Is_Born_(2018_film),False,,
413,2018 (91st),Richard E. Grant,Jack Hock,Can You Ever Forgive Me?,[92],/wiki/Can_You_Ever_Forgive_Me%3F,False,,
414,2018 (91st),Sam Rockwell,George W. Bush,Vice,[92],/wiki/Vice_(2018_film),False,,
415,2019 (92nd),Brad Pitt ‡,Cliff Booth,Once Upon a Time in Hollywood,[93],/wiki/Once_Upon_a_Time_in_Hollywood,True,,
416,2019 (92nd),Tom Hanks,Fred Rogers,A Beautiful Day in the Neighborhood,[93],/wiki/A_Beautiful_Day_in_the_Neighborhood,False,,
417,2019 (92nd),Anthony Hopkins,Pope Benedict XVI,The Two Popes,[93],/wiki/The_Two_Popes,False,,
418,2019 (92nd),Al Pacino,Jimmy Hoffa,The Irishman,[93],/wiki/The_Irishman,False,,
419,2019 (92nd),Joe Pesci,Russell Bufalino,The Irishman,[93],/wiki/The_Irishman,False,,
420,2020/21 (93rd)[94],Daniel Kaluuya ‡,Fred Hampton,Judas and the Black Messiah[c],[96],,False,,
421,2020/21 (93rd)[94],Sacha Baron Cohen,Abbie Hoffman,The Trial of the Chicago 7,[96],/wiki/The_Trial_of_the_Chicago_7,False,,
422,2020/21 (93rd)[94],Leslie Odom Jr.,Sam Cooke,One Night in Miami...,[96],/wiki/One_Night_in_Miami...,False,,
423,2020/21 (93rd)[94],Paul Raci,Joe,Sound of Metal,[96],/wiki/Sound_of_Metal,False,,
424,2020/21 (93rd)[94],LaKeith Stanfield[c],William O'Neal,Judas and the Black Messiah,[96],/wiki/Judas_and_the_Black_Messiah,True,,
425,2021 (94th),Troy Kotsur ‡,Frank Rossi,CODA,[97],/wiki/CODA_(2021_film),True,,
426,2021 (94th),Ciarán Hinds,Pop,Belfast,[97],/wiki/Belfast_(film),False,,
427,2021 (94th),Jesse Plemons,George Burbank,The Power of the Dog,[97],/wiki/The_Power_of_the_Dog_(film),False,,
428,2021 (94th),J. K. Simmons,William Frawley,Being the Ricardos,[97],/wiki/Being_the_Ricardos,False,,
429,2021 (94th),Kodi Smit-McPhee,Peter Gordon,The Power of the Dog,[97],/wiki/The_Power_of_the_Dog_(film),False,,
430,2022 (95th),Ke Huy Quan ‡,Waymond Wang,Everything Everywhere All at Once,[98],/wiki/Everything_Everywhere_All_at_Once,True,,
431,2022 (95th),Brendan Gleeson,Colm Doherty,The Banshees of Inisherin,[98],/wiki/The_Banshees_of_Inisherin,False,,
432,2022 (95th),Brian Tyree Henry,James Aucoin,Causeway,[98],/wiki/Causeway_(film),False,,
433,2022 (95th),Judd Hirsch,Boris Podgorny,The Fabelmans,[98],/wiki/The_Fabelmans,False,,
434,2022 (95th),Barry Keoghan,Dominic Kearney,The Banshees of Inisherin,[98],/wiki/The_Banshees_of_Inisherin,False,,
435,2023 (96th),Sterling K. Brown,"Clifford ""Cliff"" Ellison",American Fiction,[99],/wiki/American_Fiction_(film),False,,
436,2023 (96th),Robert De Niro,William King Hale,Killers of the Flower Moon,[99],/wiki/Killers_of_the_Flower_Moon_(film),False,,
437,2023 (96th),Robert Downey Jr.,Lewis Strauss,Oppenheimer,[99],/wiki/Oppenheimer_(film),False,,
438,2023 (96th),Ryan Gosling,Ken,Barbie,[99],/wiki/Barbie_(film),False,,
439,2023 (96th),Mark Ruffalo,Duncan Wedderburn,Poor Things,[99],/wiki/Poor_Things_(film),False,,
440,,Christopher Plummer,,Beginners,[100],/wiki/Beginners,False,Oldest winner,82.0
441,,Christopher Plummer,,All the Money in the World,[100],/wiki/All_the_Money_in_the_World,False,Oldest nominee,88.0
442,,Timothy Hutton,,Ordinary People,[100],/wiki/Ordinary_People,False,Youngest winner,20.0
443,,Justin Henry,,Kramer vs. Kramer,[100],/wiki/Kramer_vs._Kramer,False,Youngest nominee,8.0
