,Year,Film,Nominees,FilmLink,Won,Unnamed: 3
0,1929–1930 (3rd),,,,False,
1,1929–1930 (3rd),The Big House,"Metro-Goldwyn-Mayer Studio Sound Department, Douglas Shearer",/wiki/The_Big_House_(1930_film),True,
2,1929–1930 (3rd),The Case of Sergeant Grischa,"RKO Radio Studio Sound Department, John Tribby",/wiki/The_Case_of_Sergeant_Grischa_(film),False,
3,1929–1930 (3rd),The Love Parade,"Paramount Famous Lasky Studio Sound Department, Franklin Hansen",/wiki/The_Love_Parade,False,
4,1929–1930 (3rd),Raffles,"United Artists Studio Sound Department, Oscar Lagerstrom",/wiki/Raffles_(1930_film),False,
5,1929–1930 (3rd),Song of the Flame,"First National Studio Sound Department, George Groves",/wiki/Song_of_the_Flame_(film),False,
6,1930–1931 (4th),,,,False,
7,1930–1931 (4th),Paramount Publix Studio Sound Department [note 1],Paramount Publix Studio Sound Department [note 1],,False,
8,1930–1931 (4th),Metro-Goldwyn-Mayer Studio Sound Department,Metro-Goldwyn-Mayer Studio Sound Department,/wiki/Metro-Goldwyn-Mayer,True,
9,1930–1931 (4th),RKO Radio Studio Sound Department,RKO Radio Studio Sound Department,/wiki/RKO_Pictures,False,
10,1930–1931 (4th),Samuel Goldwyn-United Artists Studio Sound Department,Samuel Goldwyn-United Artists Studio Sound Department,,False,
11,1931–1932 (5th),,,,False,
12,1931–1932 (5th),Paramount Publix Studio Sound Department [note 1],Paramount Publix Studio Sound Department [note 1],,False,
13,1931–1932 (5th),Metro-Goldwyn-Mayer Studio Sound Department,Metro-Goldwyn-Mayer Studio Sound Department,/wiki/Metro-Goldwyn-Mayer,True,
14,1931–1932 (5th),RKO Radio Studio Sound Department,RKO Radio Studio Sound Department,/wiki/RKO_Pictures,False,
15,1931–1932 (5th),Warner Bros.-First National Studio Sound Department,Warner Bros.-First National Studio Sound Department,,False,
16,1932–1933 (6th),,,,False,
17,1932–1933 (6th),A Farewell to Arms,"Paramount Studio Sound Department, Franklin Hansen",/wiki/A_Farewell_to_Arms_(1932_film),True,
18,1932–1933 (6th),42nd Street,"Warner Bros. Studio Sound Department, Nathan Levinson",/wiki/42nd_Street_(film),False,
19,1932–1933 (6th),Gold Diggers of 1933,"Warner Bros. Studio Sound Department, Nathan Levinson",/wiki/Gold_Diggers_of_1933,False,
20,1932–1933 (6th),I Am a Fugitive from a Chain Gang,"Warner Bros. Studio Sound Department, Nathan Levinson",/wiki/I_Am_a_Fugitive_from_a_Chain_Gang,False,
21,1934 (7th),,,,False,
22,1934 (7th),One Night of Love,"Columbia Studio Sound Department, John P. Livadary",/wiki/One_Night_of_Love,True,
23,1934 (7th),The Affairs of Cellini,"United Artists Studio Sound Department, Thomas T. Moulton",/wiki/The_Affairs_of_Cellini,False,
24,1934 (7th),Cleopatra,"Paramount Studio Sound Department, Franklin B. Hansen",/wiki/Cleopatra_(1934_film),False,
25,1934 (7th),Flirtation Walk,"Warner Bros.-First National Studio Sound Department, Nathan Levinson",/wiki/Flirtation_Walk,False,
26,1934 (7th),The Gay Divorcee,"RKO Radio Studio Sound Department, Carl Dreher",/wiki/The_Gay_Divorcee,False,
27,1934 (7th),Imitation of Life,"Universal Studio Sound Department, Theodore Soderberg",/wiki/Imitation_of_Life_(1934_film),False,
28,1934 (7th),Viva Villa!,"Metro-Goldwyn-Mayer Studio Sound Department, Douglas Shearer",/wiki/Viva_Villa!,False,
29,1934 (7th),The White Parade,"Fox Studio Sound Department, Edmund H. Hansen",/wiki/The_White_Parade,False,
30,1935 (8th),,,,False,
31,1935 (8th),Naughty Marietta,"Metro-Goldwyn-Mayer Studio Sound Department, Douglas Shearer",/wiki/Naughty_Marietta_(film),True,
32,1935 (8th),"$1,000 a Minute",Republic Studio Sound Department,"/wiki/1,000_Dollars_a_Minute",False,
33,1935 (8th),Bride of Frankenstein,"Universal Studio Sound Department, Gilbert Kurland",/wiki/Bride_of_Frankenstein,False,
34,1935 (8th),Captain Blood,"Warner Bros.-First National Studio Sound Department, Nathan Levinson",/wiki/Captain_Blood_(1935_film),False,
35,1935 (8th),The Dark Angel,"United Artists Studio Sound Department, Thomas T. Moulton",/wiki/The_Dark_Angel_(1935_film),False,
36,1935 (8th),I Dream Too Much,"RKO Radio Studio Sound Department, Carl Dreher",/wiki/I_Dream_Too_Much_(1935_film),False,
37,1935 (8th),The Lives of a Bengal Lancer,"Paramount Studio Sound Department, Franklin B. Hansen",/wiki/The_Lives_of_a_Bengal_Lancer_(film),False,
38,1935 (8th),Love Me Forever,"Columbia Studio Sound Department, John P. Livadary",/wiki/Love_Me_Forever_(film),False,
39,1935 (8th),Thanks a Million,"20th Century-Fox Studio Sound Department, Edmund H. Hansen",/wiki/Thanks_a_Million,False,
40,1936 (9th),,,,False,
41,1936 (9th),San Francisco,"Metro-Goldwyn-Mayer Studio Sound Department, Douglas Shearer",/wiki/San_Francisco_(1936_film),True,
42,1936 (9th),Banjo on My Knee,"20th Century-Fox Studio Sound Department, Edmund H. Hansen",/wiki/Banjo_on_My_Knee_(film),False,
43,1936 (9th),The Charge of the Light Brigade,"Warner Bros. Studio Sound Department, Nathan Levinson",/wiki/The_Charge_of_the_Light_Brigade_(1936_film),False,
44,1936 (9th),Dodsworth,"United Artists Studio Sound Department, Thomas T. Moulton",/wiki/Dodsworth_(film),False,
45,1936 (9th),General Spanky,"Hal Roach Studio Sound Department, Elmer A. Raguse",/wiki/General_Spanky,False,
46,1936 (9th),Mr. Deeds Goes to Town,"Columbia Studio Sound Department, John P. Livadary",/wiki/Mr._Deeds_Goes_to_Town,False,
47,1936 (9th),The Texas Rangers,"Paramount Studio Sound Department, Franklin B. Hansen",/wiki/The_Texas_Rangers_(1936_film),False,
48,1936 (9th),That Girl from Paris,"RKO Radio Studio Sound Department, John Aalberg",/wiki/That_Girl_from_Paris,False,
49,1936 (9th),Three Smart Girls,"Universal Studio Sound Department, Homer G. Tasker",/wiki/Three_Smart_Girls,False,
50,1937 (10th),,,,False,
51,1937 (10th),The Hurricane,"United Artists Studio Sound Department, Thomas T. Moulton",/wiki/The_Hurricane_(1937_film),True,
52,1937 (10th),The Girl Said No,"Grand National Studio Sound Department, A. E. Kaye",/wiki/The_Girl_Said_No_(1937_film),False,
53,1937 (10th),Hitting a New High,"RKO Radio Studio Sound Department, John Aalberg",/wiki/Hitting_a_New_High,False,
54,1937 (10th),In Old Chicago,"20th Century-Fox Studio Sound Department, Edmund H. Hansen",/wiki/In_Old_Chicago,False,
55,1937 (10th),The Life of Emile Zola,"Warner Bros. Studio Sound Department, Nathan Levinson",/wiki/The_Life_of_Emile_Zola,False,
56,1937 (10th),Lost Horizon,"Columbia Studio Sound Department, John P. Livadary",/wiki/Lost_Horizon_(1937_film),False,
57,1937 (10th),Maytime,"Metro-Goldwyn-Mayer Studio Sound Department, Douglas Shearer",/wiki/Maytime_(1937_film),False,
58,1937 (10th),One Hundred Men and a Girl,"Universal Studio Sound Department, Homer G. Tasker",/wiki/One_Hundred_Men_and_a_Girl,False,
59,1937 (10th),Topper,"Hal Roach Studio Sound Department, Elmer A. Raguse",/wiki/Topper_(film),False,
60,1937 (10th),Wells Fargo,"Paramount Studio Sound Department, Loren L. Ryder",/wiki/Wells_Fargo_(film),False,
61,1938 (11th),,,,False,
62,1938 (11th),The Cowboy and the Lady,"United Artists Studio Sound Department, Thomas T. Moulton",/wiki/The_Cowboy_and_the_Lady_(1938_film),True,
63,1938 (11th),Army Girl,"Republic Studio Sound Department, Charles L. Lootens",/wiki/Army_Girl,False,
64,1938 (11th),Four Daughters,"Warner Bros. Studio Sound Department, Nathan Levinson",/wiki/Four_Daughters,False,
65,1938 (11th),If I Were King,"Paramount Studio Sound Department, Loren L. Ryder",/wiki/If_I_Were_King,False,
66,1938 (11th),Merrily We Live,"Hal Roach Studio Sound Department, Elmer A. Raguse",/wiki/Merrily_We_Live,False,
67,1938 (11th),Suez,"20th Century-Fox Studio Sound Department, Edmund H. Hansen",/wiki/Suez_(film),False,
68,1938 (11th),Sweethearts,"Metro-Goldwyn-Mayer Studio Sound Department, Douglas Shearer",/wiki/Sweethearts_(1938_film),False,
69,1938 (11th),That Certain Age,"Universal Studio Sound Department, Bernard B. Brown",/wiki/That_Certain_Age,False,
70,1938 (11th),Vivacious Lady,"RKO Radio Studio Sound Department, John Aalberg",/wiki/Vivacious_Lady,False,
71,1938 (11th),You Can't Take It with You,"Columbia Studio Sound Department, John P. Livadary",/wiki/You_Can%27t_Take_It_with_You_(film),False,
72,1939 (12th),,,,False,
73,1939 (12th),When Tomorrow Comes,"Universal Studio Sound Department, Bernard B. Brown",/wiki/When_Tomorrow_Comes_(film),True,
74,1939 (12th),Balalaika,"Metro-Goldwyn-Mayer Studio Sound Department, Douglas Shearer",/wiki/Balalaika_(film),False,
75,1939 (12th),Gone with the Wind,"Samuel Goldwyn Studio Sound Department, Thomas T. Moulton",/wiki/Gone_with_the_Wind_(film),False,
76,1939 (12th),"Goodbye, Mr. Chips","Denham Studio Sound Department, A. W. Watkins","/wiki/Goodbye,_Mr._Chips_(1939_film)",False,
77,1939 (12th),The Great Victor Herbert,"Paramount Studio Sound Department, Loren L. Ryder",/wiki/The_Great_Victor_Herbert,False,
78,1939 (12th),The Hunchback of Notre Dame,"RKO Radio Studio Sound Department, John Aalberg",/wiki/The_Hunchback_of_Notre_Dame_(1939_film),False,
79,1939 (12th),Man of Conquest,"Republic Studio Sound Department, Charles L. Lootens",/wiki/Man_of_Conquest,False,
80,1939 (12th),Mr. Smith Goes to Washington,"Columbia Studio Sound Department, John P. Livadary",/wiki/Mr._Smith_Goes_to_Washington,False,
81,1939 (12th),Of Mice and Men,"Hal Roach Studio Sound Department, Elmer A. Raguse",/wiki/Of_Mice_and_Men_(1939_film),False,
82,1939 (12th),The Private Lives of Elizabeth and Essex,"Warner Bros. Studio Sound Department, Nathan Levinson",/wiki/The_Private_Lives_of_Elizabeth_and_Essex,False,
83,1939 (12th),The Rains Came,"20th Century-Fox Studio Sound Department, Edmund H. Hansen",/wiki/The_Rains_Came,False,
84,1940 (13th),,,,False,
85,1940 (13th),Strike Up the Band,"Metro-Goldwyn-Mayer Studio Sound Department, Douglas Shearer",/wiki/Strike_Up_the_Band_(film),True,
86,1940 (13th),Behind the News,"Republic Studio Sound Department, Charles L. Lootens",/wiki/Behind_the_News_(film),False,
87,1940 (13th),Captain Caution,"Hal Roach Studio Sound Department, Elmer A. Raguse",/wiki/Captain_Caution,False,
88,1940 (13th),The Grapes of Wrath,"20th Century-Fox Studio Sound Department, Edmund H. Hansen",/wiki/The_Grapes_of_Wrath_(film),False,
89,1940 (13th),The Howards of Virginia,"General Service Sound Department, Jack Whitney",/wiki/The_Howards_of_Virginia,False,
90,1940 (13th),Kitty Foyle,"RKO Radio Studio Sound Department, John Aalberg",/wiki/Kitty_Foyle_(film),False,
91,1940 (13th),North West Mounted Police,"Paramount Studio Sound Department, Loren L. Ryder",/wiki/North_West_Mounted_Police_(film),False,
92,1940 (13th),Our Town,"Samuel Goldwyn Studio Sound Department, Thomas T. Moulton",/wiki/Our_Town_(1940_film),False,
93,1940 (13th),The Sea Hawk,"Warner Bros. Studio Sound Department, Nathan Levinson",/wiki/The_Sea_Hawk_(1940_film),False,
94,1940 (13th),Spring Parade,"Universal Studio Sound Department, Bernard B. Brown",/wiki/Spring_Parade,False,
95,1940 (13th),Too Many Husbands,"Columbia Studio Sound Department, John P. Livadary",/wiki/Too_Many_Husbands,False,
96,1941 (14th),,,,False,
97,1941 (14th),That Hamilton Woman,"General Service Sound Department, Jack Whitney",/wiki/That_Hamilton_Woman,True,
98,1941 (14th),Appointment for Love,"Universal Studio Sound Department, Bernard B. Brown",/wiki/Appointment_for_Love,False,
99,1941 (14th),Ball of Fire,"Samuel Goldwyn Studio Sound Department, Thomas T. Moulton",/wiki/Ball_of_Fire,False,
100,1941 (14th),The Chocolate Soldier,"Metro-Goldwyn-Mayer Studio Sound Department, Douglas Shearer",/wiki/The_Chocolate_Soldier_(film),False,
101,1941 (14th),Citizen Kane,"RKO Radio Studio Sound Department, John Aalberg",/wiki/Citizen_Kane,False,
102,1941 (14th),The Devil Pays Off,"Republic Studio Sound Department, Charles L. Lootens",/wiki/The_Devil_Pays_Off,False,
103,1941 (14th),How Green Was My Valley,"20th Century-Fox Studio Sound Department, Edmund H. Hansen",/wiki/How_Green_Was_My_Valley_(film),False,
104,1941 (14th),The Men in Her Life,"Columbia Studio Sound Department, John P. Livadary",/wiki/The_Men_in_Her_Life,False,
105,1941 (14th),Sergeant York,"Warner Bros. Studio Sound Department, Nathan Levinson",/wiki/Sergeant_York_(film),False,
106,1941 (14th),Skylark,"Paramount Studio Sound Department, Loren L. Ryder",/wiki/Skylark_(1941_film),False,
107,1941 (14th),Topper Returns,"Hal Roach Studio Sound Department, Elmer A. Raguse",/wiki/Topper_Returns,False,
108,1942 (15th),,,,False,
109,1942 (15th),Yankee Doodle Dandy,"Warner Bros. Studio Sound Department, Nathan Levinson",/wiki/Yankee_Doodle_Dandy,True,
110,1942 (15th),Arabian Nights,"Universal Studio Sound Department, Bernard B. Brown",/wiki/Arabian_Nights_(1942_film),False,
111,1942 (15th),Bambi,"Walt Disney Studio Sound Department, Sam Slyfield",/wiki/Bambi,False,
112,1942 (15th),Flying Tigers,"Republic Studio Sound Department, Daniel J. Bloomberg",/wiki/Flying_Tigers_(film),False,
113,1942 (15th),Friendly Enemies,"Sound Service, Inc., Jack Whitney",/wiki/Friendly_Enemies_(1942_film),False,
114,1942 (15th),The Gold Rush,"RCA Sound, James L. Fields",/wiki/The_Gold_Rush,False,
115,1942 (15th),Mrs. Miniver,"Metro-Goldwyn-Mayer Studio Sound Department, Douglas Shearer",/wiki/Mrs._Miniver,False,
116,1942 (15th),Once Upon a Honeymoon,"RKO Radio Studio Sound Department, Steve Dunn",/wiki/Once_Upon_a_Honeymoon,False,
117,1942 (15th),The Pride of the Yankees,"Samuel Goldwyn Studio Sound Department, Thomas T. Moulton",/wiki/The_Pride_of_the_Yankees,False,
118,1942 (15th),Road to Morocco,"Paramount Studio Sound Department, Loren L. Ryder",/wiki/Road_to_Morocco,False,
119,1942 (15th),This Above All,"20th Century-Fox Studio Sound Department, Edmund H. Hansen",/wiki/This_Above_All_(film),False,
120,1942 (15th),You Were Never Lovelier,"Columbia Studio Sound Department, John P. Livadary",/wiki/You_Were_Never_Lovelier,False,
121,1943 (16th),,,,False,
122,1943 (16th),This Land Is Mine,"RKO Radio Studio Sound Department, Steve Dunn",/wiki/This_Land_Is_Mine_(film),True,
123,1943 (16th),Hangmen Also Die!,"Sound Service, Inc., Jack Whitney",/wiki/Hangmen_Also_Die!,False,
124,1943 (16th),In Old Oklahoma,"Republic Studio Sound Department, Daniel J. Bloomberg",/wiki/In_Old_Oklahoma,False,
125,1943 (16th),Madame Curie,"Metro-Goldwyn-Mayer Studio Sound Department, Douglas Shearer",/wiki/Madame_Curie_(film),False,
126,1943 (16th),The North Star,"Samuel Goldwyn Studio Sound Department, Thomas T. Moulton",/wiki/The_North_Star_(1943_film),False,
127,1943 (16th),Phantom of the Opera,"Universal Studio Sound Department, Bernard B. Brown",/wiki/Phantom_of_the_Opera_(1943_film),False,
128,1943 (16th),Riding High,"Paramount Studio Sound Department, Loren L. Ryder",/wiki/Riding_High_(1943_film),False,
129,1943 (16th),Sahara,"Columbia Studio Sound Department, John P. Livadary",/wiki/Sahara_(1943_American_film),False,
130,1943 (16th),Saludos Amigos,"Walt Disney Studio Sound Department, Sam Slyfield",/wiki/Saludos_Amigos,False,
131,1943 (16th),So This Is Washington,"RCA Sound, James L. Fields",/wiki/So_This_Is_Washington,False,
132,1943 (16th),The Song of Bernadette,"20th Century-Fox Studio Sound Department, Edmund H. Hansen",/wiki/The_Song_of_Bernadette_(film),False,
133,1943 (16th),This Is the Army,"Warner Bros. Studio Sound Department, Nathan Levinson",/wiki/This_Is_the_Army,False,
134,1944 (17th),,,,False,
135,1944 (17th),Wilson,"20th Century-Fox Studio Sound Department, Edmund H. Hansen",/wiki/Wilson_(1944_film),True,
136,1944 (17th),Brazil,"Republic Studio Sound Department, Daniel J. Bloomberg",/wiki/Brazil_(1944_film),False,
137,1944 (17th),Casanova Brown,"Samuel Goldwyn Studio Sound Department, Thomas T. Moulton",/wiki/Casanova_Brown,False,
138,1944 (17th),Cover Girl,"Columbia Studio Sound Department, John P. Livadary",/wiki/Cover_Girl_(film),False,
139,1944 (17th),Double Indemnity,"Paramount Studio Sound Department, Loren L. Ryder",/wiki/Double_Indemnity,False,
140,1944 (17th),His Butler's Sister,"Universal Studio Sound Department, Bernard B. Brown",/wiki/His_Butler%27s_Sister,False,
141,1944 (17th),Hollywood Canteen,"Warner Bros. Studio Sound Department, Nathan Levinson",/wiki/Hollywood_Canteen_(film),False,
142,1944 (17th),It Happened Tomorrow,"Sound Service, Inc., Jack Whitney",/wiki/It_Happened_Tomorrow,False,
143,1944 (17th),Kismet,"Metro-Goldwyn-Mayer Studio Sound Department, Douglas Shearer",/wiki/Kismet_(1944_film),False,
144,1944 (17th),Music in Manhattan,"RKO Radio Studio Sound Department, Steve Dunn",/wiki/Music_in_Manhattan,False,
145,1944 (17th),Voice in the Wind,"RCA Sound, Mac Dalgleish",/wiki/Voice_in_the_Wind,False,
146,1945 (18th),,,,False,
147,1945 (18th),The Bells of St. Mary's,"RKO Radio Studio Sound Department, Steve Dunn",/wiki/The_Bells_of_St._Mary%27s,True,
148,1945 (18th),Flame of Barbary Coast,"Republic Studio Sound Department, Daniel J. Bloomberg",/wiki/Flame_of_Barbary_Coast,False,
149,1945 (18th),Lady on a Train,"Universal Studio Sound Department, Bernard B. Brown",/wiki/Lady_on_a_Train,False,
150,1945 (18th),Leave Her to Heaven,"20th Century-Fox Studio Sound Department, Thomas T. Moulton",/wiki/Leave_Her_to_Heaven,False,
151,1945 (18th),Rhapsody in Blue,"Warner Bros. Studio Sound Department, Nathan Levinson",/wiki/Rhapsody_in_Blue_(film),False,
152,1945 (18th),A Song to Remember,"Columbia Studio Sound Department, John P. Livadary",/wiki/A_Song_to_Remember,False,
153,1945 (18th),The Southerner,"General Service, Jack Whitney",/wiki/The_Southerner_(film),False,
154,1945 (18th),They Were Expendable,"Metro-Goldwyn-Mayer Studio Sound Department, Douglas Shearer",/wiki/They_Were_Expendable,False,
155,1945 (18th),The Three Caballeros,"Walt Disney Studio Sound Department, Sam Slyfield",/wiki/The_Three_Caballeros,False,
156,1945 (18th),Three Is a Family,"RCA Sound, W. V. Wolfe",/wiki/Three_Is_a_Family,False,
157,1945 (18th),The Unseen,"Paramount Studio Sound Department, Loren L. Ryder",/wiki/The_Unseen_(1945_film),False,
158,1945 (18th),Wonder Man,"Samuel Goldwyn Studio Sound Department, Gordon E. Sawyer",/wiki/Wonder_Man_(film),False,
159,1946 (19th),,,,False,
160,1946 (19th),The Jolson Story,"Columbia Studio Sound Department, John P. Livadary",/wiki/The_Jolson_Story,True,
161,1946 (19th),The Best Years of Our Lives,"Samuel Goldwyn Studio Sound Department, Gordon E. Sawyer",/wiki/The_Best_Years_of_Our_Lives,False,
162,1946 (19th),It's a Wonderful Life,"RKO Radio Studio Sound Department, John Aalberg",/wiki/It%27s_a_Wonderful_Life,False,
163,1947 (20th),,,,False,
164,1947 (20th),The Bishop's Wife,"Samuel Goldwyn Studio Sound Department, Gordon E. Sawyer",/wiki/The_Bishop%27s_Wife,True,
165,1947 (20th),Green Dolphin Street,"Metro-Goldwyn-Mayer Studio Sound Department, Douglas Shearer",/wiki/Green_Dolphin_Street_(film),False,
166,1947 (20th),T-Men,"Sound Service, Inc., Jack Whitney",/wiki/T-Men,False,
167,1948 (21st),,,,False,
168,1948 (21st),The Snake Pit,"20th Century-Fox Studio Sound Department, Thomas T. Moulton",/wiki/The_Snake_Pit,True,
169,1948 (21st),Johnny Belinda,"Warner Bros. Studio Sound Department, Col. Nathan Levinson",/wiki/Johnny_Belinda_(1948_film),False,
170,1948 (21st),Moonrise,"Republic Studio Sound Department, Daniel J. Bloomberg",/wiki/Moonrise_(film),False,
171,1949 (22nd),,,,False,
172,1949 (22nd),Twelve O'Clock High,"20th Century-Fox Studio Sound Department, Thomas T. Moulton",/wiki/Twelve_O%27Clock_High,True,
173,1949 (22nd),"Once More, My Darling","Universal-International Studio Sound Department, Leslie I. Carey","/wiki/Once_More,_My_Darling",False,
174,1949 (22nd),Sands of Iwo Jima,"Republic Studio Sound Department, Daniel J. Bloomberg",/wiki/Sands_of_Iwo_Jima,False,
175,1950 (23rd),,,,False,
176,1950 (23rd),All About Eve,"20th Century-Fox Studio Sound Department, Thomas T. Moulton",/wiki/All_About_Eve,True,
177,1950 (23rd),Cinderella,"Walt Disney Studio Sound Department, C. O. Slyfield",/wiki/Cinderella_(1950_film),False,
178,1950 (23rd),Louisa,"Universal-International Studio Sound Department, Leslie I. Carey",/wiki/Louisa_(film),False,
179,1950 (23rd),Our Very Own,"Samuel Goldwyn Studio Sound Department, Gordon E. Sawyer",/wiki/Our_Very_Own_(1950_film),False,
180,1950 (23rd),Trio,"Pinewood Studio Sound Department, Cyril Crowhurst",/wiki/Trio_(1950_film),False,
181,1951 (24th),,,,False,
182,1951 (24th),The Great Caruso,"Metro-Goldwyn-Mayer Studio Sound Department, Douglas Shearer",/wiki/The_Great_Caruso,True,
183,1951 (24th),Bright Victory,"Universal-International Studio Sound Department, Leslie I. Carey",/wiki/Bright_Victory,False,
184,1951 (24th),I Want You,"Samuel Goldwyn Studio Sound Department, Gordon E. Sawyer",/wiki/I_Want_You_(1951_film),False,
185,1951 (24th),A Streetcar Named Desire,"Warner Bros. Studio Sound Department, Col. Nathan Levinson",/wiki/A_Streetcar_Named_Desire_(1951_film),False,
186,1951 (24th),Two Tickets to Broadway,"RKO Studio Sound Department, John O. Aalberg",/wiki/Two_Tickets_to_Broadway,False,
187,1952 (25th),,,,False,
188,1952 (25th),Breaking the Sound Barrier,London Film Sound Department,/wiki/The_Sound_Barrier,True,
189,1952 (25th),Hans Christian Andersen,"Samuel Goldwyn Studio Sound Department, Gordon E. Sawyer",/wiki/Hans_Christian_Andersen_(film),False,
190,1952 (25th),The Promoter,Pinewood Studio Sound Department,/wiki/The_Card_(1952_film),False,
191,1952 (25th),The Quiet Man,"Republic Studio Sound Department, Daniel J. Bloomberg",/wiki/The_Quiet_Man,False,
192,1952 (25th),With a Song in My Heart,"20th Century-Fox Studio Sound Department, Thomas T. Moulton",/wiki/With_a_Song_in_My_Heart_(film),False,
193,1953 (26th),,,,False,
194,1953 (26th),From Here to Eternity,"Columbia Studio Sound Department, John P. Livadary",/wiki/From_Here_to_Eternity,True,
195,1953 (26th),Calamity Jane,"Warner Bros. Studio Sound Department, William A. Mueller",/wiki/Calamity_Jane_(film),False,
196,1953 (26th),Knights of the Round Table,"Metro-Goldwyn-Mayer Studio Sound Department, A. W. Watkins",/wiki/Knights_of_the_Round_Table_(film),False,
197,1953 (26th),The Mississippi Gambler,"Universal-International Studio Sound Department, Leslie I. Carey",/wiki/The_Mississippi_Gambler_(1953_film),False,
198,1953 (26th),The War of the Worlds,"Paramount Studio Sound Department, Loren L. Ryder",/wiki/The_War_of_the_Worlds_(1953_film),False,
199,1954 (27th),,,,False,
200,1954 (27th),The Glenn Miller Story,"Universal-International Studio Sound Department, Leslie I. Carey",/wiki/The_Glenn_Miller_Story,True,
201,1954 (27th),Brigadoon,"Metro-Goldwyn-Mayer Studio Sound Department, Wesley C. Miller",/wiki/Brigadoon_(film),False,
202,1954 (27th),The Caine Mutiny,"Columbia Studio Sound Department, John P. Livadary",/wiki/The_Caine_Mutiny_(film),False,
203,1954 (27th),Rear Window,"Paramount Studio Sound Department, Loren L. Ryder",/wiki/Rear_Window,False,
204,1954 (27th),Susan Slept Here,"RKO Studio Sound Department, John O. Aalberg",/wiki/Susan_Slept_Here,False,
205,1955 (28th),,,,False,
206,1955 (28th),Oklahoma!,"Todd-AO Studio Sound Department, Fred Hynes",/wiki/Oklahoma!_(1955_film),True,
207,1955 (28th),Love Is a Many-Splendored Thing,"20th Century-Fox Studio Sound Department, Carlton W. Faulkner",/wiki/Love_Is_a_Many-Splendored_Thing_(film),False,
208,1955 (28th),Love Me or Leave Me,"Metro-Goldwyn-Mayer Studio Sound Department, Wesley C. Miller",/wiki/Love_Me_or_Leave_Me_(film),False,
209,1955 (28th),Mister Roberts,"Warner Bros. Studio Sound Department, William A. Mueller",/wiki/Mister_Roberts_(1955_film),False,
210,1955 (28th),Not as a Stranger,"Radio Corporation of America Sound Department, Watson Jones",/wiki/Not_as_a_Stranger,False,
211,1956 (29th),,,,False,
212,1956 (29th),The King and I,"20th Century-Fox Studio Sound Department, Carlton W. Faulkner",/wiki/The_King_and_I_(1956_film),True,
213,1956 (29th),The Brave One,"King Bros. Productions, Inc. Sound Department, Buddy Myers",/wiki/The_Brave_One_(1956_film),False,
214,1956 (29th),The Eddy Duchin Story,"Columbia Studio Sound Department, John P. Livadary",/wiki/The_Eddy_Duchin_Story,False,
215,1956 (29th),Friendly Persuasion,"Westrex Sound Services, Inc., Gordon R. Glennan; Samuel Goldwyn Studio Sound Department, Gordon E. Sawyer",/wiki/Friendly_Persuasion_(1956_film),False,
216,1956 (29th),The Ten Commandments,"Paramount Studio Sound Department, Loren L. Ryder",/wiki/The_Ten_Commandments_(1956_film),False,
217,1957 (30th),,,,False,
218,1957 (30th),Sayonara,"Warner Bros. Studio Sound Department, George Groves",/wiki/Sayonara,True,
219,1957 (30th),Gunfight at the O.K. Corral,"Paramount Studio Sound Department, George Dutton",/wiki/Gunfight_at_the_O.K._Corral_(film),False,
220,1957 (30th),Les Girls,"Metro-Goldwyn-Mayer Studio Sound Department, Wesley C. Miller",/wiki/Les_Girls,False,
221,1957 (30th),Pal Joey,"Columbia Studio Sound Department, John P. Livadary",/wiki/Pal_Joey_(film),False,
222,1957 (30th),Witness for the Prosecution,"Samuel Goldwyn Studio Sound Department, Gordon E. Sawyer",/wiki/Witness_for_the_Prosecution_(1957_film),False,
223,1958 (31st),,,,False,
224,1958 (31st),South Pacific,"Todd-AO Studio Sound Department, Fred Hynes",/wiki/South_Pacific_(1958_film),True,
225,1958 (31st),I Want to Live!,"Samuel Goldwyn Studio Sound Department, Gordon E. Sawyer",/wiki/I_Want_to_Live!,False,
226,1958 (31st),A Time to Love and a Time to Die,"Universal-International Studio Sound Department, Leslie I. Carey",/wiki/A_Time_to_Love_and_a_Time_to_Die,False,
227,1958 (31st),Vertigo,"Paramount Studio Sound Department, George Dutton",/wiki/Vertigo_(film),False,
228,1958 (31st),The Young Lions,"20th Century-Fox Studio Sound Department, Carl Faulkner",/wiki/The_Young_Lions_(film),False,
229,1959 (32nd),,,,False,
230,1959 (32nd),Ben-Hur,"Metro-Goldwyn-Mayer Studio Sound Department, Franklin E. Milton",/wiki/Ben-Hur_(1959_film),True,
231,1959 (32nd),Journey to the Center of the Earth,"20th Century-Fox Studio Sound Department, Carl Faulkner",/wiki/Journey_to_the_Center_of_the_Earth_(1959_film),False,
232,1959 (32nd),Libel,"Metro-Goldwyn-Mayer Studio Sound Department, A. W. Watkins",/wiki/Libel_(film),False,
233,1959 (32nd),The Nun's Story,"Warner Bros. Studio Sound Department, George Groves",/wiki/The_Nun%27s_Story_(film),False,
234,1959 (32nd),Porgy and Bess,"Samuel Goldwyn Studio Sound Department, Gordon E. Sawyer; Todd-AO Studio Sound Department, Fred Hynes",/wiki/Porgy_and_Bess_(film),False,
235,1960 (33rd),,,,False,
236,1960 (33rd),The Alamo,"Todd-AO Sound Department, Fred Hynes; Samuel Goldwyn Studio Sound Department, Gordon E. Sawyer",/wiki/The_Alamo_(1960_film),True,
237,1960 (33rd),The Apartment,"Samuel Goldwyn Studio Sound Department, Gordon E. Sawyer",/wiki/The_Apartment,False,
238,1960 (33rd),Cimarron,"Metro-Goldwyn-Mayer Studio Sound Department, Franklin E. Milton",/wiki/Cimarron_(1960_film),False,
239,1960 (33rd),Pepe,"Columbia Studio Sound Department, Charles Rice",/wiki/Pepe_(1960_film),False,
240,1960 (33rd),Sunrise at Campobello,"Warner Bros. Studio Sound Department, George R. Groves",/wiki/Sunrise_at_Campobello,False,
241,1961 (34th),,,,False,
242,1961 (34th),West Side Story,"Todd-AO Sound Department, Fred Hynes; Samuel Goldwyn Studio Sound Department, Gordon E. Sawyer",/wiki/West_Side_Story_(1961_film),True,
243,1961 (34th),The Children's Hour,"Samuel Goldwyn Studio Sound Department, Gordon E. Sawyer",/wiki/The_Children%27s_Hour_(film),False,
244,1961 (34th),Flower Drum Song,"Revue Studio Sound Department, Waldon O. Watson",/wiki/Flower_Drum_Song_(film),False,
245,1961 (34th),The Guns of Navarone,"Shepperton Studio Sound Department, John Cox",/wiki/The_Guns_of_Navarone_(film),False,
246,1961 (34th),The Parent Trap,"Walt Disney Studio Sound Department, Robert O. Cook",/wiki/The_Parent_Trap_(1961_film),False,
247,1962 (35th),,,,False,
248,1962 (35th),Lawrence of Arabia,"Shepperton Studio Sound Department, John Cox",/wiki/Lawrence_of_Arabia_(film),True,
249,1962 (35th),Bon Voyage!,"Walt Disney Studio Sound Department, Robert O. Cook",/wiki/Bon_Voyage!_(1962_film),False,
250,1962 (35th),The Music Man,"Warner Bros. Studio Sound Department, George Groves",/wiki/The_Music_Man_(1962_film),False,
251,1962 (35th),That Touch of Mink,"Universal City Studio Sound Department, Waldon O. Watson",/wiki/That_Touch_of_Mink,False,
252,1962 (35th),What Ever Happened to Baby Jane?,"Glen Glenn Sound Department, Joseph D. Kelly",/wiki/What_Ever_Happened_to_Baby_Jane%3F_(film),False,
253,1963 (36th),Best Sound,Best Sound,,False,Best Sound
254,1963 (36th),How the West Was Won,"Metro-Goldwyn-Mayer Studio Sound Department, Franklin E. Milton",/wiki/How_the_West_Was_Won_(film),True,
255,1963 (36th),Bye Bye Birdie,"Columbia Studio Sound Department, Charles Rice",/wiki/Bye_Bye_Birdie_(1963_film),False,
256,1963 (36th),"Captain Newman, M.D.","Universal City Studio Sound Department, Waldon O. Watson","/wiki/Captain_Newman,_M.D.",False,
257,1963 (36th),Cleopatra,"20th Century-Fox Studio Sound Department, James P. Corcoran; Todd-AO Sound Department, Fred Hynes",/wiki/Cleopatra_(1963_film),False,
258,1963 (36th),"It's a Mad, Mad, Mad, Mad World","Samuel Goldwyn Studio Sound Department, Gordon E. Sawyer","/wiki/It%27s_a_Mad,_Mad,_Mad,_Mad_World",True,
259,1963 (36th),Best Sound Effects,Best Sound Effects,,False,Best Sound Effects
260,1963 (36th),"It's a Mad, Mad, Mad, Mad World",Walter Elliott,"/wiki/It%27s_a_Mad,_Mad,_Mad,_Mad_World",True,
261,1963 (36th),A Gathering of Eagles,Robert Bratton,/wiki/A_Gathering_of_Eagles,False,
262,1964 (37th),Best Sound,Best Sound,,False,Best Sound
263,1964 (37th),My Fair Lady,"Warner Bros. Studio Sound Department, George R. Groves",/wiki/My_Fair_Lady_(film),True,
264,1964 (37th),Becket,"Shepperton Studio Sound Department, John Cox",/wiki/Becket_(1964_film),False,
265,1964 (37th),Father Goose,"Universal City Studio Sound Department, Waldon O. Watson",/wiki/Father_Goose_(film),False,
266,1964 (37th),Mary Poppins,"Walt Disney Studio Sound Department, Robert O. Cook",/wiki/Mary_Poppins_(film),False,
267,1964 (37th),The Unsinkable Molly Brown,"Metro-Goldwyn-Mayer Studio Sound Department, Franklin E. Milton",/wiki/The_Unsinkable_Molly_Brown_(film),False,
268,1964 (37th),Best Sound Effects,Best Sound Effects,,False,Best Sound Effects
269,1964 (37th),Goldfinger,Norman Wanstall,/wiki/Goldfinger_(film),True,
270,1964 (37th),The Lively Set,Robert Bratton,/wiki/The_Lively_Set,False,
271,1965 (38th),Best Sound,Best Sound,,False,Best Sound
272,1965 (38th),The Sound of Music,"20th Century-Fox Studio Sound Department, James P. Corcoran; Todd-AO Sound Department, Fred Hynes",/wiki/The_Sound_of_Music_(film),True,
273,1965 (38th),The Agony and the Ecstasy,"20th Century-Fox Studio Sound Department, James P. Corcoran",/wiki/The_Agony_and_the_Ecstasy_(film),False,
274,1965 (38th),Doctor Zhivago,"Metro-Goldwyn-Mayer British Studio Sound Department, A. W. Watkins; Metro-Goldwyn-Mayer Studio Sound Department, Franklin E. Milton",/wiki/Doctor_Zhivago_(film),False,
275,1965 (38th),The Great Race,"Warner Bros. Studio Sound Department, George R. Groves",/wiki/The_Great_Race,True,
276,1965 (38th),Shenandoah,"Universal City Studio Sound Department, Waldon O. Watson",/wiki/Shenandoah_(film),False,
277,1965 (38th),Best Sound Effects,Best Sound Effects,,False,Best Sound Effects
278,1965 (38th),The Great Race,Treg Brown,/wiki/The_Great_Race,True,
279,1965 (38th),Von Ryan's Express,Walter Rossi,/wiki/Von_Ryan%27s_Express,False,
280,1966 (39th),Best Sound,Best Sound,,False,Best Sound
281,1966 (39th),Grand Prix,"Metro-Goldwyn-Mayer Studio Sound Department, Franklin E. Milton",/wiki/Grand_Prix_(1966_film),True,
282,1966 (39th),Gambit,"Universal City Studio Sound Department, Waldon O. Watson",/wiki/Gambit_(1966_film),False,
283,1966 (39th),Hawaii,"Samuel Goldwyn Studio Sound Department, Gordon E. Sawyer",/wiki/Hawaii_(1966_film),False,
284,1966 (39th),The Sand Pebbles,"20th Century-Fox Studio Sound Department, James P. Corcoran",/wiki/The_Sand_Pebbles_(film),False,
285,1966 (39th),Who's Afraid of Virginia Woolf?,"Warner Bros. Studio Sound Department, George Groves",/wiki/Who%27s_Afraid_of_Virginia_Woolf%3F_(film),False,
286,1966 (39th),Best Sound Effects,Best Sound Effects,,False,Best Sound Effects
287,1966 (39th),Grand Prix,Gordon Daniel,/wiki/Grand_Prix_(1966_film),True,
288,1966 (39th),Fantastic Voyage,Walter Rossi,/wiki/Fantastic_Voyage,False,
289,1967 (40th),Best Sound,Best Sound,,False,Best Sound
290,1967 (40th),In the Heat of the Night,Samuel Goldwyn Studio Sound Department,/wiki/In_the_Heat_of_the_Night_(film),True,
291,1967 (40th),Camelot,Warner Bros.-Seven Arts Studio Sound Department,/wiki/Camelot_(film),False,
292,1967 (40th),The Dirty Dozen,Metro-Goldwyn-Mayer Studio Sound Department,/wiki/The_Dirty_Dozen,True,
293,1967 (40th),Doctor Dolittle,20th Century-Fox Studio Sound Department,/wiki/Doctor_Dolittle_(1967_film),False,
294,1967 (40th),Thoroughly Modern Millie,Universal City Studio Sound Department,/wiki/Thoroughly_Modern_Millie,False,
295,1967 (40th),Best Sound Effects,Best Sound Effects,,False,Best Sound Effects
296,1967 (40th),The Dirty Dozen,John Poyner,/wiki/The_Dirty_Dozen,True,
297,1967 (40th),In the Heat of the Night,James Richard,/wiki/In_the_Heat_of_the_Night_(film),True,
298,1968 (41st),,,,False,
299,1968 (41st),Oliver!,Shepperton Studio Sound Department,/wiki/Oliver!_(film),True,
300,1968 (41st),Bullitt,Warner Bros.-Seven Arts Studio Sound Department,/wiki/Bullitt,False,
301,1968 (41st),Finian's Rainbow,Warner Bros.-Seven Arts Studio Sound Department,/wiki/Finian%27s_Rainbow_(1968_film),False,
302,1968 (41st),Funny Girl,Columbia Studio Sound Department,/wiki/Funny_Girl_(film),False,
303,1968 (41st),Star!,20th Century-Fox Studio Sound Department,/wiki/Star!_(film),False,
304,1969 (42nd),,,,False,
305,1969 (42nd),"Hello, Dolly!",Jack Solomon and Murray Spivack,"/wiki/Hello,_Dolly!_(film)",True,
306,1969 (42nd),Anne of the Thousand Days,John Aldred,/wiki/Anne_of_the_Thousand_Days,False,
307,1969 (42nd),Butch Cassidy and the Sundance Kid,William Edmondson and David Dockendorf,/wiki/Butch_Cassidy_and_the_Sundance_Kid,False,
308,1969 (42nd),"Gaily, Gaily",Robert Martin and Clem Portman,"/wiki/Gaily,_Gaily",False,
309,1969 (42nd),Marooned,Les Fresholtz and Arthur Piantadosi,/wiki/Marooned_(1969_film),False,
310,1970 (43rd),,,,False,
311,1970 (43rd),Patton,Douglas Williams and Don Bassman,/wiki/Patton_(film),True,
312,1970 (43rd),Airport,Ronald Pierce and David H. Moriarty,/wiki/Airport_(1970_film),False,
313,1970 (43rd),Ryan's Daughter,Gordon McCallum and John Bramall,/wiki/Ryan%27s_Daughter,False,
314,1970 (43rd),Tora! Tora! Tora!,Murray Spivack and Herman Lewis,/wiki/Tora!_Tora!_Tora!,False,
315,1970 (43rd),Woodstock,Dan Wallin and L. A. Johnson,/wiki/Woodstock_(film),False,
316,1971 (44th),,,,False,
317,1971 (44th),Fiddler on the Roof,Gordon McCallum and David Hildyard,/wiki/Fiddler_on_the_Roof_(film),True,
318,1971 (44th),Diamonds Are Forever,"Gordon McCallum, John W. Mitchell and Al Overton",/wiki/Diamonds_Are_Forever_(film),False,
319,1971 (44th),The French Connection,Theodore Soderberg and Christopher Newman,/wiki/The_French_Connection_(film),False,
320,1971 (44th),Kotch,Richard Portman and Jack Solomon,/wiki/Kotch,False,
321,1971 (44th),"Mary, Queen of Scots",Bob Jones and John Aldred,"/wiki/Mary,_Queen_of_Scots_(1971_film)",False,
322,1972 (45th),,,,False,
323,1972 (45th),Cabaret,Robert Knudson and David Hildyard,/wiki/Cabaret_(1972_film),True,
324,1972 (45th),Butterflies Are Free,Arthur Piantadosi and Charles T. Knight,/wiki/Butterflies_Are_Free,False,
325,1972 (45th),The Candidate,Richard Portman and Gene Cantamessa,/wiki/The_Candidate_(1972_film),False,
326,1972 (45th),The Godfather,"Charles Grenzbach, Richard Portman and Christopher Newman",/wiki/The_Godfather,False,
327,1972 (45th),The Poseidon Adventure,Theodore Soderberg and Herman Lewis,/wiki/The_Poseidon_Adventure_(1972_film),False,
328,1973 (46th),,,,False,
329,1973 (46th),The Exorcist,Robert Knudson and Chris Newman,/wiki/The_Exorcist,True,
330,1973 (46th),The Day of the Dolphin,Richard Portman and Larry Jost,/wiki/The_Day_of_the_Dolphin,False,
331,1973 (46th),The Paper Chase,Donald O. Mitchell and Larry Jost,/wiki/The_Paper_Chase_(film),False,
332,1973 (46th),Paper Moon,Richard Portman and Les Fresholtz,/wiki/Paper_Moon_(film),False,
333,1973 (46th),The Sting,Ronald Pierce and Robert R. Bertrand,/wiki/The_Sting,False,
334,1974 (47th),,,,False,
335,1974 (47th),Earthquake,Ronald Pierce and Melvin Metcalfe Sr.,/wiki/Earthquake_(1974_film),True,
336,1974 (47th),Chinatown,Charles Grenzbach and Larry Jost,/wiki/Chinatown_(1974_film),False,
337,1974 (47th),The Conversation,Walter Murch and Art Rochester,/wiki/The_Conversation,False,
338,1974 (47th),The Towering Inferno,Theodore Soderberg and Herman Lewis,/wiki/The_Towering_Inferno,False,
339,1974 (47th),Young Frankenstein,Richard Portman and Gene Cantamessa,/wiki/Young_Frankenstein,False,
340,1975 (48th),Best Sound,Best Sound,,False,Best Sound
341,1975 (48th),Jaws,"Robert Hoyt, Roger Heman, Earl Madery and John Carter",/wiki/Jaws_(film),True,
342,1975 (48th),Bite the Bullet,"Arthur Piantadosi, Les Fresholtz, Richard Tyler and Al Overton Jr.",/wiki/Bite_the_Bullet_(film),False,
343,1975 (48th),Funny Lady,"Richard Portman, Don MacDougall, Curly Thirlwell and Jack Solomon",/wiki/Funny_Lady,False,
344,1975 (48th),The Hindenburg,"Leonard Peterson, John A. Bolger Jr., John L. Mack and Don Sharpless",/wiki/The_Hindenburg_(film),True,
345,1975 (48th),The Wind and the Lion,"Harry W. Tetrick, Aaron Rochin, William McCaughey and Roy Charman",/wiki/The_Wind_and_the_Lion,False,
346,1975 (48th),Special Achievement Award (Sound Effects)[note 2],Special Achievement Award (Sound Effects)[note 2],,False,Special Achievement Award (Sound Effects)[note 2]
347,1975 (48th),The Hindenburg,Peter Berkos,/wiki/The_Hindenburg_(film),True,
348,1976 (49th),Best Sound,Best Sound,,False,Best Sound
349,1976 (49th),All the President's Men,"Arthur Piantadosi, Les Fresholtz, Dick Alexander and Jim Webb",/wiki/All_the_President%27s_Men_(film),True,
350,1976 (49th),King Kong,"Harry W. Tetrick (posthumously), William McCaughey, Aaron Rochin and Jack Solomon",/wiki/King_Kong_(1976_film),False,
351,1976 (49th),Rocky,"Harry W. Tetrick (posthumously), William McCaughey, Lyle J. Burbridge and Bud Alper",/wiki/Rocky,False,
352,1976 (49th),Silver Streak,"Donald O. Mitchell, Douglas Williams, Richard Tyler and Harold M. Etherington",/wiki/Silver_Streak_(film),False,
353,1976 (49th),A Star Is Born,"Robert Knudson, Dan Wallin, Robert Glass and Tom Overton",/wiki/A_Star_Is_Born_(1976_film),False,
354,1977 (50th),Best Sound,Best Sound,,False,Best Sound
355,1977 (50th),Star Wars,"Don MacDougall, Ray West, Bob Minkler and Derek Ball",/wiki/Star_Wars_(film),True,
356,1977 (50th),Close Encounters of the Third Kind,"Robert Knudson, Robert Glass, Don MacDougall and Gene Cantamessa",/wiki/Close_Encounters_of_the_Third_Kind,True,
357,1977 (50th),The Deep,"Walter Goss, Dick Alexander, Tom Beckert and Robin Gregory",/wiki/The_Deep_(1977_film),False,
358,1977 (50th),Sorcerer,"Robert Knudson, Robert Glass, Richard Tyler and Jean-Louis Ducarme",/wiki/Sorcerer_(film),False,
359,1977 (50th),The Turning Point,"Theodore Soderberg, Paul Wells, Douglas Williams and Jerry Jost",/wiki/The_Turning_Point_(1977_film),False,
360,1977 (50th),Special Achievement Award (Sound Effects Editing)[note 2],Special Achievement Award (Sound Effects Editing)[note 2],,False,Special Achievement Award (Sound Effects Editing)[note 2]
361,1977 (50th),Close Encounters of the Third Kind,Frank E. Warner,/wiki/Close_Encounters_of_the_Third_Kind,True,
362,1978 (51st),Best Sound,Best Sound,,False,Best Sound
363,1978 (51st),The Deer Hunter,"Richard Portman, William McCaughey, Aaron Rochin and Darin Knight",/wiki/The_Deer_Hunter,True,
364,1978 (51st),The Buddy Holly Story,"Tex Rudloff, Joel Fein, Curly Thirlwell and Willie D. Burton",/wiki/The_Buddy_Holly_Story,False,
365,1978 (51st),Days of Heaven,"John Wilkinson, Robert W. Glass Jr., John T. Reitz and Barry Thomas",/wiki/Days_of_Heaven,False,
366,1978 (51st),Hooper,"Robert Knudson, Robert Glass, Don MacDougall and Jack Solomon",/wiki/Hooper_(film),False,
367,1978 (51st),Superman,"Gordon McCallum, Graham V. Hartstone, Nicolas Le Messurier and Roy Charman",/wiki/Superman_(1978_film),False,
368,1979 (52nd),Best Sound,Best Sound,,False,Best Sound
369,1979 (52nd),Apocalypse Now,"Walter Murch, Mark Berger, Richard Beggs and Nat Boxer",/wiki/Apocalypse_Now,True,
370,1979 (52nd),The Electric Horseman,"Arthur Piantadosi, Les Fresholtz, Michael Minkler and Al Overton Jr.",/wiki/The_Electric_Horseman,False,
371,1979 (52nd),Meteor,"William McCaughey, Aaron Rochin, Michael J. Kohut and Jack Solomon",/wiki/Meteor_(film),False,
372,1979 (52nd),1941,"Robert Knudson, Robert Glass, Don MacDougall and Gene Cantamessa",/wiki/1941_(film),False,
373,1979 (52nd),The Rose,"Theodore Soderberg, Douglas Williams, Paul Wells and Jim Webb",/wiki/The_Rose_(film),False,
374,1979 (52nd),Special Achievement Award (Sound Editing)[note 2],Special Achievement Award (Sound Editing)[note 2],,False,Special Achievement Award (Sound Editing)[note 2]
375,1979 (52nd),The Black Stallion,Alan Splet,/wiki/The_Black_Stallion_(film),True,
376,1980 (53rd),,,,False,
377,1980 (53rd),The Empire Strikes Back,"Bill Varney, Steve Maslow, Gregg Landaker and Peter Sutton",/wiki/The_Empire_Strikes_Back,True,
378,1980 (53rd),Altered States,"Arthur Piantadosi, Les Fresholtz, Michael Minkler and Willie D. Burton",/wiki/Altered_States,False,
379,1980 (53rd),Coal Miner's Daughter,"Richard Portman, Roger Heman and James R. Alexander",/wiki/Coal_Miner%27s_Daughter_(film),False,
380,1980 (53rd),Fame,"Michael J. Kohut, Aaron Rochin, Jay M. Harding and Christopher Newman",/wiki/Fame_(1980_film),False,
381,1980 (53rd),Raging Bull,"Donald O. Mitchell, Bill Nicholson, David J. Kimball and Les Lazarowitz",/wiki/Raging_Bull,False,
382,1981 (54th),Best Sound,Best Sound,,False,Best Sound
383,1981 (54th),Raiders of the Lost Ark,"Bill Varney, Steve Maslow, Gregg Landaker and Roy Charman",/wiki/Raiders_of_the_Lost_Ark,True,
384,1981 (54th),On Golden Pond,Richard Portman and David M. Ronne,/wiki/On_Golden_Pond_(1981_film),False,
385,1981 (54th),Outland,"John Wilkinson, Robert W. Glass Jr., Robert Thirlwell and Robin Gregory",/wiki/Outland_(film),False,
386,1981 (54th),Pennies from Heaven,"Michael J. Kohut, Jay M. Harding, Richard Tyler and Al Overton Jr.",/wiki/Pennies_from_Heaven_(1981_film),False,
387,1981 (54th),Reds,"Dick Vorisek, Tom Fleischman and Simon Kaye",/wiki/Reds_(film),False,
388,1981 (54th),Special Achievement Award (Sound Effects Editing)[note 2],Special Achievement Award (Sound Effects Editing)[note 2],,False,Special Achievement Award (Sound Effects Editing)[note 2]
389,1981 (54th),Raiders of the Lost Ark,Ben Burtt and Richard L. Anderson,/wiki/Raiders_of_the_Lost_Ark,True,
390,1982 (55th),Best Sound,Best Sound,,False,Best Sound
391,1982 (55th),E.T. the Extra-Terrestrial,"Robert Knudson, Robert Glass, Don Digirolamo and Gene Cantamessa",/wiki/E.T._the_Extra-Terrestrial,True,
392,1982 (55th),Das Boot,"Milan Bor, Trevor Pyke and Mike Le Mare",/wiki/Das_Boot,False,
393,1982 (55th),Gandhi,"Gerry Humphreys, Robin O'Donoghue, Jonathan Bates and Simon Kaye",/wiki/Gandhi_(film),False,
394,1982 (55th),Tootsie,"Arthur Piantadosi, Les Fresholtz, Dick Alexander and Les Lazarowitz",/wiki/Tootsie,False,
395,1982 (55th),Tron,"Michael Minkler, Bob Minkler, Lee Minkler and James LaRue",/wiki/Tron,False,
396,1982 (55th),Best Sound Effects Editing,Best Sound Effects Editing,,False,Best Sound Effects Editing
397,1982 (55th),E.T. the Extra-Terrestrial,Charles L. Campbell and Ben Burtt,/wiki/E.T._the_Extra-Terrestrial,True,
398,1982 (55th),Das Boot,Mike Le Mare,/wiki/Das_Boot,False,
399,1982 (55th),Poltergeist,Stephen Hunter Flick and Richard L. Anderson,/wiki/Poltergeist_(1982_film),False,
400,1983 (56th),Best Sound,Best Sound,,False,Best Sound
401,1983 (56th),The Right Stuff,"Mark Berger, Tom Scott, Randy Thom and David MacMillan",/wiki/The_Right_Stuff_(film),True,
402,1983 (56th),Never Cry Wolf,"Alan Splet, Todd Boekelheide, Randy Thom and David Parker",/wiki/Never_Cry_Wolf_(film),False,
403,1983 (56th),Return of the Jedi,"Ben Burtt, Gary Summers, Randy Thom and Tony Dawe",/wiki/Return_of_the_Jedi,False,
404,1983 (56th),Terms of Endearment,"Donald O. Mitchell, Rick Kline, Kevin O'Connell and James R. Alexander",/wiki/Terms_of_Endearment,False,
405,1983 (56th),WarGames,"Michael J. Kohut, Carlos Delarios, Aaron Rochin and Willie D. Burton",/wiki/WarGames,False,
406,1983 (56th),Best Sound Effects Editing,Best Sound Effects Editing,,False,Best Sound Effects Editing
407,1983 (56th),The Right Stuff,Jay Boekelheide,/wiki/The_Right_Stuff_(film),True,
408,1983 (56th),Return of the Jedi,Ben Burtt,/wiki/Return_of_the_Jedi,False,
409,1984 (57th),Best Sound,Best Sound,,False,Best Sound
410,1984 (57th),Amadeus,"Mark Berger, Tom Scott, Todd Boekelheide and Chris Newman",/wiki/Amadeus_(film),True,
411,1984 (57th),Dune,"Bill Varney, Steve Maslow, Kevin O'Connell and Nelson Stoll",/wiki/Dune_(1984_film),False,
412,1984 (57th),A Passage to India,"Graham V. Hartstone, Nicolas Le Messurier, Michael A. Carter and John W. Mitchell",/wiki/A_Passage_to_India_(film),False,
413,1984 (57th),The River,"Nick Alphin, Robert Thirlwell, Richard Portman and David M. Ronne",/wiki/The_River_(1984_film),True,
414,1984 (57th),2010,"Michael J. Kohut, Aaron Rochin, Carlos Delarios and Gene Cantamessa",/wiki/2010:_The_Year_We_Make_Contact,False,
415,1984 (57th),Special Achievement Award (Sound Effects Editing)[note 2],Special Achievement Award (Sound Effects Editing)[note 2],,False,Special Achievement Award (Sound Effects Editing)[note 2]
416,1984 (57th),The River,Kay Rose,/wiki/The_River_(1984_film),True,
417,1985 (58th),Best Sound,Best Sound,,False,Best Sound
418,1985 (58th),Out of Africa,"Chris Jenkins, Gary Alexander, Larry Stensvold and Peter Handford",/wiki/Out_of_Africa_(film),True,
419,1985 (58th),Back to the Future,"Bill Varney, B. Tennyson Sebastian II, Robert Thirlwell and William B. Kaplan",/wiki/Back_to_the_Future,True,
420,1985 (58th),A Chorus Line,"Donald O. Mitchell, Michael Minkler, Gerry Humphreys and Christopher Newman",/wiki/A_Chorus_Line_(film),False,
421,1985 (58th),Ladyhawke,"Les Fresholtz, Dick Alexander, Vern Poore and Bud Alper",/wiki/Ladyhawke_(film),False,
422,1985 (58th),Silverado,"Donald O. Mitchell, Rick Kline, Kevin O'Connell and David M. Ronne",/wiki/Silverado_(film),False,
423,1985 (58th),Best Sound Effects Editing,Best Sound Effects Editing,,False,Best Sound Effects Editing
424,1985 (58th),Back to the Future,Charles L. Campbell and Robert Rutledge,/wiki/Back_to_the_Future,True,
425,1985 (58th),Ladyhawke,Robert G. Henderson and Alan Robert Murray,/wiki/Ladyhawke_(film),False,
426,1985 (58th),Rambo: First Blood Part II,Frederick Brown,/wiki/Rambo:_First_Blood_Part_II,False,
427,1986 (59th),Best Sound,Best Sound,,False,Best Sound
428,1986 (59th),Platoon,"John Wilkinson, Richard Rogers, Charles Grenzbach and Simon Kaye",/wiki/Platoon_(film),True,
429,1986 (59th),Aliens,"Graham V. Hartstone, Nicolas Le Messurier, Michael A. Carter and Roy Charman",/wiki/Aliens_(film),True,
430,1986 (59th),Heartbreak Ridge,"Les Fresholtz, Dick Alexander, Vern Poore and Bill Nelson",/wiki/Heartbreak_Ridge,False,
431,1986 (59th),Star Trek IV: The Voyage Home,"Terry Porter, David J. Hudson, Mel Metcalfe and Gene Cantamessa",/wiki/Star_Trek_IV:_The_Voyage_Home,False,
432,1986 (59th),Top Gun,"Donald O. Mitchell, Kevin O'Connell, Rick Kline and William B. Kaplan",/wiki/Top_Gun,False,
433,1986 (59th),Best Sound Effects Editing,Best Sound Effects Editing,,False,Best Sound Effects Editing
434,1986 (59th),Aliens,Don Sharpe,/wiki/Aliens_(film),True,
435,1986 (59th),Star Trek IV: The Voyage Home,Mark Mangini,/wiki/Star_Trek_IV:_The_Voyage_Home,False,
436,1986 (59th),Top Gun,Cecelia Hall and George Watters II,/wiki/Top_Gun,False,
437,1987 (60th),Best Sound,Best Sound,,False,Best Sound
438,1987 (60th),The Last Emperor,Bill Rowe and Ivan Sharrock,/wiki/The_Last_Emperor,True,
439,1987 (60th),Empire of the Sun,"Robert Knudson, Don Digirolamo, John Boyd and Tony Dawe",/wiki/Empire_of_the_Sun_(film),False,
440,1987 (60th),Lethal Weapon,"Les Fresholtz, Dick Alexander, Vern Poore and Bill Nelson",/wiki/Lethal_Weapon,False,
441,1987 (60th),RoboCop,"Michael J. Kohut, Carlos Delarios, Aaron Rochin and Robert Wald",/wiki/RoboCop,True,
442,1987 (60th),The Witches of Eastwick,"Wayne Artman, Tom Beckert, Tom E. Dahl and Art Rochester",/wiki/The_Witches_of_Eastwick_(film),False,
443,1987 (60th),Special Achievement Award (Sound Effects Editing)[note 2],Special Achievement Award (Sound Effects Editing)[note 2],,False,Special Achievement Award (Sound Effects Editing)[note 2]
444,1987 (60th),RoboCop,Stephen Hunter Flick and John Pospisil,/wiki/RoboCop,True,
445,1988 (61st),Best Sound,Best Sound,,False,Best Sound
446,1988 (61st),Bird,"Les Fresholtz, Dick Alexander, Vern Poore and Willie Burton",/wiki/Bird_(1988_film),True,
447,1988 (61st),Die Hard,"Don J. Bassman, Kevin F. Cleary, Richard Overton and Al Overton Jr.",/wiki/Die_Hard,False,
448,1988 (61st),Gorillas in the Mist,"Andy Nelson, Brian Saunders and Peter Handford",/wiki/Gorillas_in_the_Mist,False,
449,1988 (61st),Mississippi Burning,"Robert J. Litt, Elliot Tyson, Rick Kline and Danny Michael",/wiki/Mississippi_Burning,False,
450,1988 (61st),Who Framed Roger Rabbit,"Robert Knudson, John Boyd, Don Digirolamo and Tony Dawe",/wiki/Who_Framed_Roger_Rabbit,True,
451,1988 (61st),Best Sound Effects Editing,Best Sound Effects Editing,,False,Best Sound Effects Editing
452,1988 (61st),Who Framed Roger Rabbit,Charles L. Campbell and Louis Edemann,/wiki/Who_Framed_Roger_Rabbit,True,
453,1988 (61st),Die Hard,Stephen Hunter Flick and Richard Shorr,/wiki/Die_Hard,False,
454,1988 (61st),Willow,Ben Burtt and Richard Hymns,/wiki/Willow_(1988_film),False,
455,1989 (62nd),Best Sound,Best Sound,,False,Best Sound
456,1989 (62nd),Glory,"Donald O. Mitchell, Gregg Rudloff, Elliot Tyson and Russell Williams II",/wiki/Glory_(1989_film),True,
457,1989 (62nd),The Abyss,"Don J. Bassman, Kevin F. Cleary, Richard Overton and Lee Orloff",/wiki/The_Abyss,False,
458,1989 (62nd),Black Rain,"Donald O. Mitchell, Kevin O'Connell, Greg P. Russell and Keith A. Wester",/wiki/Black_Rain_(1989_American_film),False,
459,1989 (62nd),Born on the Fourth of July,"Michael Minkler, Gregory H. Watkins, Wylie Stateman and Tod A. Maitland",/wiki/Born_on_the_Fourth_of_July_(film),False,
460,1989 (62nd),Indiana Jones and the Last Crusade,"Ben Burtt, Gary Summers, Shawn Murphy and Tony Dawe",/wiki/Indiana_Jones_and_the_Last_Crusade,True,
461,1989 (62nd),Best Sound Effects Editing,Best Sound Effects Editing,,False,Best Sound Effects Editing
462,1989 (62nd),Indiana Jones and the Last Crusade,Ben Burtt and Richard Hymns,/wiki/Indiana_Jones_and_the_Last_Crusade,True,
463,1989 (62nd),Black Rain,Milton Burrow and William Manger,/wiki/Black_Rain_(1989_American_film),False,
464,1989 (62nd),Lethal Weapon 2,Robert G. Henderson and Alan Robert Murray,/wiki/Lethal_Weapon_2,False,
465,1990 (63rd),Best Sound,Best Sound,,False,Best Sound
466,1990 (63rd),Dances with Wolves,"Jeffrey Perkins, Bill W. Benton, Gregory H. Watkins and Russell Williams II",/wiki/Dances_with_Wolves,True,
467,1990 (63rd),Days of Thunder,"Donald O. Mitchell, Rick Kline, Kevin O'Connell and Charles M. Wilborn",/wiki/Days_of_Thunder,False,
468,1990 (63rd),Dick Tracy,"Chris Jenkins, David E. Campbell, Doug Hemphill and Thomas Causey",/wiki/Dick_Tracy_(1990_film),False,
469,1990 (63rd),The Hunt for Red October,"Don J. Bassman, Richard Overton, Kevin F. Cleary and Richard Bryce Goodman",/wiki/The_Hunt_for_Red_October_(film),True,
470,1990 (63rd),Total Recall,"Michael J. Kohut, Carlos Delarios, Aaron Rochin and Nelson Stoll",/wiki/Total_Recall_(1990_film),False,
471,1990 (63rd),Best Sound Effects Editing,Best Sound Effects Editing,,False,Best Sound Effects Editing
472,1990 (63rd),The Hunt for Red October,Cecelia Hall and George Watters II,/wiki/The_Hunt_for_Red_October_(film),True,
473,1990 (63rd),Flatliners,Charles L. Campbell and Richard C. Franklin,/wiki/Flatliners,False,
474,1990 (63rd),Total Recall,Stephen Hunter Flick,/wiki/Total_Recall_(1990_film),False,
475,1991 (64th),Best Sound,Best Sound,,False,Best Sound
476,1991 (64th),Terminator 2: Judgment Day,"Tom Johnson, Gary Rydstrom, Gary Summers and Lee Orloff",/wiki/Terminator_2:_Judgment_Day,True,
477,1991 (64th),Backdraft,"Gary Summers, Randy Thom, Gary Rydstrom and Glenn Williams",/wiki/Backdraft_(film),False,
478,1991 (64th),Beauty and the Beast,"Terry Porter, Mel Metcalfe, David J. Hudson and Doc Kane",/wiki/Beauty_and_the_Beast_(1991_film),False,
479,1991 (64th),JFK,"Michael Minkler, Gregg Landaker and Tod A. Maitland",/wiki/JFK_(film),False,
480,1991 (64th),The Silence of the Lambs,Tom Fleischman and Christopher Newman,/wiki/The_Silence_of_the_Lambs_(film),False,
481,1991 (64th),Best Sound Effects Editing,Best Sound Effects Editing,,False,Best Sound Effects Editing
482,1991 (64th),Terminator 2: Judgment Day,Gary Rydstrom and Gloria Borders,/wiki/Terminator_2:_Judgment_Day,True,
483,1991 (64th),Backdraft,Gary Rydstrom and Richard Hymns,/wiki/Backdraft_(film),False,
484,1991 (64th),Star Trek VI: The Undiscovered Country,George Watters II and F. Hudson Miller,/wiki/Star_Trek_VI:_The_Undiscovered_Country,False,
485,1992 (65th),Best Sound,Best Sound,,False,Best Sound
486,1992 (65th),The Last of the Mohicans,"Chris Jenkins, Doug Hemphill, Mark Smith and Simon Kaye",/wiki/The_Last_of_the_Mohicans_(1992_film),True,
487,1992 (65th),Aladdin,"Terry Porter, Mel Metcalfe, David J. Hudson and Doc Kane",/wiki/Aladdin_(1992_Disney_film),False,
488,1992 (65th),A Few Good Men,"Kevin O'Connell, Rick Kline and Robert Eber",/wiki/A_Few_Good_Men,False,
489,1992 (65th),Under Siege,"Donald O. Mitchell, Frank A. Montaño, Rick Hart and Scott D. Smith",/wiki/Under_Siege,False,
490,1992 (65th),Unforgiven,"Les Fresholtz, Vern Poore, Dick Alexander and Rob Young",/wiki/Unforgiven,False,
491,1992 (65th),Best Sound Effects Editing,Best Sound Effects Editing,,False,Best Sound Effects Editing
492,1992 (65th),Bram Stoker's Dracula,Tom McCarthy and David Stone,/wiki/Bram_Stoker%27s_Dracula_(1992_film),True,
493,1992 (65th),Aladdin,Mark Mangini,/wiki/Aladdin_(1992_Disney_film),False,
494,1992 (65th),Under Siege,John Leveque and Bruce Stambler,/wiki/Under_Siege,False,
495,1993 (66th),Best Sound,Best Sound,,False,Best Sound
496,1993 (66th),Jurassic Park,"Gary Summers, Gary Rydstrom, Shawn Murphy and Ron Judkins",/wiki/Jurassic_Park_(film),True,
497,1993 (66th),Cliffhanger,"Michael Minkler, Bob Beemer and Tim Cooney",/wiki/Cliffhanger_(film),False,
498,1993 (66th),The Fugitive,"Donald O. Mitchell, Michael Herbick, Frank A. Montaño and Scott D. Smith",/wiki/The_Fugitive_(1993_film),False,
499,1993 (66th),Geronimo: An American Legend,"Chris Carpenter, Doug Hemphill, Bill W. Benton and Lee Orloff",/wiki/Geronimo:_An_American_Legend,False,
500,1993 (66th),Schindler's List,"Andy Nelson, Steve Pederson, Scott Millan and Ron Judkins",/wiki/Schindler%27s_List,False,
501,1993 (66th),Best Sound Effects Editing,Best Sound Effects Editing,,False,Best Sound Effects Editing
502,1993 (66th),Jurassic Park,Gary Rydstrom and Richard Hymns,/wiki/Jurassic_Park_(film),True,
503,1993 (66th),Cliffhanger,Wylie Stateman and Gregg Baxter,/wiki/Cliffhanger_(film),False,
504,1993 (66th),The Fugitive,John Leveque and Bruce Stambler,/wiki/The_Fugitive_(1993_film),False,
505,1994 (67th),Best Sound,Best Sound,,False,Best Sound
506,1994 (67th),Speed,"Gregg Landaker, Steve Maslow, Bob Beemer and David MacMillan",/wiki/Speed_(1994_film),True,
507,1994 (67th),Clear and Present Danger,"Donald O. Mitchell, Michael Herbick, Frank A. Montaño and Art Rochester",/wiki/Clear_and_Present_Danger_(film),False,
508,1994 (67th),Forrest Gump,"Randy Thom, Tom Johnson, Dennis S. Sands and William B. Kaplan",/wiki/Forrest_Gump,False,
509,1994 (67th),Legends of the Fall,"Paul Massey, David E. Campbell, Chris David and Douglas Ganton",/wiki/Legends_of_the_Fall,False,
510,1994 (67th),The Shawshank Redemption,"Robert J. Litt, Elliot Tyson, Michael Herbick and Willie D. Burton",/wiki/The_Shawshank_Redemption,False,
511,1994 (67th),Best Sound Effects Editing,Best Sound Effects Editing,,False,Best Sound Effects Editing
512,1994 (67th),Speed,Stephen Hunter Flick,/wiki/Speed_(1994_film),True,
513,1994 (67th),Clear and Present Danger,Bruce Stambler and John Leveque,/wiki/Clear_and_Present_Danger_(film),False,
514,1994 (67th),Forrest Gump,Gloria Borders and Randy Thom,/wiki/Forrest_Gump,False,
515,1995 (68th),Best Sound,Best Sound,,False,Best Sound
516,1995 (68th),Apollo 13,"Rick Dior, Steve Pederson, Scott Millan and David MacMillan",/wiki/Apollo_13_(film),True,
517,1995 (68th),Batman Forever,"Donald O. Mitchell, Frank A. Montaño, Michael Herbick and Petur Hliddal",/wiki/Batman_Forever,False,
518,1995 (68th),Braveheart,"Andy Nelson, Scott Millan, Anna Behlmer and Brian Simmons",/wiki/Braveheart,True,
519,1995 (68th),Crimson Tide,"Kevin O'Connell, Rick Kline, Gregory H. Watkins and William B. Kaplan",/wiki/Crimson_Tide_(film),False,
520,1995 (68th),Waterworld,"Steve Maslow, Gregg Landaker and Keith A. Wester",/wiki/Waterworld,False,
521,1995 (68th),Best Sound Effects Editing,Best Sound Effects Editing,,False,Best Sound Effects Editing
522,1995 (68th),Braveheart,Lon Bender and Per Hallberg,/wiki/Braveheart,True,
523,1995 (68th),Batman Forever,John Leveque and Bruce Stambler,/wiki/Batman_Forever,False,
524,1995 (68th),Crimson Tide,George Watters II,/wiki/Crimson_Tide_(film),False,
525,1996 (69th),Best Sound,Best Sound,,False,Best Sound
526,1996 (69th),The English Patient,"Walter Murch, Mark Berger, David Parker and Chris Newman",/wiki/The_English_Patient_(film),True,
527,1996 (69th),Evita,"Andy Nelson, Anna Behlmer and Ken Weston",/wiki/Evita_(1996_film),False,
528,1996 (69th),Independence Day,"Chris Carpenter, Bill W. Benton, Bob Beemer and Jeff Wexler",/wiki/Independence_Day_(1996_film),False,
529,1996 (69th),The Rock,"Kevin O'Connell, Greg P. Russell and Keith A. Wester",/wiki/The_Rock_(film),False,
530,1996 (69th),Twister,"Steve Maslow, Gregg Landaker, Kevin O'Connell and Geoffrey Patterson",/wiki/Twister_(1996_film),False,
531,1996 (69th),Best Sound Effects Editing,Best Sound Effects Editing,,False,Best Sound Effects Editing
532,1996 (69th),The Ghost and the Darkness,Bruce Stambler,/wiki/The_Ghost_and_the_Darkness,True,
533,1996 (69th),Daylight,Richard Anderson and David A. Whittaker,/wiki/Daylight_(1996_film),False,
534,1996 (69th),Eraser,Alan Robert Murray and Bub Asman,/wiki/Eraser_(film),False,
535,1997 (70th),Best Sound,Best Sound,,False,Best Sound
536,1997 (70th),Titanic,"Gary Rydstrom, Tom Johnson, Gary Summers and Mark Ulano",/wiki/Titanic_(1997_film),True,
537,1997 (70th),Air Force One,"Paul Massey, Rick Kline, Doug Hemphill and Keith A. Wester",/wiki/Air_Force_One_(film),False,
538,1997 (70th),Con Air,"Kevin O'Connell, Greg P. Russell and Art Rochester",/wiki/Con_Air,False,
539,1997 (70th),Contact,"Randy Thom, Tom Johnson, Dennis S. Sands and William B. Kaplan",/wiki/Contact_(1997_American_film),False,
540,1997 (70th),L.A. Confidential,"Andy Nelson, Anna Behlmer and Kirk Francis",/wiki/L.A._Confidential_(film),False,
541,1997 (70th),Best Sound Effects Editing,Best Sound Effects Editing,,False,Best Sound Effects Editing
542,1997 (70th),Titanic,Tom Bellfort and Christopher Boyes,/wiki/Titanic_(1997_film),True,
543,1997 (70th),Face/Off,Mark Stoeckinger and Per Hallberg,/wiki/Face/Off,False,
544,1997 (70th),The Fifth Element,Mark Mangini,/wiki/The_Fifth_Element,False,
545,1998 (71st),Best Sound,Best Sound,,False,Best Sound
546,1998 (71st),Saving Private Ryan,"Gary Rydstrom, Gary Summers, Andy Nelson and Ron Judkins",/wiki/Saving_Private_Ryan,True,
547,1998 (71st),Armageddon,"Kevin O'Connell, Greg P. Russell and Keith A. Wester",/wiki/Armageddon_(1998_film),False,
548,1998 (71st),The Mask of Zorro,"Kevin O'Connell, Greg P. Russell and Pud Cusack",/wiki/The_Mask_of_Zorro,False,
549,1998 (71st),Shakespeare in Love,"Robin O'Donoghue, Dominic Lester and Peter Glossop",/wiki/Shakespeare_in_Love,False,
550,1998 (71st),The Thin Red Line,"Andy Nelson, Anna Behlmer and Paul Brincat",/wiki/The_Thin_Red_Line_(1998_film),False,
551,1998 (71st),Best Sound Effects Editing,Best Sound Effects Editing,,False,Best Sound Effects Editing
552,1998 (71st),Saving Private Ryan,Gary Rydstrom and Richard Hymns,/wiki/Saving_Private_Ryan,True,
553,1998 (71st),Armageddon,George Watters II,/wiki/Armageddon_(1998_film),False,
554,1998 (71st),The Mask of Zorro,David McMoyler,/wiki/The_Mask_of_Zorro,False,
555,1999 (72nd),Best Sound,Best Sound,,False,Best Sound
556,1999 (72nd),The Matrix,"John T. Reitz, Gregg Rudloff, David E. Campbell and David Lee",/wiki/The_Matrix,True,
557,1999 (72nd),The Green Mile,"Robert J. Litt, Elliot Tyson, Michael Herbick and Willie D. Burton",/wiki/The_Green_Mile_(film),False,
558,1999 (72nd),The Insider,"Andy Nelson, Doug Hemphill and Lee Orloff",/wiki/The_Insider_(film),False,
559,1999 (72nd),The Mummy,"Leslie Shatz, Chris Carpenter, Rick Kline and Chris Munro",/wiki/The_Mummy_(1999_film),False,
560,1999 (72nd),Star Wars: Episode I – The Phantom Menace,"Gary Rydstrom, Tom Johnson, Shawn Murphy and John Midgley",/wiki/Star_Wars:_Episode_I_%E2%80%93_The_Phantom_Menace,False,
561,1999 (72nd),Best Sound Effects Editing,Best Sound Effects Editing,,False,Best Sound Effects Editing
562,1999 (72nd),The Matrix,Dane Davis,/wiki/The_Matrix,True,
563,1999 (72nd),Fight Club,Ren Klyce and Richard Hymns,/wiki/Fight_Club,False,
564,1999 (72nd),Star Wars: Episode I – The Phantom Menace,Ben Burtt and Tom Bellfort,/wiki/Star_Wars:_Episode_I_%E2%80%93_The_Phantom_Menace,False,
565,2000 (73rd),Best Sound,Best Sound,,False,Best Sound
566,2000 (73rd),Gladiator,"Scott Millan, Bob Beemer and Ken Weston",/wiki/Gladiator_(2000_film),True,
567,2000 (73rd),Cast Away,"Randy Thom, Tom Johnson, Dennis S. Sands and William B. Kaplan",/wiki/Cast_Away,False,
568,2000 (73rd),The Patriot,"Kevin O'Connell, Greg P. Russell and Lee Orloff",/wiki/The_Patriot_(2000_film),False,
569,2000 (73rd),The Perfect Storm,"John T. Reitz, Gregg Rudloff, David E. Campbell and Keith A. Wester",/wiki/The_Perfect_Storm_(film),False,
570,2000 (73rd),U-571,"Steve Maslow, Gregg Landaker, Rick Kline and Ivan Sharrock",/wiki/U-571_(film),True,
571,2000 (73rd),Best Sound Editing,Best Sound Editing,,False,Best Sound Editing
572,2000 (73rd),U-571,Jon Johnson,/wiki/U-571_(film),True,
573,2000 (73rd),Space Cowboys,Bub Asman and Alan Robert Murray,/wiki/Space_Cowboys,False,
574,2001 (74th),Best Sound,Best Sound,,False,Best Sound
575,2001 (74th),Black Hawk Down,"Michael Minkler, Myron Nettinga and Chris Munro",/wiki/Black_Hawk_Down_(film),True,
576,2001 (74th),Amélie,"Vincent Arnardi, Guillaume Leriche and Jean Umansky",/wiki/Am%C3%A9lie,False,
577,2001 (74th),The Lord of the Rings: The Fellowship of the Ring,"Christopher Boyes, Michael Semanick, Gethin Creagh and Hammond Peek",/wiki/The_Lord_of_the_Rings:_The_Fellowship_of_the_Ring,False,
578,2001 (74th),Moulin Rouge!,"Andy Nelson, Anna Behlmer, Roger Savage and Guntis Sics",/wiki/Moulin_Rouge!,False,
579,2001 (74th),Pearl Harbor,"Kevin O'Connell, Greg P. Russell and Peter J. Devlin",/wiki/Pearl_Harbor_(film),True,
580,2001 (74th),Best Sound Editing,Best Sound Editing,,False,Best Sound Editing
581,2001 (74th),Pearl Harbor,George Watters II and Christopher Boyes,/wiki/Pearl_Harbor_(film),True,
582,2001 (74th),"Monsters, Inc.",Gary Rydstrom and Michael Silvers,"/wiki/Monsters,_Inc.",False,
583,2002 (75th),Best Sound,Best Sound,,False,Best Sound
584,2002 (75th),Chicago,"Michael Minkler, Dominick Tavella and David Lee",/wiki/Chicago_(2002_film),True,
585,2002 (75th),Gangs of New York,"Tom Fleischman, Eugene Gearty and Ivan Sharrock",/wiki/Gangs_of_New_York,False,
586,2002 (75th),The Lord of the Rings: The Two Towers,"Christopher Boyes, Michael Semanick, Michael Hedges and Hammond Peek",/wiki/The_Lord_of_the_Rings:_The_Two_Towers,True,
587,2002 (75th),Road to Perdition,"Scott Millan, Bob Beemer and John Pritchett",/wiki/Road_to_Perdition,False,
588,2002 (75th),Spider-Man,"Kevin O'Connell, Greg P. Russell and Ed Novick",/wiki/Spider-Man_(2002_film),False,
589,2002 (75th),Best Sound Editing,Best Sound Editing,,False,Best Sound Editing
590,2002 (75th),The Lord of the Rings: The Two Towers,Mike Hopkins and Ethan Van der Ryn,/wiki/The_Lord_of_the_Rings:_The_Two_Towers,True,
591,2002 (75th),Minority Report,Richard Hymns and Gary Rydstrom,/wiki/Minority_Report_(film),False,
592,2002 (75th),Road to Perdition,Scott Hecker,/wiki/Road_to_Perdition,False,
593,2003 (76th),Best Sound Mixing,Best Sound Mixing,,False,Best Sound Mixing
594,2003 (76th),The Lord of the Rings: The Return of the King,"Christopher Boyes, Michael Semanick, Michael Hedges and Hammond Peek",/wiki/The_Lord_of_the_Rings:_The_Return_of_the_King,True,
595,2003 (76th),The Last Samurai,"Andy Nelson, Anna Behlmer and Jeff Wexler",/wiki/The_Last_Samurai,False,
596,2003 (76th),Master and Commander: The Far Side of the World,"Paul Massey, Doug Hemphill and Art Rochester",/wiki/Master_and_Commander:_The_Far_Side_of_the_World,True,
597,2003 (76th),Pirates of the Caribbean: The Curse of the Black Pearl,"Christopher Boyes, David Parker, David E. Campbell and Lee Orloff",/wiki/Pirates_of_the_Caribbean:_The_Curse_of_the_Black_Pearl,False,
598,2003 (76th),Seabiscuit,"Andy Nelson, Anna Behlmer and Tod A. Maitland",/wiki/Seabiscuit_(film),False,
599,2003 (76th),Best Sound Editing,Best Sound Editing,,False,Best Sound Editing
600,2003 (76th),Master and Commander: The Far Side of the World,Richard King,/wiki/Master_and_Commander:_The_Far_Side_of_the_World,True,
601,2003 (76th),Finding Nemo,Gary Rydstrom and Michael Silvers,/wiki/Finding_Nemo,False,
602,2003 (76th),Pirates of the Caribbean: The Curse of the Black Pearl,Christopher Boyes and George Watters II,/wiki/Pirates_of_the_Caribbean:_The_Curse_of_the_Black_Pearl,False,
603,2004 (77th),Best Sound Mixing,Best Sound Mixing,,False,Best Sound Mixing
604,2004 (77th),Ray,"Scott Millan, Greg Orloff, Bob Beemer and Steve Cantamessa",/wiki/Ray_(film),True,
605,2004 (77th),The Aviator,Tom Fleischman and Petur Hliddal,/wiki/The_Aviator_(2004_film),False,
606,2004 (77th),The Incredibles,"Randy Thom, Gary Rizzo and Doc Kane",/wiki/The_Incredibles,True,
607,2004 (77th),The Polar Express,"Randy Thom, Tom Johnson, Dennis S. Sands and William B. Kaplan",/wiki/The_Polar_Express_(film),False,
608,2004 (77th),Spider-Man 2,"Kevin O'Connell, Greg P. Russell, Jeffrey J. Haboush and Joseph Geisinger",/wiki/Spider-Man_2,False,
609,2004 (77th),Best Sound Editing,Best Sound Editing,,False,Best Sound Editing
610,2004 (77th),The Incredibles,Michael Silvers and Randy Thom,/wiki/The_Incredibles,True,
611,2004 (77th),The Polar Express,Randy Thom and Dennis Leonard,/wiki/The_Polar_Express_(film),False,
612,2004 (77th),Spider-Man 2,Paul N. J. Ottosson,/wiki/Spider-Man_2,False,
613,2005 (78th),Best Sound Mixing,Best Sound Mixing,,False,Best Sound Mixing
614,2005 (78th),King Kong,"Christopher Boyes, Michael Semanick, Michael Hedges and Hammond Peek",/wiki/King_Kong_(2005_film),True,
615,2005 (78th),"The Chronicles of Narnia: The Lion, the Witch and the Wardrobe","Terry Porter, Dean A. Zupancic and Tony Johnson","/wiki/The_Chronicles_of_Narnia:_The_Lion,_the_Witch_and_the_Wardrobe",False,
616,2005 (78th),Memoirs of a Geisha,"Kevin O'Connell, Greg P. Russell, Rick Kline and John Pritchett",/wiki/Memoirs_of_a_Geisha_(film),False,
617,2005 (78th),Walk the Line,"Paul Massey, Doug Hemphill and Peter Kurland",/wiki/Walk_the_Line,False,
618,2005 (78th),War of the Worlds,"Andy Nelson, Anna Behlmer and Ron Judkins",/wiki/War_of_the_Worlds_(2005_film),False,
619,2005 (78th),Best Sound Editing,Best Sound Editing,,False,Best Sound Editing
620,2005 (78th),King Kong,Mike Hopkins and Ethan Van der Ryn,/wiki/King_Kong_(2005_film),True,
621,2005 (78th),Memoirs of a Geisha,Wylie Stateman,/wiki/Memoirs_of_a_Geisha_(film),False,
622,2005 (78th),War of the Worlds,Richard King,/wiki/War_of_the_Worlds_(2005_film),False,
623,2006 (79th),Best Sound Mixing,Best Sound Mixing,,False,Best Sound Mixing
624,2006 (79th),Dreamgirls,"Michael Minkler, Bob Beemer and Willie D. Burton",/wiki/Dreamgirls_(film),True,
625,2006 (79th),Apocalypto,"Kevin O'Connell, Greg P. Russell and Fernando Cámara",/wiki/Apocalypto,False,
626,2006 (79th),Blood Diamond,"Andy Nelson, Anna Behlmer and Ivan Sharrock",/wiki/Blood_Diamond,False,
627,2006 (79th),Flags of Our Fathers,"John T. Reitz, David E. Campbell, Gregg Rudloff and Walt Martin",/wiki/Flags_of_Our_Fathers_(film),False,
628,2006 (79th),Pirates of the Caribbean: Dead Man's Chest,"Paul Massey, Christopher Boyes and Lee Orloff",/wiki/Pirates_of_the_Caribbean:_Dead_Man%27s_Chest,False,
629,2006 (79th),Best Sound Editing,Best Sound Editing,,False,Best Sound Editing
630,2006 (79th),Letters from Iwo Jima,Bub Asman and Alan Robert Murray,/wiki/Letters_from_Iwo_Jima,True,
631,2006 (79th),Apocalypto,Kami Asgar and Sean McCormack,/wiki/Apocalypto,False,
632,2006 (79th),Blood Diamond,Lon Bender,/wiki/Blood_Diamond,False,
633,2006 (79th),Flags of Our Fathers,Alan Robert Murray and Bub Asman,/wiki/Flags_of_Our_Fathers_(film),False,
634,2006 (79th),Pirates of the Caribbean: Dead Man's Chest,Christopher Boyes and George Watters II,/wiki/Pirates_of_the_Caribbean:_Dead_Man%27s_Chest,False,
635,2007 (80th),Best Sound Mixing,Best Sound Mixing,,False,Best Sound Mixing
636,2007 (80th),The Bourne Ultimatum,"Scott Millan, David Parker and Kirk Francis",/wiki/The_Bourne_Ultimatum_(film),True,
637,2007 (80th),No Country for Old Men,"Skip Lievsay, Craig Berkey, Greg Orloff and Peter Kurland",/wiki/No_Country_for_Old_Men,False,
638,2007 (80th),Ratatouille,"Randy Thom, Michael Semanick and Doc Kane",/wiki/Ratatouille_(film),False,
639,2007 (80th),3:10 to Yuma,"Paul Massey, David Giammarco and Jim Stuebe",/wiki/3:10_to_Yuma_(2007_film),False,
640,2007 (80th),Transformers,"Kevin O'Connell, Greg P. Russell and Peter J. Devlin",/wiki/Transformers_(film),False,
641,2007 (80th),Best Sound Editing,Best Sound Editing,,False,Best Sound Editing
642,2007 (80th),The Bourne Ultimatum,Karen Baker Landers and Per Hallberg,/wiki/The_Bourne_Ultimatum_(film),True,
643,2007 (80th),No Country for Old Men,Skip Lievsay,/wiki/No_Country_for_Old_Men,False,
644,2007 (80th),Ratatouille,Randy Thom and Michael Silvers,/wiki/Ratatouille_(film),False,
645,2007 (80th),There Will Be Blood,Christopher Scarabosio and Matthew Wood,/wiki/There_Will_Be_Blood,False,
646,2007 (80th),Transformers,Ethan Van der Ryn and Mike Hopkins,/wiki/Transformers_(film),False,
647,2008 (81st),Best Sound Mixing,Best Sound Mixing,,False,Best Sound Mixing
648,2008 (81st),Slumdog Millionaire,"Ian Tapp, Richard Pryke and Resul Pookutty",/wiki/Slumdog_Millionaire,True,
649,2008 (81st),The Curious Case of Benjamin Button,"David Parker, Michael Semanick, Ren Klyce and Mark Weingarten",/wiki/The_Curious_Case_of_Benjamin_Button_(film),False,
650,2008 (81st),The Dark Knight,"Lora Hirschberg, Gary Rizzo and Ed Novick",/wiki/The_Dark_Knight,True,
651,2008 (81st),WALL-E,"Tom Myers, Michael Semanick and Ben Burtt",/wiki/WALL-E,False,
652,2008 (81st),Wanted,"Chris Jenkins, Frank A. Montaño and Petr Forejt",/wiki/Wanted_(2008_film),False,
653,2008 (81st),Best Sound Editing,Best Sound Editing,,False,Best Sound Editing
654,2008 (81st),The Dark Knight,Richard King,/wiki/The_Dark_Knight,True,
655,2008 (81st),Iron Man,Frank E. Eulner and Christopher Boyes,/wiki/Iron_Man_(2008_film),False,
656,2008 (81st),Slumdog Millionaire,Tom Sayers and Glenn Freemantle,/wiki/Slumdog_Millionaire,True,
657,2008 (81st),WALL-E,Ben Burtt and Matthew Wood,/wiki/WALL-E,False,
658,2008 (81st),Wanted,Wylie Stateman,/wiki/Wanted_(2008_film),False,
659,2009 (82nd),Best Sound Mixing,Best Sound Mixing,,False,Best Sound Mixing
660,2009 (82nd),The Hurt Locker,Paul N. J. Ottosson and Ray Beckett,/wiki/The_Hurt_Locker,True,
661,2009 (82nd),Avatar,"Christopher Boyes, Gary Summers, Andy Nelson and Tony Johnson",/wiki/Avatar_(2009_film),False,
662,2009 (82nd),Inglourious Basterds,"Michael Minkler, Tony Lamberti and Mark Ulano",/wiki/Inglourious_Basterds,False,
663,2009 (82nd),Star Trek,"Anna Behlmer, Andy Nelson and Peter J. Devlin",/wiki/Star_Trek_(film),False,
664,2009 (82nd),Transformers: Revenge of the Fallen,"Greg P. Russell, Gary Summers and Geoffrey Patterson",/wiki/Transformers:_Revenge_of_the_Fallen,False,
665,2009 (82nd),Best Sound Editing,Best Sound Editing,,False,Best Sound Editing
666,2009 (82nd),The Hurt Locker,Paul N. J. Ottosson,/wiki/The_Hurt_Locker,True,
667,2009 (82nd),Avatar,Christopher Boyes and Gwendolyn Yates Whittle,/wiki/Avatar_(2009_film),False,
668,2009 (82nd),Inglourious Basterds,Wylie Stateman,/wiki/Inglourious_Basterds,False,
669,2009 (82nd),Star Trek,Mark Stoeckinger and Alan Rankin,/wiki/Star_Trek_(film),False,
670,2009 (82nd),Up,Michael Silvers and Tom Myers,/wiki/Up_(2009_film),False,
671,2010 (83rd),Best Sound Mixing,Best Sound Mixing,,False,Best Sound Mixing
672,2010 (83rd),Inception,"Lora Hirschberg, Gary Rizzo and Ed Novick",/wiki/Inception,True,
673,2010 (83rd),The King's Speech,"Paul Hamblin, Martin Jensen and John Midgley",/wiki/The_King%27s_Speech,False,
674,2010 (83rd),Salt,"Jeffrey J. Haboush, Greg P. Russell, Scott Millan and William Sarokin",/wiki/Salt_(2010_film),False,
675,2010 (83rd),The Social Network,"Ren Klyce, David Parker, Michael Semanick and Mark Weingarten",/wiki/The_Social_Network,False,
676,2010 (83rd),True Grit,"Skip Lievsay, Craig Berkey, Greg Orloff and Peter Kurland",/wiki/True_Grit_(2010_film),False,
677,2010 (83rd),Best Sound Editing,Best Sound Editing,,False,Best Sound Editing
678,2010 (83rd),Inception,Richard King,/wiki/Inception,True,
679,2010 (83rd),Toy Story 3,Tom Myers and Michael Silvers,/wiki/Toy_Story_3,False,
680,2010 (83rd),Tron: Legacy,Gwendolyn Yates Whittle and Addison Teague,/wiki/Tron:_Legacy,False,
681,2010 (83rd),True Grit,Skip Lievsay and Craig Berkey,/wiki/True_Grit_(2010_film),False,
682,2010 (83rd),Unstoppable,Mark P. Stoeckinger,/wiki/Unstoppable_(2010_film),False,
683,2011 (84th),Best Sound Mixing,Best Sound Mixing,,False,Best Sound Mixing
684,2011 (84th),Hugo,Tom Fleischman and John Midgley,/wiki/Hugo_(film),True,
685,2011 (84th),The Girl with the Dragon Tattoo,"David Parker, Michael Semanick, Ren Klyce and Bo Persson",/wiki/The_Girl_with_the_Dragon_Tattoo_(2011_film),False,
686,2011 (84th),Moneyball,"Deb Adair, Ron Bochar, Dave Giammarco and Ed Novick",/wiki/Moneyball_(film),False,
687,2011 (84th),Transformers: Dark of the Moon,"Greg P. Russell, Gary Summers, Jeffrey J. Haboush and Peter J. Devlin",/wiki/Transformers:_Dark_of_the_Moon,False,
688,2011 (84th),War Horse,"Gary Rydstrom, Andy Nelson, Tom Johnson and Stuart Wilson",/wiki/War_Horse_(film),False,
689,2011 (84th),Best Sound Editing,Best Sound Editing,,False,Best Sound Editing
690,2011 (84th),Hugo,Eugene Gearty and Philip Stockton,/wiki/Hugo_(film),True,
691,2011 (84th),Drive,Lon Bender and Victor Ray Ennis,/wiki/Drive_(2011_film),False,
692,2011 (84th),The Girl with the Dragon Tattoo,Ren Klyce,/wiki/The_Girl_with_the_Dragon_Tattoo_(2011_film),False,
693,2011 (84th),Transformers: Dark of the Moon,Erik Aadahl and Ethan Van der Ryn,/wiki/Transformers:_Dark_of_the_Moon,False,
694,2011 (84th),War Horse,Richard Hymns and Gary Rydstrom,/wiki/War_Horse_(film),False,
695,2012 (85th),Best Sound Mixing,Best Sound Mixing,,False,Best Sound Mixing
696,2012 (85th),Les Misérables,"Andy Nelson, Mark Paterson and Simon Hayes",/wiki/Les_Mis%C3%A9rables_(2012_film),True,
697,2012 (85th),Argo,"John Reitz, Gregg Rudloff and Jose Antonio Garcia",/wiki/Argo_(2012_film),False,
698,2012 (85th),Life of Pi,"Ron Bartlett, D.M. Hemphill and Drew Kunin",/wiki/Life_of_Pi_(film),False,
699,2012 (85th),Lincoln,"Andy Nelson, Gary Rydstrom and Ronald Judkins",/wiki/Lincoln_(film),False,
700,2012 (85th),Skyfall,"Scott Millan, Greg P. Russell and Stuart Wilson",/wiki/Skyfall,True,
701,2012 (85th),Best Sound Editing[note 3],Best Sound Editing[note 3],,False,Best Sound Editing[note 3]
702,2012 (85th),Skyfall (TIE),Per Hallberg and Karen Baker Landers,,False,
703,2012 (85th),Zero Dark Thirty (TIE),Paul N. J. Ottosson,,False,
704,2012 (85th),Argo,Erik Aadahl and Ethan Van der Ryn,/wiki/Argo_(2012_film),False,
705,2012 (85th),Django Unchained,Wylie Stateman,/wiki/Django_Unchained,False,
706,2012 (85th),Life of Pi,Eugene Gearty and Philip Stockton,/wiki/Life_of_Pi_(film),False,
707,2013 (86th),Best Sound Mixing,Best Sound Mixing,,False,Best Sound Mixing
708,2013 (86th),Gravity,"Skip Lievsay, Niv Adiri, Christopher Benstead and Chris Munro",/wiki/Gravity_(2013_film),True,
709,2013 (86th),Captain Phillips,"Chris Burdon, Mark Taylor, Mike Prestwood Smith and Chris Munro",/wiki/Captain_Phillips_(film),False,
710,2013 (86th),The Hobbit: The Desolation of Smaug,"Christopher Boyes, Michael Hedges, Michael Semanick and Tony Johnson",/wiki/The_Hobbit:_The_Desolation_of_Smaug,False,
711,2013 (86th),Inside Llewyn Davis,"Skip Lievsay, Greg Orloff and Peter Kurland",/wiki/Inside_Llewyn_Davis,False,
712,2013 (86th),Lone Survivor,"Andy Koyama, Beau Borders and David Brownlow",/wiki/Lone_Survivor,False,
713,2013 (86th),Best Sound Editing,Best Sound Editing,,False,Best Sound Editing
714,2013 (86th),Gravity,Glenn Freemantle,/wiki/Gravity_(2013_film),True,
715,2013 (86th),All Is Lost,Steve Boeddeker and Richard Hymns,/wiki/All_Is_Lost,False,
716,2013 (86th),Captain Phillips,Oliver Tarney,/wiki/Captain_Phillips_(film),False,
717,2013 (86th),The Hobbit: The Desolation of Smaug,Brent Burge and Chris Ward,/wiki/The_Hobbit:_The_Desolation_of_Smaug,False,
718,2013 (86th),Lone Survivor,Wylie Stateman,/wiki/Lone_Survivor,False,
719,2014 (87th),Best Sound Mixing,Best Sound Mixing,,False,Best Sound Mixing
720,2014 (87th),Whiplash,"Craig Mann, Ben Wilkins and Thomas Curley",/wiki/Whiplash_(2014_film),True,
721,2014 (87th),American Sniper,"John Reitz, Gregg Rudloff and Walt Martin (posthumously)",/wiki/American_Sniper,True,
722,2014 (87th),Birdman or (The Unexpected Virtue of Ignorance),"Jon Taylor, Frank A. Montaño and Thomas Varga",/wiki/Birdman_(film),False,
723,2014 (87th),Interstellar,"Gary A. Rizzo, Gregg Landaker and Mark Weingarten",/wiki/Interstellar_(film),False,
724,2014 (87th),Unbroken,"Jon Taylor, Frank A. Montaño and David Lee",/wiki/Unbroken_(film),False,
725,2014 (87th),Best Sound Editing,Best Sound Editing,,False,Best Sound Editing
726,2014 (87th),American Sniper,Alan Robert Murray and Bub Asman,/wiki/American_Sniper,True,
727,2014 (87th),Birdman or (The Unexpected Virtue of Ignorance),Martin Hernández and Aaron Glascock,/wiki/Birdman_(film),False,
728,2014 (87th),The Hobbit: The Battle of the Five Armies,Brent Burge and Jason Canovas,/wiki/The_Hobbit:_The_Battle_of_the_Five_Armies,False,
729,2014 (87th),Interstellar,Richard King,/wiki/Interstellar_(film),False,
730,2014 (87th),Unbroken,Becky Sullivan and Andrew DeCristofaro,/wiki/Unbroken_(film),False,
731,2015 (88th),Best Sound Mixing,Best Sound Mixing,,False,Best Sound Mixing
732,2015 (88th),Mad Max: Fury Road,"Chris Jenkins, Gregg Rudloff and Ben Osmo",/wiki/Mad_Max:_Fury_Road,True,
733,2015 (88th),Bridge of Spies,"Andy Nelson, Gary Rydstrom and Drew Kunin",/wiki/Bridge_of_Spies_(film),False,
734,2015 (88th),The Martian,"Paul Massey, Mark Taylor and Mac Ruth",/wiki/The_Martian_(film),False,
735,2015 (88th),The Revenant,"Jon Taylor, Frank A. Montaño, Randy Thom and Chris Duesterdiek",/wiki/The_Revenant_(2015_film),False,
736,2015 (88th),Star Wars: The Force Awakens,"Andy Nelson, Christopher Scarabosio and Stuart Wilson",/wiki/Star_Wars:_The_Force_Awakens,False,
737,2015 (88th),Best Sound Editing,Best Sound Editing,,False,Best Sound Editing
738,2015 (88th),Mad Max: Fury Road,Mark Mangini and David White,/wiki/Mad_Max:_Fury_Road,True,
739,2015 (88th),The Martian,Oliver Tarney,/wiki/The_Martian_(film),False,
740,2015 (88th),The Revenant,Martin Hernández and Lon Bender,/wiki/The_Revenant_(2015_film),False,
741,2015 (88th),Sicario,Alan Robert Murray,/wiki/Sicario_(2015_film),False,
742,2015 (88th),Star Wars: The Force Awakens,Matthew Wood and David Acord,/wiki/Star_Wars:_The_Force_Awakens,False,
743,2016 (89th) [3],Best Sound Mixing,Best Sound Mixing,,False,Best Sound Mixing
744,2016 (89th) [3],Hacksaw Ridge,"Kevin O'Connell, Andy Wright, Robert Mackenzie and Peter Grace",/wiki/Hacksaw_Ridge,True,
745,2016 (89th) [3],Arrival,Bernard Gariépy Strobl and Claude La Haye,/wiki/Arrival_(film),True,
746,2016 (89th) [3],La La Land,"Andy Nelson, Ai-Ling Lee and Steven A. Morrow",/wiki/La_La_Land,False,
747,2016 (89th) [3],Rogue One: A Star Wars Story,"David Parker, Christopher Scarabosio and Stuart Wilson",/wiki/Rogue_One,False,
748,2016 (89th) [3],13 Hours: The Secret Soldiers of Benghazi,"Gary Summers, Jeffrey J. Haboush and Mac Ruth[note 4][4]",/wiki/13_Hours:_The_Secret_Soldiers_of_Benghazi,False,
749,2016 (89th) [3],Best Sound Editing[5],Best Sound Editing[5],,False,Best Sound Editing[5]
750,2016 (89th) [3],Arrival,Sylvain Bellemare,/wiki/Arrival_(film),True,
751,2016 (89th) [3],Deepwater Horizon,Wylie Stateman and Renée Tondelli,/wiki/Deepwater_Horizon_(film),False,
752,2016 (89th) [3],Hacksaw Ridge,Robert Mackenzie and Andy Wright,/wiki/Hacksaw_Ridge,True,
753,2016 (89th) [3],La La Land,Ai-Ling Lee and Mildred Iatrou Morgan,/wiki/La_La_Land,False,
754,2016 (89th) [3],Sully,Alan Robert Murray and Bub Asman,/wiki/Sully_(film),False,
755,2017 (90th),Best Sound Mixing,Best Sound Mixing,,False,Best Sound Mixing
756,2017 (90th),Dunkirk,"Gregg Landaker, Gary Rizzo and Mark Weingarten",/wiki/Dunkirk_(2017_film),True,
757,2017 (90th),Baby Driver,"Julian Slater, Tim Cavagin and Mary H. Ellis",/wiki/Baby_Driver,False,
758,2017 (90th),Blade Runner 2049,"Ron Bartlett, Doug Hemphill and Mac Ruth",/wiki/Blade_Runner_2049,False,
759,2017 (90th),The Shape of Water,"Christian Cooke, Brad Zoern and Glen Gauthier",/wiki/The_Shape_of_Water,False,
760,2017 (90th),Star Wars: The Last Jedi,"David Parker, Michael Semanick, Ren Klyce and Stuart Wilson",/wiki/Star_Wars:_The_Last_Jedi,False,
761,2017 (90th),Best Sound Editing,Best Sound Editing,,False,Best Sound Editing
762,2017 (90th),Dunkirk,Richard King and Alex Gibson,/wiki/Dunkirk_(2017_film),True,
763,2017 (90th),Baby Driver,Julian Slater,/wiki/Baby_Driver,False,
764,2017 (90th),Blade Runner 2049,Mark Mangini and Theo Green,/wiki/Blade_Runner_2049,False,
765,2017 (90th),The Shape of Water,Nathan Robitaille and Nelson Ferreira,/wiki/The_Shape_of_Water,False,
766,2017 (90th),Star Wars: The Last Jedi,Matthew Wood and Ren Klyce,/wiki/Star_Wars:_The_Last_Jedi,False,
767,2018 (91st),Best Sound Mixing,Best Sound Mixing,,False,Best Sound Mixing
768,2018 (91st),Bohemian Rhapsody,"Paul Massey, Tim Cavagin and John Casali",/wiki/Bohemian_Rhapsody_(film),True,
769,2018 (91st),Black Panther,"Steve Boeddeker, Brandon Proctor and Peter J. Devlin",/wiki/Black_Panther_(film),False,
770,2018 (91st),First Man,"Jon Taylor, Frank A. Montaño, Ai-Ling Lee and Mary H. Ellis",/wiki/First_Man_(film),False,
771,2018 (91st),Roma,"Skip Lievsay, Craig Henighan and José Antonio Garcia",/wiki/Roma_(2018_film),False,
772,2018 (91st),A Star Is Born,"Tom Ozanich, Dean Zupancic, Jason Ruder and Steve Morrow",/wiki/A_Star_Is_Born_(2018_film),False,
773,2018 (91st),Best Sound Editing,Best Sound Editing,,False,Best Sound Editing
774,2018 (91st),Bohemian Rhapsody,John Warhurst and Nina Hartstone,/wiki/Bohemian_Rhapsody_(film),True,
775,2018 (91st),Black Panther,Benjamin A. Burtt and Steve Boeddeker,/wiki/Black_Panther_(film),False,
776,2018 (91st),First Man,Ai-Ling Lee and Mildred Iatrou Morgan,/wiki/First_Man_(film),False,
777,2018 (91st),A Quiet Place,Ethan Van der Ryn and Erik Aadahl,/wiki/A_Quiet_Place_(film),False,
778,2018 (91st),Roma,Sergio Díaz and Skip Lievsay,/wiki/Roma_(2018_film),False,
779,2019 (92nd),Best Sound Mixing,Best Sound Mixing,,False,Best Sound Mixing
780,2019 (92nd),1917,Mark Taylor and Stuart Wilson,/wiki/1917_(2019_film),True,
781,2019 (92nd),Ad Astra,"Gary Rydstrom, Tom Johnson and Mark Ulano",/wiki/Ad_Astra_(film),False,
782,2019 (92nd),Ford v Ferrari,"Paul Massey, David Giammarco and Steven A. Morrow",/wiki/Ford_v_Ferrari,True,
783,2019 (92nd),Joker,"Tom Ozanich, Dean Zupancic and Tod Maitland",/wiki/Joker_(2019_film),False,
784,2019 (92nd),Once Upon a Time in Hollywood,"Michael Minkler, Christian P. Minkler and Mark Ulano",/wiki/Once_Upon_a_Time_in_Hollywood,False,
785,2019 (92nd),Best Sound Editing,Best Sound Editing,,False,Best Sound Editing
786,2019 (92nd),Ford v Ferrari,Donald Sylvester,/wiki/Ford_v_Ferrari,True,
787,2019 (92nd),Joker,Alan Robert Murray,/wiki/Joker_(2019_film),False,
788,2019 (92nd),1917,Oliver Tarney and Rachael Tate,/wiki/1917_(2019_film),True,
789,2019 (92nd),Once Upon a Time in Hollywood,Wylie Stateman,/wiki/Once_Upon_a_Time_in_Hollywood,False,
790,2019 (92nd),Star Wars: The Rise of Skywalker,Matthew Wood and David Acord,/wiki/Star_Wars:_The_Rise_of_Skywalker,False,
791,2020/21 (93rd),,,,False,
792,2020/21 (93rd),Sound of Metal,"Nicolas Becker, Jaime Baksht, Michelle Couttolenc, Carlos Cortés Navarrete and Phillip Bladh",/wiki/Sound_of_Metal,True,
793,2020/21 (93rd),Greyhound,"Warren Shaw, Michael Minkler, Beau Borders and David Wyman",/wiki/Greyhound_(film),False,
794,2020/21 (93rd),Mank,"Ren Klyce, Jeremy Molod, David Parker, Nathan Nance and Drew Kunin",/wiki/Mank,False,
795,2020/21 (93rd),News of the World,"Oliver Tarney, Mike Prestwood Smith, William Miller and John Pritchett",/wiki/News_of_the_World_(film),False,
796,2020/21 (93rd),Soul,"Ren Klyce, Coya Elliott and David Parker",/wiki/Soul_(2020_film),False,
797,2021 (94th),,,,False,
798,2021 (94th),Dune,"Mac Ruth, Mark Mangini, Theo Green, Doug Hemphill and Ron Bartlett",/wiki/Dune_(2021_film),True,
799,2021 (94th),Belfast,"Denise Yarde, Simon Chase, James Mather and Niv Adiri",/wiki/Belfast_(film),False,
800,2021 (94th),No Time to Die,"Simon Hayes, Oliver Tarney, James Harrison, Paul Massey and Mark Taylor",/wiki/No_Time_to_Die,False,
801,2021 (94th),The Power of the Dog,"Richard Flynn, Robert Mackenzie and Tara Webb",/wiki/The_Power_of_the_Dog_(film),False,
802,2021 (94th),West Side Story,"Tod A. Maitland, Gary Rydstrom, Brian Chumney, Andy Nelson and Shawn Murphy",/wiki/West_Side_Story_(2021_film),False,
803,2022 (95th),,,,False,
804,2022 (95th),Top Gun: Maverick,"Mark Weingarten, James H. Mather, Al Nelson, Chris Burdon and Mark Taylor",/wiki/Top_Gun:_Maverick,True,
805,2022 (95th),All Quiet on the Western Front,"Viktor Prášil, Frank Kruse, Markus Stemler, Lars Ginzel and Stefan Korte",/wiki/All_Quiet_on_the_Western_Front_(2022_film),False,
806,2022 (95th),Avatar: The Way of Water,"Julian Howarth, Gwendolyn Yates Whittle, Dick Bernstein, Christopher Boyes, Gary Summers and Michael Hedges",/wiki/Avatar:_The_Way_of_Water,False,
807,2022 (95th),The Batman,"Stuart Wilson, William Files, Douglas Murray and Andy Nelson",/wiki/The_Batman_(film),False,
808,2022 (95th),Elvis,"David Lee, Wayne Pashley, Andy Nelson and Michael Keller",/wiki/Elvis_(2022_film),False,
809,2023 (96th),,,,False,
810,2023 (96th),The Creator,"Ian Voigt, Erik Aadahl, Ethan Van der Ryn, Tom Ozanich and Dean Zupancic",/wiki/The_Creator_(2023_film),False,
811,2023 (96th),Maestro,"Steven A. Morrow, Richard King, Jason Ruder, Tom Ozanich and Dean Zupancic",/wiki/Maestro_(2023_film),False,
812,2023 (96th),Mission: Impossible – Dead Reckoning Part One,"Chris Munro, James H. Mather, Chris Burdon and Mark Taylor",/wiki/Mission:_Impossible_%E2%80%93_Dead_Reckoning_Part_One,False,
813,2023 (96th),Oppenheimer,"Willie D. Burton, Richard King, Gary A. Rizzo and Kevin O'Connell",/wiki/Oppenheimer_(2023_film),False,
814,2023 (96th),The Zone of Interest,Tarn Willers and Johnnie Burn,/wiki/The_Zone_of_Interest_(film),False,
